Feature_0,Feature_1,Feature_2,Feature_3,Feature_4,Feature_5,Feature_6,Feature_7,TrueLabel,PredictedLabel
-1.117389734515272,-1.2155291879036545,-0.9625967188313492,-0.959784521565114,-0.5639161376334499,-0.9383572937630836,-0.8951267278373299,-1.0011249809389664,1,1
-1.2356265361008092,-1.0201377795848403,-0.9625967188313492,-0.9986734067202304,-0.937193414959176,-1.2125077790671976,-0.8951267278373299,-0.9037215166943726,1,1
0.8335174916460897,0.8165414586120134,1.1298088933757942,0.9068819658804684,0.9684853166511096,1.078606990974326,1.0999907239974052,1.0248670753485862,2,0
0.6955745564629631,1.0900894302583533,1.0124777375510945,1.3929930303194222,1.066716179105248,0.8044565056702122,0.8065910987275912,1.297596775233449,2,0
0.5576316212798365,1.031472007762709,0.836481003814045,0.6541042123722125,1.0274238341235926,0.8240386831919346,0.7870311237096036,0.9859056896507488,2,0
0.8926358924388582,0.6406891911250806,1.0320329301885445,1.3929930303194222,1.2238855590318696,0.8632030382353795,0.7870311237096036,1.044347768197505,2,0
-0.6444425281731239,-1.1764509062398918,-1.0408174893811488,-0.979228964142672,-0.9568395874500036,-1.0558503588934185,-0.9146867028553176,-1.0011249809389664,1,1
0.8926358924388582,1.1487068527539976,0.8951465817263948,1.373548587741864,1.4007011114493186,1.1373535235394934,0.9043909738175292,0.8495408397083172,2,0
-0.9006222649417875,-1.0787552020804847,-0.982151911468799,-0.979228964142672,-1.2122398298307635,-1.0754325364151407,-1.227646303143119,-0.8063180524497787,1,1
0.9123420260364477,0.9923937260989462,1.0515881228259942,0.8096597529926777,1.125654696577731,1.0590248134526037,1.0413107989434425,0.8495408397083172,2,0
1.0305788276219847,0.8165414586120134,1.0515881228259942,1.1402152768111662,1.0470700066144203,0.5498881978878206,1.1977905990873432,1.0833091538953423,2,0
-1.0976836009176827,-0.8638246529297889,-0.982151911468799,-0.979228964142672,-1.251532174812419,-0.5075493882851904,-0.9733666279092804,-1.040086366636804,1,1
1.0305788276219847,1.1291677119221162,0.6800394627144455,0.8291041955702358,0.8506082817061434,0.7848743281484898,1.021750823925455,1.0638284610464237,2,0
-1.2947449368935775,-1.43045973705435,-1.2168142231181982,-0.7847845383670906,-1.055070449904142,-0.9579394712848062,-0.8560067778013548,-1.0985284451835604,1,1
0.8532236252436791,0.8751588811076577,1.0124777375510945,0.8096597529926777,1.1060085240869033,0.7065456180616001,1.0999907239974052,0.8495408397083172,2,0
-1.1568020017104512,-1.098294342912366,-1.0994830672934983,-0.8625623086773232,-0.6817931725784161,-0.58587809837208,-0.9342466778733052,-0.94268290239221,1,1
-0.9400345321369664,-0.9810594979210776,-0.982151911468799,-0.5125623422812765,-0.9175472424683484,-0.8012820511110268,-0.8755667528193424,-1.1959319094281542,1,1
0.5182193540846575,0.9142371627714204,1.208029663925594,1.1985486045438407,0.8506082817061434,1.117771346017771,0.9043909738175292,0.8300601468593984,2,0
-1.1568020017104512,-0.961520357089196,-1.0603726820185988,-1.2320067176509282,-0.9764857599408314,-1.134179068980308,-1.2080863281251315,-1.137489830881398,1,1
0.6758684228653735,1.168245993585879,1.0906985081008942,0.7902153104151196,0.7720235917428327,0.8827852157571019,0.8457110487635664,1.219674003837774,2,0
-0.9991529329297352,-0.8052072304341447,-1.0603726820185988,-0.6486734403241836,-0.9175472424683484,-1.0950147139368631,-0.8951267278373299,-0.94268290239221,1,1
-0.8612099977466084,-0.961520357089196,-1.0017071041062489,-0.8042289809446488,-1.192593657339936,-0.5271315658069128,-1.0711665029992183,-0.8842408238454538,1,1
-0.8612099977466084,-0.7661289487703818,-0.9234863335564492,-0.9986734067202304,-1.0354242774133144,-1.2125077790671976,-0.9733666279092804,-1.118009138032479,1,1
1.2473462971954694,0.7774631769482505,0.8169258111765951,0.8291041955702358,1.0274238341235926,1.0198604584091588,0.9435109238535044,0.9859056896507488,2,0
1.1291094956099323,1.1096285710902347,0.9733673522761944,0.7902153104151196,0.9684853166511096,1.215682233626383,0.9435109238535044,1.0638284610464237,2,0
1.0699910948171638,1.168245993585879,0.6800394627144455,1.081881949078492,1.3024702489951805,1.1569357010612158,0.9239509488355168,1.0053863824996674,2,0
-1.0976836009176827,-1.332764032894943,-0.9625967188313492,-1.2320067176509282,-0.8193163800142099,-1.0166860038499734,-0.797326852747392,-0.94268290239221,1,1
0.8335174916460897,0.9533154444351832,0.8951465817263948,0.7902153104151196,1.322116421486008,1.294010943713273,1.021750823925455,0.8495408397083172,2,0
-0.9006222649417875,-1.3523031737268243,-1.295034993667998,-1.1542289473406957,-0.8586087249958653,-0.9187751162413612,-0.797326852747392,-1.0206056737878852,1,1
0.7546929572557316,1.305019979409049,0.8169258111765951,1.2179930471213989,1.0470700066144203,1.0002782808874364,1.1391106740333805,1.0638284610464237,2,0
-0.8020915969538399,-1.1373726245761289,-0.6888240219070499,-1.1736733899182537,-1.0747166223949698,-0.4683850332417455,-0.6799670026394664,-0.9037215166943726,1,1
1.0108726940243953,0.9142371627714204,0.7778154259016952,0.965215293613143,1.3024702489951805,1.1373535235394934,0.7870311237096036,1.0833091538953423,2,0
-0.7626793297586609,-1.098294342912366,-1.0017071041062489,-0.9403400789875558,-0.7407316900508991,-1.0558503588934185,-0.5821671275495284,-1.2348932951259917,1,1
-1.0188590665273245,-0.961520357089196,-1.3537005715803478,-1.21256227507337,-1.1336551398674528,-1.3495830217192546,-1.0711665029992183,-1.0206056737878852,1,1
-0.920328398539377,-1.0396769204167218,-1.0017071041062489,-1.095895619608021,-1.0747166223949698,-0.9187751162413612,-1.0124865779452557,-1.215412602277073,1,1
1.1291094956099323,1.3636374019046933,0.9342569670012948,0.8096597529926777,0.8899006266877989,0.980696103365714,1.1195506990153927,1.0638284610464237,2,0
-0.8612099977466084,-0.9029029345935518,-0.8452655630066495,-1.2903400453836025,-1.0747166223949698,-0.7425355185458594,-1.090726478017206,-1.0595670594857227,1,1
-1.2159204025032198,-0.7075115262747376,-0.8648207556440994,-0.7458956532119744,-0.7800240350325546,-1.3495830217192546,-0.9146867028553176,-0.9816442880900476,1,1
-0.7232670625634819,-1.0396769204167218,-0.6301584439947002,-0.5514512274363929,-1.1729474848491084,-1.1537612465020304,-0.9538066528912928,-0.7089145882051848,1,1
1.109403362012343,0.7579240361163692,1.1298088933757942,0.8874375233029104,1.1453008690685589,1.117771346017771,0.865271023781554,1.0833091538953423,2,0
1.0305788276219847,1.168245993585879,1.149364086013244,1.0041041787682592,1.066716179105248,1.0981891684960483,0.8848309987995415,0.7716180683126421,2,0
0.9911665604268056,1.070550289426472,1.1102537007383442,0.8291041955702358,0.7130850742703496,1.1569357010612158,1.0021908489074671,1.4534423180247993,2,0
1.0896972284147532,1.2854808385771677,1.0515881228259942,0.848548638147794,1.4989319739034572,0.6869634405398777,0.9826308738894796,1.3365581609312869,2,0
-1.0188590665273245,-1.1764509062398918,-1.1972590304807482,-0.7458956532119744,-0.8979010699775206,-0.8600285836761941,-1.0516065279812308,-0.864760130996535,1,1
-0.959740665734556,-1.2936857512311803,-1.0994830672934983,-1.3681178156938352,-1.0943627948857977,-0.6250424534155249,-1.0516065279812308,-0.864760130996535,1,1
-0.920328398539377,-1.0201377795848403,-0.8648207556440994,-0.979228964142672,-1.0157781049224868,-0.9187751162413612,-0.9538066528912928,-0.8257987452986975,1,1
-1.117389734515272,-1.2546074695674174,-1.0212622967436988,-1.0570067344529048,-1.192593657339936,-1.3104186666758098,-1.1494064030711688,-0.9232022095432914,1,1
0.7152806900605525,1.2659416977452862,1.0711433154634442,0.965215293613143,0.6737927292886943,1.3723396538001629,0.8457110487635664,1.12227053959318,2,0
-1.0385652001249142,-0.8247463712660261,-1.2363694157556482,-0.959784521565114,-1.1140089673766251,-1.0166860038499734,-0.8951267278373299,-1.0790477523346416,1,1
0.9517542932316267,0.7188457544526063,0.7778154259016952,0.7707708678375614,0.5755618668345559,1.215682233626383,0.6892312486196656,1.219674003837774,2,0
0.7743990908533211,1.0119328669308276,0.8951465817263948,0.8679930807253522,0.6541465567978666,1.0198604584091588,0.9826308738894796,1.1417512324420989,2,0
-0.8612099977466084,-0.9224420754254332,-0.982151911468799,-0.7458956532119744,-0.8389625525050376,-1.0754325364151407,-1.0320465529632432,-0.4361848883203219,1,1
-0.959740665734556,-1.0787552020804847,-1.0994830672934983,-1.1153400621855791,-0.8193163800142099,-1.134179068980308,-0.8560067778013548,-1.0790477523346416,1,1
-0.9794467993321456,-1.0005986387529588,-0.8061551777317496,-0.9208956364099976,-1.2318860023215914,-1.2125077790671976,-0.8168868277653796,-0.7089145882051848,1,1
1.0699910948171638,0.7383848952844877,1.0320329301885445,1.237437489698957,0.9684853166511096,0.9023673932788244,0.8848309987995415,1.2586353895356115,2,0
1.0699910948171638,1.0119328669308276,0.9733673522761944,1.10132639165605,0.8702544541969711,0.5303060203660982,0.9826308738894796,0.8105794540104797,2,0
0.9517542932316267,1.2659416977452862,1.0906985081008942,0.9457708510355848,0.7523774192520051,1.3723396538001629,0.8261510737455787,0.8885022254061548,2,0
-0.841503864149019,-1.2155291879036545,-0.5323824808074505,-0.6292289977466254,-1.0747166223949698,-0.722953341024137,-1.188526353107144,-1.3517774522195043,1,1
-1.077977467320093,-1.098294342912366,-0.982151911468799,-1.2903400453836025,-1.3890553822482128,-0.7425355185458594,-1.090726478017206,-0.9232022095432914,1,1
0.6955745564629631,0.797002317780132,0.9929225449136444,0.9457708510355848,0.8899006266877989,1.1961000561046606,0.963070898871492,1.0248670753485862,2,0
-0.9006222649417875,-1.098294342912366,-1.0799278746560488,-0.823673423522207,-1.251532174812419,-1.1733434240237528,-0.6408470526034912,-0.689433895356266,1,1
-0.8217977305514295,-1.2155291879036545,-1.0212622967436988,-0.9403400789875558,-0.7800240350325546,-1.0950147139368631,-1.0320465529632432,-0.5920304311116722,1,1
1.1488156292075218,1.031472007762709,1.0320329301885445,0.6929930975273288,1.2828240765043526,0.8632030382353795,0.963070898871492,0.8885022254061548,2,0
-1.117389734515272,-1.098294342912366,-1.3928109568552476,-0.9403400789875558,-1.192593657339936,-0.9579394712848062,-0.699526977657454,-1.4686616093130171,1,1
0.9517542932316267,1.1487068527539976,0.9929225449136444,0.7318819826824451,0.9881314891419372,1.1961000561046606,1.0999907239974052,1.2001933109888552,2,0
0.7546929572557316,0.6602283319569621,0.6018186921646458,0.9263264084580266,1.0863623515960756,1.1569357010612158,1.2760304991592937,1.1027898467442614,2,0
-1.3538633376863465,-0.961520357089196,-1.2168142231181982,-0.823673423522207,-0.7996702075233822,-1.1929256015454752,-1.0320465529632432,-0.9232022095432914,1,1
1.1882278964027009,0.9923937260989462,1.1102537007383442,0.8096597529926777,0.8899006266877989,0.9611139258439916,1.3151504491952688,1.1027898467442614,2,0
0.9517542932316267,0.933776303603302,1.0124777375510945,0.848548638147794,1.0470700066144203,1.0198604584091588,0.9239509488355168,0.9469443039529112,2,0
-1.1370958681128618,-0.6879723854428561,-0.8648207556440994,-1.3097844879611606,-1.1533013123582807,-0.8012820511110268,-1.1298464280531813,-1.3712581450684231,1,1
1.1488156292075218,1.1877851344177603,0.543153114252296,0.9846597361907012,1.439993456430974,0.980696103365714,1.1782306240693556,1.0053863824996674,2,0
-0.9794467993321456,-1.1178334837442474,-0.9234863335564492,-1.0375622918753469,-0.5049776201609669,-1.0558503588934185,-0.797326852747392,-0.8842408238454538,1,1
1.2670524307930588,0.933776303603302,0.8169258111765951,1.0041041787682592,1.007777661632765,1.0981891684960483,0.8261510737455787,0.6547339112191295,2,0
-1.0582713337225036,-0.961520357089196,-1.1972590304807482,-1.1736733899182537,-0.5639161376334499,-0.9775216488065286,-1.286326228197082,-1.118009138032479,1,1
-0.9991529329297352,-1.1178334837442474,-1.2363694157556482,-1.0764511770304628,-1.5265785896840067,-1.0950147139368631,-0.7190869526754415,-1.0985284451835604,1,1
1.0502849612195744,1.031472007762709,0.8169258111765951,1.081881949078492,1.066716179105248,1.117771346017771,0.8848309987995415,1.2781160823845303,2,0
-0.841503864149019,-0.9224420754254332,-1.0603726820185988,-1.1542289473406957,-1.055070449904142,-1.1145968914585855,-0.8560067778013548,-1.0595670594857227,1,1
-0.7232670625634819,-1.0201377795848403,-0.982151911468799,-0.9014511938324395,-1.1336551398674528,-0.6446246309372473,-1.0320465529632432,-0.7673566667519411,1,1
1.2079340300002903,0.8556197402757763,0.8169258111765951,0.9263264084580266,1.322116421486008,1.078606990974326,1.0021908489074671,1.0248670753485862,2,0
0.7743990908533211,1.0510111485945903,1.2471400492004936,0.9457708510355848,0.8899006266877989,1.2744287661915503,1.3151504491952688,1.219674003837774,2,0
-1.649455341650189,-0.9419812162573148,-0.8061551777317496,-0.9986734067202304,-1.2711783473032467,-1.1145968914585855,-0.8951267278373299,-1.137489830881398,1,1
0.9320481596340372,0.9923937260989462,0.9538121596387448,0.9263264084580266,0.8309621092153158,0.7652921506267674,0.57187139851174,0.693695296916967,2,0
1.0108726940243953,0.4062195011425035,1.0906985081008942,0.8679930807253522,1.125654696577731,0.8240386831919346,1.06087077396143,1.1027898467442614,2,0
0.7743990908533211,1.0510111485945903,0.7191498479893454,0.5374375569068636,1.1060085240869033,1.254846588669828,1.3347104242132564,0.7716180683126421,2,0
-0.959740665734556,-1.0787552020804847,-1.4319213421301475,-1.2320067176509282,-0.7014393450692438,-0.9383572937630836,-0.7386469276934292,-1.137489830881398,1,1
-0.8612099977466084,-1.0201377795848403,-0.8843759482815493,-1.1931178324958118,-1.0157781049224868,-1.1733434240237528,-1.1102864530351937,-0.8842408238454538,1,1
1.2670524307930588,0.797002317780132,0.6018186921646458,1.1207708342336082,0.6541465567978666,1.0002782808874364,1.0804307489794176,1.2391546966866926,2,0
0.9320481596340372,0.933776303603302,0.9342569670012948,0.965215293613143,0.7720235917428327,0.980696103365714,1.0413107989434425,1.044347768197505,2,0
0.9714604268292162,0.7188457544526063,0.9147017743638448,0.965215293613143,1.204239386541042,0.6869634405398777,1.0804307489794176,1.0248670753485862,2,0
-0.7232670625634819,-1.098294342912366,-1.295034993667998,-0.9014511938324395,-1.2711783473032467,-0.9579394712848062,-0.8364468027833671,-0.8063180524497787,1,1
0.616750022072605,0.7774631769482505,0.8755913890889448,0.9457708510355848,0.948839144160282,0.9219495708005468,1.1391106740333805,0.7521373754637234,2,0
0.8335174916460897,1.2464025569134047,0.7582602332642453,0.7513264252600033,0.9291929716694542,0.7652921506267674,0.9826308738894796,1.1612319252910177,2,0
-1.117389734515272,-1.098294342912366,-1.0212622967436988,-1.0181178492977885,-0.8389625525050376,-0.7033711635024146,-1.0320465529632432,-1.215412602277073,1,1
0.8532236252436791,0.6602283319569621,1.149364086013244,0.5957708846395381,1.1060085240869033,0.7652921506267674,0.7674711486916159,1.0248670753485862,2,0
-0.9794467993321456,-0.7465898079385004,-1.2168142231181982,-1.0764511770304628,-1.192593657339936,-0.9383572937630836,-1.0320465529632432,-0.9621635952411288,1,1
-0.880916131344198,-1.1178334837442474,-1.0603726820185988,-1.095895619608021,-1.192593657339936,-0.9775216488065286,-1.188526353107144,-0.8257987452986975,1,1
0.9517542932316267,1.1096285710902347,0.5627083068897459,1.0624375065009335,1.2238855590318696,0.8632030382353795,1.158670649051368,0.9274636111039924,2,0
-0.8612099977466084,-0.7075115262747376,-1.1385934525683985,-0.7847845383670906,-0.7800240350325546,-1.0166860038499734,-0.8951267278373299,-0.8063180524497787,1,1
0.9517542932316267,1.070550289426472,1.149364086013244,1.1985486045438407,0.8309621092153158,1.1961000561046606,1.06087077396143,1.219674003837774,2,0
-0.841503864149019,-0.727050667106619,-0.7670447924568498,-1.1153400621855791,-0.9175472424683484,-0.8796107611979165,-1.188526353107144,-0.9037215166943726,1,1
1.3655830987810065,0.8556197402757763,1.1298088933757942,0.7707708678375614,1.2238855590318696,1.3331752987567178,1.0999907239974052,1.2586353895356115,2,0
1.0108726940243953,1.031472007762709,1.0124777375510945,1.0429930639233755,0.9684853166511096,0.8240386831919346,0.9043909738175292,1.2391546966866926,2,0
0.7941052244509106,0.8556197402757763,1.188474471288144,1.1207708342336082,1.0863623515960756,0.9611139258439916,0.6305513235657028,1.219674003837774,2,0
-0.880916131344198,-0.9224420754254332,-0.9625967188313492,-1.21256227507337,-1.055070449904142,-0.9187751162413612,-0.797326852747392,-0.7478759739030224,1,1
-1.2750388032959885,-1.0787552020804847,-1.275479801030548,-0.959784521565114,-1.1140089673766251,-0.8991929387196389,-1.0124865779452557,-0.8452794381476162,1,1
-1.1765081353080409,-0.8833637937616704,-1.2363694157556482,-1.1931178324958118,-0.7014393450692438,-0.9579394712848062,-0.9538066528912928,-1.2348932951259917,1,1
-0.920328398539377,-1.2546074695674174,-0.9039311409189992,-1.21256227507337,-0.937193414959176,-0.9383572937630836,-0.5430471775135531,-0.9037215166943726,1,1
-0.9794467993321456,-0.8833637937616704,-0.8452655630066495,-0.7653400957895324,-1.1140089673766251,-0.9187751162413612,-0.7386469276934292,-0.864760130996535,1,1
1.385289232378596,0.7774631769482505,0.9538121596387448,0.9068819658804684,1.1060085240869033,0.9219495708005468,0.9826308738894796,0.9079829182550736,2,0
-1.1765081353080409,-1.0592160612486032,-1.0408174893811488,-0.9986734067202304,-1.055070449904142,-1.0950147139368631,-1.090726478017206,-1.1959319094281542,1,1
1.0502849612195744,1.0119328669308276,0.6995946553518955,1.1402152768111662,1.322116421486008,0.8632030382353795,1.1782306240693556,0.8885022254061548,2,0
-0.7429731961610714,-0.6684332446109748,-1.3537005715803478,-1.1347845047631373,-1.2122398298307635,-1.1537612465020304,-0.8755667528193424,-0.689433895356266,1,1
-1.3144510704911674,-0.9810594979210776,-1.0994830672934983,-1.1736733899182537,-1.055070449904142,-1.0950147139368631,-1.0320465529632432,-0.7089145882051848,1,1
1.1685217628051114,0.5820717686294363,1.0711433154634442,0.7707708678375614,0.8702544541969711,0.5498881978878206,0.9239509488355168,1.375519546629124,2,0
1.4049953659761856,0.9923937260989462,0.6800394627144455,1.1985486045438407,0.8702544541969711,0.3736486001923188,1.0804307489794176,0.9859056896507488,2,0
0.8532236252436791,0.933776303603302,0.7582602332642453,0.5957708846395381,1.3417625939768356,1.0394426359308813,0.8065910987275912,1.0053863824996674,2,0
-0.9794467993321456,-0.9029029345935518,-0.9625967188313492,-1.0570067344529048,-1.1336551398674528,-1.0754325364151407,-0.8755667528193424,-1.2348932951259917,1,1
0.9714604268292162,1.0900894302583533,1.0515881228259942,1.0429930639233755,1.0863623515960756,0.8632030382353795,0.9043909738175292,1.0833091538953423,2,0
-1.1370958681128618,-0.727050667106619,-1.2168142231181982,-1.0764511770304628,-0.5639161376334499,-0.8208642286327492,-0.9342466778733052,-0.9232022095432914,1,1
0.9123420260364477,0.8751588811076577,0.8755913890889448,1.1791041619662823,0.7327312467611774,0.7848743281484898,0.9435109238535044,0.9859056896507488,2,0
-1.0385652001249142,-0.9810594979210776,-1.0017071041062489,-0.5903401125915091,-1.0747166223949698,-1.0166860038499734,-1.1689663780891564,-0.864760130996535,1,1
0.9911665604268056,1.0510111485945903,1.0320329301885445,1.10132639165605,0.7720235917428327,1.0981891684960483,1.256470524141306,0.8885022254061548,2,0
-1.1962142689056303,-0.7465898079385004,-0.7279344071819499,-1.2514511602284863,-0.8193163800142099,-0.9775216488065286,-0.8364468027833671,-1.0985284451835604,1,1
-0.7429731961610714,-0.8638246529297889,-1.1777038378432985,-1.2514511602284863,-0.7407316900508991,-1.036268181371696,-1.3645661282690322,-1.0595670594857227,1,1
-1.1370958681128618,-1.1959900470717733,-0.7083792145444999,-0.6292289977466254,-1.1729474848491084,-1.3887473767626994,-1.0320465529632432,-0.9232022095432914,1,1
-0.7429731961610714,-1.1178334837442474,-1.2168142231181982,-1.2320067176509282,-1.1140089673766251,-1.134179068980308,-1.188526353107144,-0.4361848883203219,1,1
-1.117389734515272,-1.0005986387529588,-1.2559246083930982,-1.3875622582713931,-0.7800240350325546,-1.1733434240237528,-0.8755667528193424,-1.1959319094281542,1,1
1.1291094956099323,0.8165414586120134,1.2666952418379436,1.0429930639233755,0.6737927292886943,1.0198604584091588,1.2369105491233183,1.219674003837774,2,0
-1.0976836009176827,-0.8638246529297889,-1.2559246083930982,-0.5125623422812765,-0.8979010699775206,-1.0950147139368631,-1.0320465529632432,-0.8452794381476162,1,1
1.0699910948171638,1.168245993585879,1.0711433154634442,1.0429930639233755,0.6345003843070389,0.9415317483222692,0.7479111736736284,0.9079829182550736,2,0
-0.9400345321369664,-0.7856680896022633,-1.0603726820185988,-1.4458955860040676,-0.8586087249958653,-0.7621176960675818,-1.0711665029992183,-1.0985284451835604,1,1
0.8729297588412687,0.8360805994438948,1.0124777375510945,0.7902153104151196,0.8113159367244881,0.7848743281484898,1.06087077396143,0.8300601468593984,2,0
-0.9991529329297352,-1.098294342912366,-1.3537005715803478,-1.1347845047631373,-0.8586087249958653,-1.0754325364151407,-0.8168868277653796,-1.137489830881398,1,1
-0.8020915969538399,-1.2741466103992989,-0.4737169028951007,-1.1153400621855791,-0.7603778625417269,-0.9383572937630836,-1.1689663780891564,-1.3712581450684231,1,1
0.9517542932316267,0.7383848952844877,0.9147017743638448,1.2957708174316316,0.7720235917428327,1.0981891684960483,1.0021908489074671,0.9859056896507488,2,0
0.9714604268292162,1.1291677119221162,1.0515881228259942,1.0235486213458174,1.0274238341235926,0.9219495708005468,1.0413107989434425,0.7131759897658858,2,0
-1.2159204025032198,-1.1959900470717733,-1.1972590304807482,-0.9208956364099976,-0.9764857599408314,-0.6837889859806922,-0.992926602927268,-1.0011249809389664,1,1
1.1882278964027009,1.2854808385771677,1.168919278650694,1.0624375065009335,0.5952080393253836,1.117771346017771,1.1195506990153927,0.96642499680183,2,0
-0.9006222649417875,-1.1569117654080103,-0.7865999850942996,-1.2514511602284863,-1.2711783473032467,-0.7425355185458594,-1.0320465529632432,-0.8257987452986975,1,1
-0.9794467993321456,-1.1959900470717733,-0.9234863335564492,-1.1153400621855791,-1.3497630372665574,-0.7816998735893043,-0.992926602927268,-1.2348932951259917,1,1
-0.880916131344198,-1.1959900470717733,-1.0408174893811488,-1.3681178156938352,-0.6621470000875884,-0.722953341024137,-0.9733666279092804,-0.9037215166943726,1,1
1.1291094956099323,0.7383848952844877,0.9147017743638448,1.1402152768111662,0.8309621092153158,1.117771346017771,0.6501112985836903,0.9274636111039924,2,0
1.109403362012343,1.0510111485945903,1.0515881228259942,0.9263264084580266,0.8309621092153158,0.9415317483222692,1.0804307489794176,1.1027898467442614,2,0
0.9320481596340372,1.1487068527539976,0.6018186921646458,0.9846597361907012,1.007777661632765,1.3723396538001629,0.7870311237096036,1.0053863824996674,2,0
-1.2750388032959885,-1.1764509062398918,-1.1190382599309483,-0.6681178829017417,-0.8586087249958653,-0.8991929387196389,-1.188526353107144,-1.215412602277073,1,1
-0.959740665734556,-0.961520357089196,-0.7865999850942996,-0.959784521565114,-0.8193163800142099,-1.036268181371696,-1.3058862032150695,-1.0985284451835604,1,1
-0.841503864149019,-1.098294342912366,-0.8452655630066495,-1.3292289305387188,-0.6817931725784161,-1.036268181371696,-0.6408470526034912,-0.7868373596008599,1,1
1.22764016359788,0.6406891911250806,0.6213738848020958,1.1596597193887244,1.066716179105248,0.8827852157571019,0.5131914734577772,0.8105794540104797,2,0
-0.841503864149019,-1.1178334837442474,-1.2168142231181982,-1.0181178492977885,-1.192593657339936,-1.1145968914585855,-1.0320465529632432,-0.8063180524497787,1,1
1.0305788276219847,0.8556197402757763,0.3867115731526965,0.8874375233029104,1.007777661632765,1.078606990974326,1.0413107989434425,1.2781160823845303,2,0
-1.2553326696983989,-1.0396769204167218,-1.0408174893811488,-0.823673423522207,-1.0157781049224868,-1.3887473767626994,-0.8951267278373299,-1.0985284451835604,1,1
-1.0385652001249142,-0.8833637937616704,-1.1385934525683985,-1.0764511770304628,-0.7603778625417269,-0.9383572937630836,-0.8560067778013548,-0.6504725096584285,1,1
-1.1962142689056303,-0.8833637937616704,-0.7670447924568498,-1.1347845047631373,-1.0943627948857977,-1.0166860038499734,-0.8560067778013548,-0.8063180524497787,1,1
-0.920328398539377,-0.7856680896022633,-0.8257103703691996,-0.9403400789875558,-1.055070449904142,-0.6837889859806922,-0.6212870775855036,-0.7673566667519411,1,1
-1.0188590665273245,-0.5316592587878047,-0.8452655630066495,-0.8431178660997651,-1.1729474848491084,-1.3887473767626994,-0.6017271025675159,-0.864760130996535,1,1
0.8926358924388582,1.2268634160815233,0.9538121596387448,1.1596597193887244,0.6148542118162112,0.6673812630181553,0.8457110487635664,0.9469443039529112,2,0
-1.2553326696983989,-1.3523031737268243,-0.8257103703691996,-0.6875623254792999,-1.1533013123582807,-0.7816998735893043,-1.1102864530351937,-0.8842408238454538,1,1
-1.0976836009176827,-1.0005986387529588,-1.0212622967436988,-0.5514512274363929,-0.8586087249958653,-0.9579394712848062,-0.8755667528193424,-1.0011249809389664,1,1
1.306464697988238,1.0119328669308276,1.0906985081008942,1.237437489698957,1.2238855590318696,1.1373535235394934,0.7479111736736284,0.9859056896507488,2,0
1.3261708315858274,0.797002317780132,1.0711433154634442,0.8874375233029104,1.1845932140502142,0.6477990854964328,1.0021908489074671,0.8495408397083172,2,0
-1.117389734515272,-0.8442855120979076,-0.8452655630066495,-1.1347845047631373,-1.2908245197940744,-1.134179068980308,-0.7190869526754415,-0.7868373596008599,1,1
-0.7823854633562505,-0.9224420754254332,-1.1972590304807482,-0.7847845383670906,-1.0157781049224868,-0.9579394712848062,-0.9146867028553176,-1.0790477523346416,1,1
1.0108726940243953,0.9533154444351832,0.9342569670012948,0.9457708510355848,0.7327312467611774,0.9611139258439916,0.865271023781554,1.0248670753485862,2,0
0.9320481596340372,1.1291677119221162,1.2275848565630438,0.7902153104151196,1.125654696577731,1.117771346017771,1.0021908489074671,1.2001933109888552,2,0
-1.2356265361008092,-1.235068328735536,-1.1385934525683985,-0.8431178660997651,-1.0943627948857977,-0.7816998735893043,-0.8168868277653796,-0.9621635952411288,1,1
-1.077977467320093,-1.2741466103992989,-1.0408174893811488,-0.4931178997037184,-1.1140089673766251,-1.1145968914585855,-1.1102864530351937,-0.7673566667519411,1,1
0.9123420260364477,1.2073242752496418,1.208029663925594,1.1985486045438407,0.6934389017795219,1.1765178785829382,0.963070898871492,0.8300601468593984,2,0
1.109403362012343,1.2659416977452862,0.8755913890889448,1.1207708342336082,0.948839144160282,1.1765178785829382,0.9239509488355168,1.0248670753485862,2,0
-1.1765081353080409,-0.5707375404515677,-0.982151911468799,-0.8431178660997651,-1.0157781049224868,-0.9187751162413612,-0.7190869526754415,-0.7868373596008599,1,1
-0.8612099977466084,-0.8833637937616704,-1.0994830672934983,-0.7653400957895324,-0.9764857599408314,-0.6054602758938025,-1.0124865779452557,-0.8452794381476162,1,1
-1.1765081353080409,-0.961520357089196,-1.1190382599309483,-0.9403400789875558,-0.9175472424683484,-0.9187751162413612,-0.6604070276214787,-1.0011249809389664,1,1
-0.8217977305514295,-1.0201377795848403,-0.982151911468799,-0.9986734067202304,-0.7996702075233822,-1.036268181371696,-0.992926602927268,-0.9621635952411288,1,1
0.7546929572557316,1.1096285710902347,0.7778154259016952,0.6735486549497707,0.8113159367244881,0.8827852157571019,0.7674711486916159,1.3170774680823678,2,0
-1.1370958681128618,-1.0396769204167218,-0.8257103703691996,-0.8625623086773232,-0.7603778625417269,-0.8796107611979165,-0.8755667528193424,-0.9232022095432914,1,1
1.1291094956099323,1.1487068527539976,0.9733673522761944,0.8874375233029104,1.1649470415593866,1.078606990974326,1.0413107989434425,1.0248670753485862,2,0
-0.9400345321369664,-0.6879723854428561,-0.7279344071819499,-1.1153400621855791,-0.9961319324316592,-0.9383572937630836,-1.0124865779452557,-1.1569705237303167,1,1
0.9123420260364477,1.0119328669308276,1.188474471288144,0.7124375401048869,1.1649470415593866,0.8044565056702122,1.256470524141306,0.9079829182550736,2,0
1.0305788276219847,0.9533154444351832,1.1298088933757942,1.1402152768111662,1.1649470415593866,0.9415317483222692,1.4129503242852068,1.219674003837774,2,0
0.8926358924388582,1.031472007762709,0.8951465817263948,1.2957708174316316,1.2238855590318696,0.8240386831919346,1.256470524141306,1.1807126181399363,2,0
-1.1962142689056303,-1.332764032894943,-1.3928109568552476,-1.1153400621855791,-0.8389625525050376,-1.036268181371696,-0.992926602927268,-1.040086366636804,1,1
1.0699910948171638,0.933776303603302,0.9147017743638448,1.1985486045438407,1.2435317315226972,1.43108618636533,0.9826308738894796,0.9859056896507488,2,0
0.7743990908533211,1.2464025569134047,1.2471400492004936,1.0235486213458174,0.7720235917428327,1.1569357010612158,0.8457110487635664,0.869021532557236,2,0
-1.117389734515272,-1.0396769204167218,-1.0017071041062489,-0.7264512106344162,-1.0157781049224868,-0.8208642286327492,-1.2472062781611069,-1.215412602277073,1,1
1.2079340300002903,0.9533154444351832,1.2862504344753936,1.2568819322765152,1.0470700066144203,1.294010943713273,0.5327514484757648,0.7326566826148045,2,0
0.8335174916460897,0.9728545852670648,1.0711433154634442,0.8291041955702358,0.7523774192520051,1.0590248134526037,1.2369105491233183,0.9469443039529112,2,0
1.1882278964027009,0.6602283319569621,0.9538121596387448,0.9457708510355848,0.8113159367244881,0.6477990854964328,0.7479111736736284,0.9079829182550736,2,0
0.4393948196942994,0.7774631769482505,1.3840263976626432,1.3346597025867477,0.8309621092153158,1.1373535235394934,0.8261510737455787,1.044347768197505,2,0
1.2079340300002903,0.7383848952844877,1.4035815903000932,1.081881949078492,0.9881314891419372,0.8827852157571019,0.865271023781554,1.0833091538953423,2,0
1.0699910948171638,0.8751588811076577,1.0320329301885445,0.9457708510355848,1.007777661632765,0.6282169079747104,1.0021908489074671,1.0638284610464237,2,0
-1.0188590665273245,-1.332764032894943,-0.7865999850942996,-1.0181178492977885,-0.8782548974866929,-1.134179068980308,-1.2472062781611069,-0.9816442880900476,1,1
-1.491806272869473,-1.3132248920630616,-1.0212622967436988,-0.7264512106344162,-1.2908245197940744,-1.1145968914585855,-1.090726478017206,-1.215412602277073,1,1
0.734986823658142,1.031472007762709,0.6409290774395456,1.2763263748540734,1.0274238341235926,0.9611139258439916,0.963070898871492,0.7716180683126421,2,0
1.22764016359788,0.8751588811076577,0.9929225449136444,1.1985486045438407,1.007777661632765,0.980696103365714,1.0999907239974052,1.219674003837774,2,0
-1.3538633376863465,-0.9419812162573148,-0.9234863335564492,-1.21256227507337,-0.9568395874500036,-1.4279117318061445,-0.992926602927268,-0.9816442880900476,1,1
0.9911665604268056,0.9533154444351832,0.9733673522761944,0.965215293613143,0.8899006266877989,1.1765178785829382,0.669671273601678,0.9274636111039924,2,0
0.734986823658142,0.8360805994438948,0.9147017743638448,1.0041041787682592,1.0863623515960756,0.7065456180616001,1.3347104242132564,0.6352532183702106,2,0
1.1882278964027009,1.1291677119221162,0.9147017743638448,0.8679930807253522,0.948839144160282,1.215682233626383,1.021750823925455,0.7326566826148045,2,0
-1.3341572040887568,-1.3913814553905874,-1.1385934525683985,-0.8042289809446488,-0.9961319324316592,-0.8404464061544716,-0.8560067778013548,-0.689433895356266,1,1
0.8532236252436791,0.9533154444351832,1.3449160123877433,1.1402152768111662,0.7916697642336604,0.9023673932788244,0.9043909738175292,0.7521373754637234,2,0
1.1685217628051114,1.031472007762709,1.1298088933757942,1.081881949078492,1.3024702489951805,0.9023673932788244,1.1391106740333805,1.1612319252910177,2,0
1.1488156292075218,0.7383848952844877,0.7387050406267953,1.237437489698957,0.9291929716694542,0.8044565056702122,0.8457110487635664,1.1417512324420989,2,0
0.9517542932316267,0.9533154444351832,0.856036196451495,0.459659786596631,0.9684853166511096,0.7848743281484898,1.0804307489794176,1.0833091538953423,2,0
-1.452394005674294,-0.8247463712660261,-1.2559246083930982,-1.0181178492977885,-1.0354242774133144,-0.997103826328251,-0.5430471775135531,-0.9232022095432914,1,1
-0.7232670625634819,-0.5511983996196862,-0.9625967188313492,-0.959784521565114,-1.0157781049224868,-1.1537612465020304,-0.8755667528193424,-0.94268290239221,1,1
-1.0582713337225036,-0.9810594979210776,-1.275479801030548,-0.8820067512548814,-0.7014393450692438,-1.0950147139368631,-1.0711665029992183,-1.0206056737878852,1,1
1.0108726940243953,0.9728545852670648,0.8755913890889448,0.6541042123722125,0.948839144160282,0.9023673932788244,0.9239509488355168,0.8495408397083172,2,0
-0.959740665734556,-1.098294342912366,-0.9430415261938992,-0.9403400789875558,-1.4872862447023514,-0.8600285836761941,-1.2472062781611069,-0.94268290239221,1,1
1.109403362012343,0.9923937260989462,1.1298088933757942,0.7902153104151196,1.2828240765043526,0.843620860713657,0.9043909738175292,0.8885022254061548,2,0
0.9320481596340372,1.0900894302583533,0.8951465817263948,0.7902153104151196,0.8309621092153158,0.7848743281484898,1.1391106740333805,1.3170774680823678,2,0
-1.2356265361008092,-1.098294342912366,-1.0603726820185988,-1.1153400621855791,-0.9764857599408314,-1.0166860038499734,-1.0320465529632432,-1.1569705237303167,1,1
1.2473462971954694,0.8751588811076577,0.9342569670012948,0.7707708678375614,1.263177904013525,0.5498881978878206,1.021750823925455,1.375519546629124,2,0
1.1488156292075218,1.0119328669308276,0.7387050406267953,0.7902153104151196,1.1845932140502142,0.980696103365714,1.021750823925455,1.0833091538953423,2,0
-0.7035609289658924,-0.8247463712660261,-0.9430415261938992,-0.9986734067202304,-0.7407316900508991,-1.1537612465020304,-1.3058862032150695,-0.9037215166943726,1,1
0.9714604268292162,0.7383848952844877,0.856036196451495,0.9846597361907012,0.8309621092153158,0.7261277955833225,1.1391106740333805,1.0053863824996674,2,0
-1.077977467320093,-1.0005986387529588,-0.982151911468799,-1.1736733899182537,-1.0943627948857977,-1.0950147139368631,-0.9146867028553176,-1.137489830881398,1,1
-1.1370958681128618,-0.6684332446109748,-0.9430415261938992,-0.9014511938324395,-0.6621470000875884,-1.0166860038499734,-0.7582069027114168,-1.0206056737878852,1,1
0.6955745564629631,1.1291677119221162,0.9147017743638448,0.6735486549497707,1.3614087664676633,1.078606990974326,0.7283511986556408,1.1027898467442614,2,0
-1.1370958681128618,-1.1959900470717733,-1.0017071041062489,-1.1736733899182537,-1.3301168647757298,-0.9579394712848062,-1.1102864530351937,-1.215412602277073,1,1
-0.841503864149019,-0.8442855120979076,-0.9039311409189992,-0.9986734067202304,-0.9568395874500036,-0.8600285836761941,-0.9538066528912928,-0.5920304311116722,1,1
-0.7429731961610714,-0.6879723854428561,-1.1581486452058485,-0.8431178660997651,-0.7407316900508991,-1.271254311632365,-1.1689663780891564,-0.7283952810541036,1,1
1.385289232378596,0.8751588811076577,1.0124777375510945,1.2763263748540734,0.7916697642336604,1.215682233626383,0.8848309987995415,1.1807126181399363,2,0
-0.7823854633562505,-1.0005986387529588,-1.0017071041062489,-0.7458956532119744,-1.055070449904142,-0.8796107611979165,-1.0124865779452557,-0.7673566667519411,1,1
-1.0385652001249142,-0.7661289487703818,-0.982151911468799,-0.8625623086773232,-1.0157781049224868,-0.8012820511110268,-0.6799670026394664,-0.6309918168095097,1,1
-0.9400345321369664,-0.9810594979210776,-1.334145378942898,-0.9403400789875558,-1.0747166223949698,-1.1537612465020304,-1.1494064030711688,-1.0011249809389664,1,1
0.7743990908533211,1.031472007762709,0.8951465817263948,1.237437489698957,1.1060085240869033,0.9023673932788244,1.2173505741053308,1.3170774680823678,2,0
0.9714604268292162,0.9728545852670648,0.7582602332642453,0.7707708678375614,0.9095467991786266,1.3135931212349954,1.4129503242852068,1.0833091538953423,2,0
-0.7035609289658924,-1.3913814553905874,-1.3928109568552476,-0.8820067512548814,-0.9568395874500036,-0.8991929387196389,-0.7777668777294043,-1.2543739879749105,1,1
0.7941052244509106,1.2268634160815233,0.7778154259016952,1.0429930639233755,0.7720235917428327,0.7261277955833225,0.8848309987995415,0.9079829182550736,2,0
-1.0976836009176827,-0.7661289487703818,-0.4541617102576508,-0.9208956364099976,-1.055070449904142,-0.9383572937630836,-0.6799670026394664,-1.0790477523346416,1,1
-0.841503864149019,-1.0787552020804847,-0.8257103703691996,-0.823673423522207,-1.1336551398674528,-1.1537612465020304,-0.7190869526754415,-1.3517774522195043,1,1
1.2473462971954694,1.0900894302583533,0.7778154259016952,1.081881949078492,1.1649470415593866,1.0590248134526037,0.7283511986556408,0.869021532557236,2,0
0.577337754877426,0.797002317780132,1.149364086013244,0.9068819658804684,0.9881314891419372,0.8240386831919346,0.963070898871492,0.7326566826148045,2,0
0.9320481596340372,0.8946980219395391,0.856036196451495,0.9263264084580266,0.438038659398762,0.9415317483222692,1.1195506990153927,0.9274636111039924,2,0
1.0896972284147532,1.168245993585879,0.7778154259016952,1.2763263748540734,0.5166233493620728,0.980696103365714,1.0413107989434425,0.7716180683126421,2,0
0.8926358924388582,0.9533154444351832,0.8169258111765951,0.9263264084580266,0.9291929716694542,0.8632030382353795,0.963070898871492,0.9469443039529112,2,0
1.0699910948171638,1.168245993585879,1.0124777375510945,1.1596597193887244,1.1060085240869033,1.391921831321885,0.8848309987995415,1.0833091538953423,2,0
-0.9991529329297352,-0.4144244137965162,-0.8452655630066495,-0.9986734067202304,-1.055070449904142,-0.7425355185458594,-1.2080863281251315,-1.0595670594857227,1,1
-0.7626793297586609,-1.1959900470717733,-0.9625967188313492,-0.9403400789875558,-1.251532174812419,-0.6054602758938025,-0.8755667528193424,-1.040086366636804,1,1
-1.077977467320093,-0.9224420754254332,-1.0408174893811488,-1.1736733899182537,-0.7603778625417269,-0.9187751162413612,-1.0320465529632432,-1.2543739879749105,1,1
1.0502849612195744,1.1291677119221162,1.0124777375510945,1.10132639165605,0.9684853166511096,0.6477990854964328,0.7479111736736284,1.375519546629124,2,0
-1.1370958681128618,-0.6488941037790933,-0.4346065176202008,-0.9208956364099976,-0.9568395874500036,-0.8208642286327492,-0.797326852747392,-0.6115111239605909,1,1
1.0896972284147532,0.7188457544526063,1.208029663925594,1.0624375065009335,1.0470700066144203,1.078606990974326,0.7674711486916159,1.1027898467442614,2,0
0.8926358924388582,1.0119328669308276,1.188474471288144,0.848548638147794,1.0863623515960756,1.3135931212349954,1.0021908489074671,0.7716180683126421,2,0
0.6955745564629631,1.1096285710902347,1.2471400492004936,1.0235486213458174,1.204239386541042,1.078606990974326,0.7870311237096036,0.8300601468593984,2,0
1.0502849612195744,0.9142371627714204,1.149364086013244,0.8874375233029104,1.3417625939768356,0.9219495708005468,1.0999907239974052,1.2781160823845303,2,0
-0.841503864149019,-1.3913814553905874,-0.7474895998193998,-0.959784521565114,-0.6032084826151054,-1.23208995658892,-0.797326852747392,-1.040086366636804,1,1
1.109403362012343,1.0900894302583533,0.7387050406267953,0.9263264084580266,0.6541465567978666,1.0590248134526037,1.0413107989434425,1.1612319252910177,2,0
-0.880916131344198,-1.1178334837442474,-1.0994830672934983,-0.8625623086773232,-0.8586087249958653,-1.3300008441975322,-1.0320465529632432,-1.2738546808238294,1,1
0.8729297588412687,1.1291677119221162,1.1102537007383442,0.9068819658804684,1.1060085240869033,1.294010943713273,1.1391106740333805,0.8300601468593984,2,0
1.1488156292075218,0.8360805994438948,0.8169258111765951,1.373548587741864,0.7523774192520051,0.980696103365714,0.8848309987995415,1.0638284610464237,2,0
-1.0976836009176827,-0.9419812162573148,-1.1385934525683985,-0.707006768056858,-1.0157781049224868,-1.1537612465020304,-1.2472062781611069,-0.8063180524497787,1,1
-1.0976836009176827,-0.727050667106619,-0.8452655630066495,-0.8431178660997651,-0.9961319324316592,-1.0950147139368631,-0.9342466778733052,-0.864760130996535,1,1
0.9911665604268056,0.7383848952844877,0.9342569670012948,0.7707708678375614,0.6737927292886943,1.2744287661915503,0.8261510737455787,0.869021532557236,2,0
-1.2159204025032198,-1.0396769204167218,-1.0603726820185988,-0.6875623254792999,-1.3890553822482128,-1.3104186666758098,-1.1494064030711688,-0.7673566667519411,1,1
-0.841503864149019,-0.3948852729646348,-1.0212622967436988,-0.823673423522207,-1.2122398298307635,-0.9383572937630836,-0.6017271025675159,-1.0790477523346416,1,1
1.0108726940243953,1.3636374019046933,1.0711433154634442,1.0429930639233755,1.0863623515960756,1.117771346017771,0.6305513235657028,0.8300601468593984,2,0
0.8138113580485001,1.1487068527539976,1.0906985081008942,0.7318819826824451,1.1453008690685589,0.8632030382353795,1.1195506990153927,0.96642499680183,2,0
-1.117389734515272,-0.5511983996196862,-1.1190382599309483,-1.0181178492977885,-0.9568395874500036,-1.1145968914585855,-1.2472062781611069,-1.293335373672748,1,1
1.0896972284147532,0.7383848952844877,1.0711433154634442,1.0235486213458174,1.5971628363575956,0.9219495708005468,1.021750823925455,0.8495408397083172,2,0
0.8729297588412687,0.8946980219395391,0.6213738848020958,0.848548638147794,1.0274238341235926,0.6477990854964328,0.9826308738894796,1.0053863824996674,2,0
1.0305788276219847,1.0510111485945903,0.9733673522761944,0.6346597697946543,0.7130850742703496,1.1373535235394934,0.963070898871492,0.8495408397083172,2,0
0.8335174916460897,0.8360805994438948,1.1102537007383442,1.0235486213458174,1.066716179105248,0.9415317483222692,1.1782306240693556,0.5962918326723732,2,0
1.345876965183417,1.2854808385771677,1.3449160123877433,0.6541042123722125,0.8309621092153158,1.117771346017771,0.9043909738175292,1.044347768197505,2,0
1.1488156292075218,0.9533154444351832,1.0320329301885445,0.7513264252600033,1.125654696577731,1.0981891684960483,0.6501112985836903,1.3170774680823678,2,0
0.734986823658142,1.1291677119221162,0.7973706185391451,0.7318819826824451,1.4007011114493186,1.117771346017771,1.0804307489794176,0.8105794540104797,2,0
-1.0976836009176827,-1.2936857512311803,-0.6301584439947002,-1.2708956028060443,-1.055070449904142,-1.0558503588934185,-0.7190869526754415,-0.7478759739030224,1,1
-1.3144510704911674,-0.5316592587878047,-0.9039311409189992,-1.0181178492977885,-1.2711783473032467,-0.8208642286327492,-0.9342466778733052,-0.94268290239221,1,1
1.1882278964027009,1.168245993585879,1.3253608197502935,0.9263264084580266,0.7523774192520051,1.2744287661915503,1.1977905990873432,0.9079829182550736,2,0
0.9911665604268056,0.797002317780132,1.208029663925594,1.1596597193887244,0.8113159367244881,1.4115040088436075,0.963070898871492,1.297596775233449,2,0
-0.9400345321369664,-1.0396769204167218,-0.7865999850942996,-1.2903400453836025,-0.8586087249958653,-0.7425355185458594,-1.1298464280531813,-1.040086366636804,1,1
-1.1370958681128618,-1.0201377795848403,-1.1972590304807482,-1.0764511770304628,-0.8782548974866929,-1.1733434240237528,-0.8755667528193424,-0.8842408238454538,1,1
1.0108726940243953,1.2854808385771677,0.9147017743638448,1.0429930639233755,0.7523774192520051,0.9219495708005468,1.021750823925455,1.12227053959318,2,0
-0.6838547953683028,-0.5707375404515677,-1.0799278746560488,-1.1931178324958118,-0.8782548974866929,-0.8991929387196389,-0.8951267278373299,-1.2543739879749105,1,1
-0.9006222649417875,-1.2741466103992989,-1.0017071041062489,-0.959784521565114,-1.1140089673766251,-1.1145968914585855,-0.5430471775135531,-0.9621635952411288,1,1
-1.2947449368935775,-1.0005986387529588,-1.0212622967436988,-0.707006768056858,-1.2318860023215914,-0.58587809837208,-0.5821671275495284,-1.0790477523346416,1,1
1.0699910948171638,0.7579240361163692,0.9538121596387448,1.3929930303194222,0.6541465567978666,0.8632030382353795,1.06087077396143,1.1027898467442614,2,0
0.7152806900605525,0.8556197402757763,0.9538121596387448,1.10132639165605,1.3614087664676633,0.7457099731050449,1.2173505741053308,0.9274636111039924,2,0
1.0502849612195744,1.2464025569134047,0.9733673522761944,1.0429930639233755,1.066716179105248,0.9611139258439916,1.0413107989434425,0.8300601468593984,2,0
1.306464697988238,1.168245993585879,0.9342569670012948,0.9846597361907012,0.8309621092153158,0.980696103365714,0.8065910987275912,0.9859056896507488,2,0
-0.6247363945755343,-0.961520357089196,-0.8843759482815493,-1.1736733899182537,-1.3301168647757298,-0.9775216488065286,-1.0516065279812308,-1.1959319094281542,1,1
0.7546929572557316,1.1291677119221162,1.0515881228259942,1.2763263748540734,1.2435317315226972,0.980696103365714,0.7674711486916159,0.5962918326723732,2,0
-1.3538633376863465,-1.410920596222469,-0.7083792145444999,-0.9403400789875558,-1.0943627948857977,-0.8600285836761941,-1.090726478017206,-0.8452794381476162,1,1
1.0108726940243953,1.1877851344177603,0.9538121596387448,0.848548638147794,1.0470700066144203,0.7848743281484898,0.669671273601678,1.1807126181399363,2,0
0.9123420260364477,0.9533154444351832,1.0320329301885445,0.5179931143293055,1.066716179105248,1.078606990974326,0.669671273601678,1.1612319252910177,2,0
-0.9991529329297352,-1.2936857512311803,-0.7083792145444999,-1.1542289473406957,-0.8586087249958653,-1.290836489154087,-1.227646303143119,-0.9621635952411288,1,1
0.7941052244509106,0.797002317780132,1.1102537007383442,0.5957708846395381,0.6541465567978666,1.078606990974326,0.9826308738894796,0.9079829182550736,2,0
-0.8217977305514295,-0.6684332446109748,-1.0212622967436988,-0.9403400789875558,-0.9764857599408314,-1.0166860038499734,-0.992926602927268,-1.2738546808238294,1,1
0.9517542932316267,1.031472007762709,0.8169258111765951,0.9846597361907012,0.9684853166511096,0.608634730452988,0.9435109238535044,0.693695296916967,2,0
1.109403362012343,0.8165414586120134,0.836481003814045,0.8096597529926777,1.066716179105248,1.2352644111481057,0.5523114234937524,0.7131759897658858,2,0
1.0502849612195744,0.9533154444351832,1.1298088933757942,0.8291041955702358,0.8113159367244881,1.0981891684960483,1.158670649051368,0.9469443039529112,2,0
-1.0976836009176827,-1.0396769204167218,-0.9039311409189992,-1.0375622918753469,-0.9961319324316592,-1.1145968914585855,-1.325446178233057,-1.118009138032479,1,1
-0.7626793297586609,-1.1569117654080103,-0.7279344071819499,-1.2514511602284863,-0.937193414959176,-1.036268181371696,-0.6604070276214787,-1.3712581450684231,1,1
1.0699910948171638,1.1291677119221162,1.0906985081008942,1.0429930639233755,0.8506082817061434,0.7065456180616001,0.963070898871492,0.7521373754637234,2,0
-1.0976836009176827,-0.7856680896022633,-1.0212622967436988,-1.0375622918753469,-0.4460391026884838,-1.2125077790671976,-0.6017271025675159,-0.94268290239221,1,1
0.7941052244509106,0.9142371627714204,1.2862504344753936,1.1402152768111662,1.0863623515960756,0.9611139258439916,0.6305513235657028,1.044347768197505,2,0
-0.9991529329297352,-1.1959900470717733,-1.295034993667998,-1.1931178324958118,-0.937193414959176,-1.2125077790671976,-0.9538066528912928,-0.8257987452986975,1,1
0.9517542932316267,1.0900894302583533,1.501357553487343,1.10132639165605,1.066716179105248,0.6477990854964328,0.963070898871492,0.7131759897658858,2,0
0.9123420260364477,0.7774631769482505,1.0515881228259942,1.0429930639233755,0.8899006266877989,1.2352644111481057,1.1195506990153927,1.2001933109888552,2,0
1.109403362012343,0.7774631769482505,1.168919278650694,1.081881949078492,1.1649470415593866,0.7065456180616001,0.8065910987275912,0.869021532557236,2,0
0.9517542932316267,1.031472007762709,1.0320329301885445,0.7707708678375614,1.1060085240869033,1.0981891684960483,0.7283511986556408,1.12227053959318,2,0
-1.2159204025032198,-0.8833637937616704,-1.0799278746560488,-0.6486734403241836,-1.0747166223949698,-0.9383572937630836,-1.3645661282690322,-0.5920304311116722,1,1
-1.1370958681128618,-0.8052072304341447,-1.1190382599309483,-0.9208956364099976,-1.2122398298307635,-0.7033711635024146,-1.1298464280531813,-0.6504725096584285,1,1
-1.0582713337225036,-1.2936857512311803,-0.7279344071819499,-0.7264512106344162,-1.0747166223949698,-0.722953341024137,-1.0516065279812308,-0.864760130996535,1,1
-1.1568020017104512,-0.9029029345935518,-0.9234863335564492,-0.9403400789875558,-1.055070449904142,-0.9383572937630836,-1.1298464280531813,-0.7478759739030224,1,1
-1.0188590665273245,-0.7465898079385004,-1.1777038378432985,-0.8625623086773232,-1.0943627948857977,-1.036268181371696,-1.0320465529632432,-1.137489830881398,1,1
1.1882278964027009,1.1096285710902347,1.0906985081008942,0.9068819658804684,1.007777661632765,0.9023673932788244,1.0804307489794176,1.2001933109888552,2,0
0.9911665604268056,0.8556197402757763,0.8169258111765951,0.8096597529926777,0.8702544541969711,1.254846588669828,0.8848309987995415,1.0833091538953423,2,0
0.5691716017165201,1.3038372119269162,1.2857198518792017,1.1151134383430734,0.3782877165286314,0.4229494018075443,0.8908813347472795,1.3121223049665516,2,0
-0.6327425301517832,-0.1320258709753502,-0.3560119896947606,-1.6039829990114878,-0.8995637334553049,-0.8392853417600121,0.1550101863940817,-0.7588268363829042,1,1
1.5107238998234247,0.5894240338450911,1.052180886544252,0.8410223830796429,1.547832290925324,1.0768754496224346,0.5171213131764064,1.067694909041799,2,0
0.8151154954617,2.132685624819639,1.5025079872189266,0.3086905541994559,0.2084819379693134,-0.1065795668133136,1.5525462770758651,2.335470980940316,2,0
0.3176509943764075,0.4536377797798578,1.4798580800256538,1.0700246167676308,1.1530904451134163,0.9405483100928316,1.121591530826025,1.0038500518281788,2,0
-1.4655509278412575,-0.928489749811622,-0.8732392480126745,-0.5019235739569945,-1.115806803676941,-0.9041985181374816,-1.7129906233459842,-0.0827463010250798,1,1
-1.7123194960625077,-0.6652666887796646,-1.3403080575653612,-1.0096706383871437,-1.9733378831238932,-1.8844335451592829,-1.1877970562265376,-0.7834005174904302,1,1
-1.172150143791144,-0.6046766167515095,-1.4528775567124357,-1.3178695083952314,-0.8205286810812035,-1.9434633440161304,-0.8697912032777338,-1.603645680953905,1,1
0.682381565571756,1.950092515426479,1.2765422934201514,1.5655518851921788,1.4341963471539545,1.2102462063201704,-0.7209149653958383,2.026497964857583,2,0
0.3621490219796232,0.1707242269556897,0.6722256241959554,1.736024204062204,0.8106647540834335,1.5665274302947356,0.9267522249312696,1.0624687812800189,2,0
-1.4546575515840927,-0.7109220890740171,-1.290466986232034,-1.3450578726629407,-1.1884013756532568,-0.9850041082790189,-1.6127339832106111,-1.5223318870308682,1,1
-0.6818276638667002,-0.3562579043317351,-0.5565120853965467,-0.5914011324044702,-1.2342459996146142,-0.6836106617313313,-0.3791280901159312,-1.3025364797723495,1,1
-0.8033600046025493,-0.401103239963112,-1.2714364258022433,-0.4546835142459315,-2.285276327548219,-0.9887941095384264,-1.6801646611845018,0.049641290236107,1,1
0.1558292344539524,1.199280874119663,1.9080236652034013,1.6745406191826793,1.9646846142114431,1.0759223410438097,0.6550706459781515,0.4742185874272533,2,0
-0.6140946438995242,-1.1829445128796623,-1.4233697732106698,-0.7977088916932045,-1.2619034986394932,-0.2164685352521324,-0.363481830722532,-1.0564343330387276,1,1
-1.888898485441956,-0.3875745147562908,-0.5524275892743757,-0.1382057398950168,-0.6763892235675055,-1.4486980176445678,-0.7205865861421131,-1.5391189826393608,1,1
-1.670287971606716,-0.82218274343087,-1.770835156085817,-2.1084013841229003,-0.5091153320325955,-0.1680427857364954,-0.2126360705973095,-1.047897283649728,1,1
0.0353132837294284,-0.971655412859872,-0.7435982805499541,-2.084756085616699,-0.3045279852858615,-1.1957804695553391,-1.0665437174911905,-0.2993195132476605,1,1
0.0486525413489521,1.3647767741769845,0.7471221575686111,2.231806324488565,0.9727711566703696,0.9358826695237306,0.6389087138525845,1.4084977823401117,2,0
-1.3804948131971069,0.2881340921756378,-1.0266384483241633,-1.4297863804821709,-1.07484282457797,-0.8083743109130972,-0.9330173316166278,0.0545151102146104,1,1
0.883857213972695,0.5365101249356661,1.981433790089583,0.9070591903130428,1.6449929873811628,1.4547899885041196,0.2929652582585406,1.454106225649998,2,0
-0.1300150729524534,-0.956711390644801,-0.4809370056202959,-0.4059795510677842,0.0453613745539915,0.1360617040941735,-0.3032488716984787,-0.7780244426141418,1,1
-2.8534013427883136,-0.5069142115385273,-1.2896319240318113,-0.7544430740447413,-0.8650715391704432,-1.1873009543333304,-1.4017672134207917,-0.9096036436711684,1,1
0.6392003068809039,1.450068573394583,0.8181558147003687,0.9078163814758964,0.4408122138430985,0.9558400248974822,1.891519740681695,0.8134385835432498,2,0
-0.8431499772596069,-1.4472064774055218,-1.039426549052992,-0.8305886787912709,-0.9408952513876772,-1.6541803920791236,-0.8794739157439002,-1.2069741651917,1,1
-0.4658735076597997,-1.4798886489375462,-1.1247459633688583,-0.9802986844080588,-0.3410829791851539,-0.296314421613771,-1.045307663849567,-1.348236969408733,1,1
-1.4137201219567703,-1.0735932890900592,-1.7960644577320355,-0.7009630675070153,-2.1505080659462683,-0.8467013559557838,-0.6941615790825085,-1.589037667341159,1,1
-1.1307744639438138,-1.1439966634118173,-1.4661801463527857,-0.5831817223119783,-0.7947625068599284,-1.2052877635429082,-1.6917171183760014,-0.7591481994187614,1,1
-0.3120251180095622,-0.3778332717133588,-1.9062388273184128,0.2908543303724704,-1.3919654003601716,-1.4799299666592058,-1.261615396863259,-0.7444613604743182,1,1
0.1246203996902151,0.7361703840074839,1.1755228920281078,1.2913541021091768,1.3340734818680875,0.9132267383307232,0.7157103377922118,1.245186731769815,2,0
1.152433514954824,1.387419586951787,0.5538432542116314,1.1974894439329122,2.3059462324880458,0.9265849937628464,0.2481011622485342,1.568492232099569,2,0
-1.1527509735371482,-0.1121818346075782,-0.9235409699230412,-0.8740224173876144,-1.3467436895846254,-0.9086887662707176,-0.8797202123317401,0.2163332368769814,1,1
-0.5593427881929882,-0.2932511480609999,-1.0171971726311988,-1.3047753234916584,-1.9016253160649104,-2.2028409942612086,-0.8192297092709957,-1.1153456525648668,1,1
-1.6611422615619038,-1.048196421138944,-1.5797385711955072,-1.941423339252076,-1.043301411057622,-0.4481750487723418,0.1527700003961228,-1.7539776187439062,1,1
1.1674459035264686,0.0679241192594797,0.6455387698955924,0.8232537504485502,1.9480481428734264,1.7155463107788862,0.884821232545085,1.8577447114759709,2,0
1.678789741212333,1.5776621023662087,0.6962326068746374,0.7789811695165363,0.778237484753002,1.4666999593071994,1.5189793527943158,0.2453553001519525,2,0
0.512341484007737,0.3773377979984544,1.3184556120661806,0.8961045456530339,0.7524644914984948,1.3700938616335734,-0.1165704373353503,1.83158853112148,2,0
-1.354809605677611,-0.5542698854366469,-0.9773039714513736,-0.9077267173895864,-1.343171442706835,-1.1104280285676371,-0.2199318600316564,-1.1136003770934624,1,1
1.1365971241872774,1.7935284455588134,0.8035480728238078,1.5285420368005709,1.49837025942094,0.9465791821300342,0.5810861056729371,0.7846772841643292,2,0
-1.0356281830905252,-1.6178137641723604,-0.7645060967051588,-0.2443817784870073,-1.3213524990213803,-1.514316143241108,-0.9027249896208732,-1.257084305196244,1,1
-1.129226952005911,-1.6505133962609857,-1.5019147919648632,-2.333142525509564,-0.2464707153054537,-0.7247860105787407,-0.6409604697191831,-1.7063588702513408,1,1
0.9000679343157532,-0.0718784500736333,0.728705850286649,0.7518091436871913,1.405983034790944,0.9902064610701372,1.3471522730832717,1.1407826957206657,2,0
0.668182343696575,0.962104262494214,1.0341291636523486,1.631192726644798,0.6321306320183427,1.5675405484231062,1.650797834403038,0.5443587469061544,2,0
-0.5567406139885859,-0.484567697275454,-1.991934708044253,-0.7979063110335569,-0.2095356335840155,-1.246929732048189,-1.1261958950447777,-1.7529177198612658,1,1
-1.0111266745245573,-1.3491174319994728,-0.8675017593927871,-1.624550994920465,-1.0211945527265909,-0.5631743290500367,-0.9274619549882286,-1.7811618495917534,1,1
0.2299464175330419,0.9581804321251172,0.7241167335599508,1.3771772003918406,1.934414199237368,1.1593475760325331,1.3655058096020616,0.2296643701647099,2,0
1.291737634604787,0.175367988382895,1.5285519525235842,0.5047685080748824,1.300851502117982,0.2015511675647002,0.106611784084021,1.742325298864002,2,0
-0.5680890340708282,-1.4109423166722546,-1.43174207646894,-1.390676060488588,-0.9317938283547236,-0.6036254849379711,0.4032907442737428,-0.1485679781842682,1,1
-1.1087926875314609,-0.7292635467597836,-2.257134452304777,-0.3792539528956841,-1.5490914584551898,-1.971361173196965,-0.9759787312816004,-0.9657311252087064,1,1
1.5267078578644533,1.5285427244580614,0.2832989617256035,0.7769743506228333,0.8575288159848274,1.0753578109329909,1.4382988324581247,1.925060248294812,2,0
-0.5276443234249953,-1.1459005017309447,-0.8818090589602969,-1.2685692692493753,-0.6923966062710678,0.0804211773021523,0.5358449324822636,-0.1739210682027517,1,1
1.6293410895076406,0.4124433609505239,0.4821717610624846,0.8523365614978567,0.9653042663124104,0.5799186149353719,1.8706552621390775,1.5509795645062254,2,0
1.3838182959329683,1.333406032774295,-0.0690745248426494,0.0296560948654029,1.6722491293624118,1.1289317301049293,1.2713605672181525,0.507696635722633,2,0
-0.3342533170851292,-0.1196469443993026,-0.9800764472652672,-1.0634765826671018,-1.908593637330088,-1.6503702678604164,-1.163056330936847,-0.1202125023049537,1,1
0.0919998133716757,1.0301483850340865,1.1182643551287788,1.088581669860771,1.317067688769246,0.3533143291334753,1.0270558716010088,1.693578269121396,2,0
0.4865237911823873,-1.1488031044666989,-0.3501764428446942,-0.4365898982870445,-0.9840598699586288,-1.262329254507275,-1.4651524489178225,-1.185852549381351,1,1
-0.1528539968212958,0.7623904764581427,1.4942273315935644,1.1630444980721515,-0.0240381361323304,1.3136253665025592,0.3743409198591919,0.9522474669456968,2,0
0.8794357707172302,0.593456628719062,0.8873219128259207,1.2492490206824556,0.107555703141398,-0.2280629209172247,0.6492287164608799,1.0408343834152054,2,0
-1.1296140861927366,-1.2916261226323034,-0.5260816159143118,-1.13714949555734,-1.464155271618261,-0.4060140420825143,-0.6454122770594711,-1.363707504983691,1,1
-0.7592369721665357,-1.236668030146568,-2.204397247685129,-0.6875455506361297,-1.2972098739181566,-0.7318880777353021,-1.528353349564516,-0.9895917455821588,1,1
-0.2970152646592482,-1.5970171286086496,-1.480772319765904,-1.2130676042725683,-0.8530772204862407,-0.6886990654177974,-0.7446085955382653,-1.3862379579037172,1,1
-0.751257946551435,-1.0244480893348904,-1.5492499986093593,-1.991482969045796,-0.6108105454270727,-0.3110413541034013,-0.7545100346502778,-0.5834551136329584,1,1
-1.4747486652238913,-1.2750207931398174,-0.4238786381132535,-0.30512333029793,-1.022538855634126,-0.7985079429128273,-0.6516905881581838,-1.2001136390970484,1,1
-1.096518258697488,-1.1639255805523097,-0.5644755687811286,-0.9314760038236748,-1.3054601932576877,-0.836917483640919,-0.9843895463778474,-0.8276488881611359,1,1
-0.5690204463508964,-0.6513761790127548,-0.6611557843680212,-1.3881503079669997,-1.040681683386631,-0.7007889213905094,-1.396651831986711,-0.6577024704600406,1,1
-1.1652892374342845,-0.4514020221757757,0.1486666374131529,-1.38824326760868,-1.5604681878867752,-1.6329186271539942,-0.1375344762208219,-1.0656699991747929,1,1
-0.3447703144006837,-1.1079701191352729,-0.1647078839447913,-1.575818808315054,-0.8075278892832964,-0.9232552722599648,-0.3505270526470633,-0.6086276100236336,1,1
0.1164914635166387,0.8473160672154643,1.0535651494561789,0.4078510059961824,1.2714055801477595,0.7592455549498942,0.9521069544860012,1.0283171387867696,2,0
-0.6267330225834257,0.2108327401947888,-1.1869999363755437,-0.691072687225885,-1.4724784588022355,-1.8252352764975128,0.0952100054118174,-0.2023908949491299,1,1
-0.8014542988411202,-0.5794432823503499,-0.5720297713437189,-1.414486142811382,0.7156988987945737,-1.4383465450550994,-1.5909023949124568,-0.7650010478065226,1,1
-1.73612030347297,-0.8737364614759108,-1.0383184173906046,-0.774660217792276,-0.5975358346903761,-0.342510994915716,-1.3583601870108364,-0.697953055644907,1,1
-0.1333757024455191,0.6686140482171727,0.8566656006518086,1.8173570922439128,1.0169292840433226,1.775869767153309,1.063365064628607,1.1930712137708332,2,0
0.0577133188467903,-1.5128669062944302,-0.8375635042529792,-0.7321384364505316,-0.9462387715546802,-1.1141475914570729,-0.8347338758127779,-1.398858682252405,1,1
0.477306282491505,0.4716386813401807,1.0341057307788235,0.7370054084483009,1.019292509207933,0.8264438352145066,1.207194609562018,1.1709485424949797,2,0
0.7047505938657125,1.14394189201561,1.7393651247655022,1.4652507146306126,0.8150195149470826,1.1544493130575104,0.5943324602916634,1.005449504076935,2,0
-1.757466739090071,-0.406497394731358,-2.1410044182051853,0.3058880730437356,-1.2053563123161768,-1.426494076089594,-1.6440847364447784,-0.6607735793220769,1,1
-1.2297723437571455,-1.7584786030877004,-0.354650745168778,-0.6021143211085235,-1.309537250622575,-1.0331744236502682,-0.6930525053724657,-1.1357195683320902,1,1
-1.2452395672889818,-1.3294607526762432,-0.2298191488640885,-1.0197969117769867,-1.0471665750801469,-0.8547978010986541,-1.021168391922242,-1.78859741162174,1,1
1.0862956395504846,0.7189706350548515,1.1869428103947417,1.806567760642832,0.4633431548139467,0.3554889700553407,1.3280225318119911,0.6378553173404606,2,0
0.373104264110967,0.7325630249038843,2.2211786282862565,0.9238400331098644,0.937352300241206,1.1843076836029904,1.3425402280188472,0.9180043870885964,2,0
-1.4341500905342826,-0.3047076129614708,-0.91382783788328,-0.4359248687170222,-0.5309957763762541,-0.9400070034178936,0.0329536521937965,-0.0920601649136145,1,1
-1.7124158652783583,-0.8751691040008349,-0.6538309177853723,-0.0988540911815082,-0.4305369036200551,-0.9289001105796632,-1.4094731177858726,-1.6447062798207688,1,1
1.3818045453523848,1.2556713784739004,1.472896685018233,0.6476161796130067,1.1407618750331334,-0.0716804291049535,1.5748221051103122,0.587425444086371,2,0
-0.972154061577327,-0.2830691483209016,-1.8504316486441712,-0.8761221369484123,-1.6292810870644814,-0.6590303941598239,-2.13216013343636,-0.943084705076144,1,1
-0.7575862038393435,-0.6148838673129265,-1.3862875245016766,-0.0862352086392937,-1.029770127692918,-1.1400412463641167,-1.7013456721700826,-1.3474070032144991,1,1
0.9678908516972008,1.3085399290220543,0.2915528566512429,2.405925289362476,0.5238351823765747,0.4394044274792014,0.21734917080039,1.865231907868318,2,0
-0.8252280164928604,-1.9049264773860768,-1.0700879136682862,-0.906397117705982,-0.6583907204700945,-0.6309613629158771,-0.9926133530378228,-1.417720779905735,1,1
-1.235844045167251,-1.7286473594896203,-0.9280813127237968,-0.7071702620555382,-0.7669785291854341,-0.9146691797530196,-0.9157369112121758,-0.4060355037312249,1,1
0.926032665976744,1.6852815867870046,1.318119165684885,1.291248290162353,0.4939039638672404,1.568776348617792,1.454118610891702,1.950893905668359,2,0
2.3176019810525865,1.6973996818372576,1.1665826498461267,1.4629403030626738,0.8234503744986236,0.4468412455287616,1.4636624949837245,1.0194289676109898,2,0
1.6552452222853993,1.1027176384733055,1.1808301530101164,2.1608994552123493,1.8123757466440087,1.253367603417463,1.6514824232287069,1.511252428389815,2,0
0.5583831723094667,1.0838818591098105,1.8690634862182185,1.5799270591061498,0.8005958455047336,0.6300631396762523,0.7295542348761009,2.116968444353547,2,0
-0.2684504529433146,0.0039941107390132,-0.3451230754302087,-1.527772873173452,-0.677464552937592,-1.016155577846593,-1.062731343831493,-1.7371823022328965,1,1
-0.8629712211252037,-1.2192340891261169,-0.9176614530360844,-1.5279933899117206,-1.3746592969489306,-1.186961331975541,-1.2509162664686018,-1.7954311077595937,1,1
-1.0136382258989487,-0.622721553996476,-0.920256631743746,-1.2783641190385622,-1.9969688268608297,-0.7520635770257663,-0.1801188274986415,-1.780520478499418,1,1
-0.8320816742514987,-1.36073209508515,-0.4849883236147664,-1.7280751952757851,-1.383574070839919,-0.5961544423014598,-1.1284513398830942,-1.403261837388055,1,1
-1.5395743191735276,-0.4339660568187206,-0.8619365230470803,-1.091396607101497,-0.5523811051684007,-0.3558486738568902,-0.1867856243372265,-0.996980467996434,1,1
-0.3812096641262469,-0.4609017389764085,-0.8397361750642467,-0.9528993720892808,-0.9191040197411424,-2.118625388681721,-1.3617194523903364,-0.052473404160422,1,1
-0.3133532124208091,0.7754038813037312,0.8111604238031827,1.2906506140547216,1.109561715013593,1.0855764245499322,1.0085249414847683,1.3800478850547415,2,0
0.4766836435199229,1.5301009963372223,0.6448290725893133,1.3490822267746991,0.540686230917334,1.3092320205727692,1.8660670542471969,1.2826890678757814,2,0
1.0062561517979454,0.9599388472794148,0.7901198864406225,0.3276515105634617,-0.0534200507191172,0.3683499284662201,2.0424478093228404,0.5565218686743676,2,0
-0.7549173295682465,-1.05784887267252,-1.923771627526832,-0.7688310374435271,-1.390018673431772,-0.6034727699401254,-1.6622949519210053,-1.5165923945551922,1,1
-0.5689705688711875,-1.591519344481766,-1.4598970532668152,-0.4470840390727408,-0.7756561191243945,-0.6375816871556785,-0.4276190120023203,-1.2180599505712917,1,1
1.241701900419309,1.0180352737128644,1.462693120534614,0.2161625277111002,1.3826125139191727,1.1949766615835002,0.9609809685033504,0.68956137639254,2,0
0.6949654844291385,1.6605668949599437,1.611114948628377,1.6833965562657311,0.7905820676755143,0.3224232284949549,0.2480979860210056,1.8174105730163843,2,0
1.4206411543283657,0.5334182050433756,0.8773015075081236,1.166954290775585,0.7561589964078708,0.8491204104895211,1.878833656711771,0.9615202999532224,2,0
0.5048652565809371,0.1431325719296887,1.3095982718732229,1.7651233847650916,1.560377275858159,0.7457342965918247,1.620328928017356,1.2061265828460006,2,0
-1.7025516632036428,-0.0810306213503049,0.0150108979991064,-0.640517124643399,-1.1950450568308195,-1.5021298572422386,-1.1648088010751836,-1.1676981590521278,1,1
-1.1259925294769446,-0.0470366936925371,0.3953759608374959,-1.8385401006243365,-0.2107258149400733,-1.4178561751101135,-1.146888239322807,-1.0392007912394372,1,1
-1.964247924360256,-1.004611719706067,-0.4798872131075368,-1.968178119334247,-0.6837169808907742,-0.5196264536467549,-1.416952791434647,-0.5605802202525846,1,1
2.170784603881078,0.9710868511538916,2.437197522801218,1.1098639200102318,0.1543301865850117,1.3934440825872236,0.7541867985121623,0.9590555406960268,2,0
-0.9065592882968956,-0.8197272557846933,-0.966546781199406,-0.6706292514816407,-1.6736290449445677,-0.9345732627736342,-0.9555437473009822,-1.450516382647316,1,1
0.754916334366429,1.1380878921820805,0.8701378633705261,1.6246290766175036,0.6460733152043037,1.3826506146891455,0.6854580140624063,1.0144309959181774,2,0
-0.43066675675151,-0.5223790637316845,-1.2774787429664674,0.1284912628975918,-0.9952286643815588,-1.028992856580326,-0.7200317060447953,-1.7079813810425095,1,1
-0.6484324760303908,-1.8292824748345933,-1.5494362725201851,-0.9165415240541772,-0.6637216497014202,-1.038371258071617,-0.6107124126368976,-0.8797349034737579,1,1
-0.1484230340112314,1.8661572046393675,0.0847822124942319,0.4093010192673553,1.161004827011748,1.7149239472582594,0.8144885625567118,1.7767958118463592,2,0
1.146710356160941,0.3035374573457178,1.8097364920287535,0.4259935345480307,1.1273714189930286,1.2395563644553944,0.3367108728511989,1.6092903224794377,2,0
-2.1890041672958263,-0.3594330344533372,-2.4663144465104887,-0.9112519342500376,-1.5697462270353308,-0.5207658319114761,-0.847576236944884,-1.0150364622404515,1,1
-0.7941946090612974,-1.012426272657604,-0.7158699420845933,-0.5214391492536838,-2.188810656452544,-0.5957358662165868,-0.9771819539380888,-0.4607669668000127,1,1
0.8985359720980619,1.105985120350962,1.5810694629654338,1.9634811510525496,-0.4903816035329114,0.1601654755243206,0.7330940025515853,0.5634625158304711,2,0
-1.6783231971278885,-0.8984988392069717,-1.257070128573024,-1.3135801169821713,-0.9305711994351418,-0.6254248415197273,-1.0979619017574247,-0.9015227949257736,1,1
-0.7019807729802264,-0.9315173369685928,-1.2018318488637103,-0.6737733623939395,-1.0408517289456969,-1.7302127782827277,-1.3637680227569269,-0.3801345942248803,1,1
0.7607233256489231,1.3296198223423707,1.0244891411513877,1.1857817928926615,1.1865757498468743,2.312311541004107,1.7095354944342105,1.6134596724067571,2,0
0.8568832436604359,1.3063758955180016,0.4849183001963232,-0.1773802542349702,1.036906317100089,0.664687915025308,0.444279863441879,1.35637434699245,2,0
-0.663789495245868,-0.1680734615212594,-1.2847701228618946,-1.317137226523152,-1.17455033263485,-0.4654826281170435,-1.1705010038524994,-1.0485668102332633,1,1
1.376159119147951,1.0585378305460338,0.6605125825704128,1.42123561846442,-0.1639810627453275,1.9733184745548291,0.1245928929915716,1.253208805792995,2,0
1.4666270478135783,1.5589690158254286,1.0800575400194583,1.488516689825902,0.9446545854668208,1.788959036305647,0.6202431249890493,1.0121299123735712,2,0
-1.2769065313322887,0.1680139141242006,-1.0271474822840596,-2.131514298246078,-0.7174889273396089,-0.0794910797430596,-0.048497027204349,-1.1395016019648094,1,1
0.8435619382389979,1.1617847362460791,0.8254704967706827,1.014114425895657,1.3402216232190345,0.3375397036335579,1.0157798860741565,1.1719374393676123,2,0
0.3497497072930666,1.2758176008427704,0.7078862260124902,0.8331114631166602,0.5149707632639591,0.6261779027544954,1.0701456534053135,1.8417041488032304,2,0
-1.516838937524727,-0.8617116485021732,-1.4927036501679078,-0.52053144529386,-0.5601481001244393,-1.123860054256952,-1.0632518712713388,-0.648378722873388,1,1
0.8997114312127301,1.0045037581730647,0.6206640664223142,1.3906518619548631,0.6159619917675525,0.8363497094395672,1.7053112548055114,0.2295713138777211,2,0
-0.9991942362610632,-0.5138538389156646,-1.3330311497342262,-1.1204703010259536,-1.814698874030702,-1.4609367132275746,-1.099146822328483,-1.1735870943487647,1,1
0.7755255978634642,1.3788118164234522,0.6063400523548022,1.3509983992380648,1.6368034091554562,0.9774651021118488,1.539307600176173,0.2575447885822907,2,0
0.7052858272086451,1.118817254856753,0.8366137031768732,1.825002852618371,0.5678074108669194,1.6746295900284296,0.9420471572615208,1.451115917667175,2,0
-0.2368311710306861,-0.3720077817345015,-1.012951260723176,-0.4397304414533309,-1.308553738385053,-0.9126084433485676,-1.0577498237527616,-1.186095813493601,1,1
0.9704384801857756,0.4758886216251485,0.6660542950027726,0.8977717843620536,0.4320848111042938,1.4894087305051562,1.7288436224696793,1.0745235698747584,2,0
0.5276757391872224,0.851732048027984,1.7921068465727283,0.7517398650024006,1.4331712817578894,0.4519827849777168,1.083788389480396,1.6250988941604128,2,0
1.9285751126517083,0.8775120864291547,0.3280387580627992,1.6737907932022298,0.6608515224446181,1.0839148868207886,2.099947921538686,1.5557362251163411,2,0
-0.639037918022886,-0.9752684175434182,-1.7375439023071897,-1.766020082543739,0.3179478215634268,-0.7651090590984351,-1.2723133464689818,-1.6562427235125785,1,1
-0.7536549911413448,-1.1030190050280957,-1.7878049068182205,-0.6053911070317892,-2.177788473213423,-1.8184512392432988,-1.0589482736639466,0.0780715149778491,1,1
1.170487478938779,1.7990414359829057,1.193388452337374,1.2471630634827342,1.1756190247170517,0.8511747157380084,0.8201937576301495,1.2099204985841674,2,0
-1.5213444265226492,-0.793204009930244,-0.4971019594545108,-1.1944140385531352,-0.6047712088525254,-0.8745548696986951,-0.7008898101031301,-1.34890363769039,1,1
1.4705053968415127,0.3810146510413178,0.975439039021538,1.852380046972125,-0.5527019646531961,0.2493274263754117,0.8376470887699456,1.997919812619647,2,0
0.813277611924878,1.2726261265259282,1.4655228595587508,0.8893587577361801,0.5234769913043238,0.550834231762957,0.701752459501174,1.1904337957460562,2,0
-1.1981784263764097,-1.4067528835934922,-1.237836840210334,-0.7987534004006418,-1.461281335861842,-2.0566519845335502,-0.3052377576009794,-1.2214555749611664,1,1
0.729681573142529,1.7610006926031652,0.0970713564963461,1.5654322091478376,1.4664672376800754,0.5951058629600079,0.837361489364751,1.838062952331716,2,0
1.0333573120760744,0.8825821063549719,1.236228450744999,0.3545908251977825,0.4376137610186007,0.5491780528394187,1.0060642203272057,1.44742142192533,2,0
-1.277538743078539,-0.0266244359844312,-0.9729485578497278,-0.8214866563952501,-0.8994053164635816,-0.7842488708526529,-1.1135505311273477,0.568857289455711,1,1
0.7960378263141046,0.5881809989228027,1.341102913821572,1.0114862752352298,0.9220683066581912,1.3262511247482411,0.7007108849321693,2.2436672122437367,2,0
0.1182953865505688,0.0985852504054446,0.8865996873524414,0.8328546306563577,0.1738488079761218,1.959815909233728,1.3295361846181888,0.438600412459101,2,0
0.4097562182733274,0.9624075361963844,1.215046759015627,0.4028681232973964,0.9844710152388934,1.95873933190557,0.5979751696662663,1.5629940754459914,2,0
-1.4437508302399378,-0.8947646247642156,-1.3696400821519534,-1.742495402181142,-1.2825776569294605,-1.1656279658800364,-0.4374814503538119,-1.648450803785376,1,1
-1.1295410725670068,-1.5111327428931054,-0.4291007664321745,-0.7323219565681368,-0.412320843270292,-0.2006227981371622,-1.348763441390736,-0.2761611960905521,1,1
-0.8631377004410715,-1.2313079852968538,-0.9067132379460549,-0.8608625419552995,-0.3153614540664457,-1.519063928315474,-0.9616623115877811,0.1707266165458622,1,1
-1.2939452160798304,-1.1003419810639286,-1.1991564489494675,-0.4330632675139956,-2.145702487247162,-0.7035494910224123,-0.8646582155872755,-1.2586519077285303,1,1
1.0192485586604545,1.0927555089785548,1.293348922683398,1.5284714539764208,1.634331455305401,1.564412617219439,0.4527448727721093,0.4844859434273127,2,0
-0.927817454402804,-0.9285372350991428,-0.7284131919503468,-1.455070267714203,-1.0444925279274226,-1.2219161767802544,-1.6315587928520774,-1.174630729416799,1,1
1.918059253380884,1.5830603582384697,0.8870084580274379,1.1528437110875698,1.6654334811809766,0.9880989254240916,1.5179973763586492,1.0299221105220715,2,0
-0.8453456478700697,-0.4789247339941568,-1.4492399393129385,-1.0876675459628389,-1.3324987190788438,-1.492423406518271,-0.6605890232093036,-1.5321536988805988,1,1
-1.179025860905062,-1.2768523993834895,-0.1828569373206936,-1.4878435542888884,-0.6995368712837917,-0.2796029868249915,-1.5102349144144875,-1.025094924499729,1,1
1.0948234385028068,1.1098366589815454,1.758097890240342,0.2586255326644983,1.1080729910629514,0.8651854677805064,1.4535387319191386,1.4324228434174104,2,0
-0.6365507065316854,-1.3863837246781097,-1.551100243844671,-0.2700504259387672,-1.1705209904328806,-2.393419422323683,-1.421441421502368,-1.0835067907227824,1,1
-0.8619461295371219,-0.5675070702163664,-1.6250058518151824,-1.1711528625316192,-1.04675254036155,-0.3941815355417958,-1.7655306157514965,-1.013796666269477,1,1
0.692403598017586,0.4714874010200206,0.3243400637217578,0.7109127203493399,0.8258869115956646,1.0238242741850885,0.8338690950420129,0.8344444062118523,2,0
0.5501577965603052,1.0141838578296232,1.176318854934824,1.758571747015683,1.2856532722825211,0.9234190045714696,1.0466908597726663,0.2489026707654488,2,0
-0.0077784237364787,1.1994098110349347,1.4728028103350652,1.3645764122757278,0.894787431993103,1.2771846844538708,1.689204168001636,0.7074216257434607,2,0
-1.3994585545733425,-0.7307778790108432,-1.0260930058937652,-0.4052331594927486,-0.9594104394094672,-2.245801626376431,-1.192027480848801,-0.7021642638850536,1,1
1.343345322040314,0.922251086223354,1.263055807782988,0.6900423237150789,0.8244243570514983,0.8790510815245407,1.2854505231698123,2.0677246506861,2,0
-0.6571166499896353,-1.224200133405368,-0.892830704124967,-1.5330725717364624,-1.447735139556954,-0.9573433477478304,-0.6450542085761829,-0.3473450487903491,1,1
-1.375763297086255,-1.5186342166838085,-0.9701696104206694,-0.8201751156909654,-0.471897203727368,-0.5382567880770427,-2.372452639161895,-0.8988600387747219,1,1
-0.9073757819435296,-0.3359971732284378,-0.8815875667882034,-1.8521764264667344,-1.0399047645790294,-0.70839761678245,-1.2071920657970867,-2.161796271225934,1,1
1.862807015490243,-0.2733374751184161,1.6144623107366736,0.7149197164198487,0.5537362574403379,1.5817338856437788,0.7328120226736304,0.6189736738801465,2,0
-1.2496824376303926,-0.3787525327532211,-0.94826309902777,-1.3011567898018987,-0.1317921924708973,-1.2441283586778842,-1.3080809742388593,-0.8865360957661981,1,1
0.0916032776753029,-0.3016165487275476,-0.30867040550725,-1.4133207577814957,-1.4353469734361208,-0.5697368032621246,-1.4565005675443758,-0.6777832817180004,1,1
0.6247889604060042,0.969218096408935,0.5282852498643124,1.575637681413601,1.2899590741170222,0.6786158032218048,1.6724739949792968,0.6485392340373644,2,0
1.1877344414637443,0.82538415703018,1.3694244285214403,0.9835843765965996,0.7375571831993243,1.967831499024396,0.8477067614999811,0.6062503562717945,2,0
1.6926191388364051,0.2501902826397719,0.3223564392503348,1.1279444159597287,0.8988862443956862,0.3979810155821505,0.6242519373330278,0.7911906909520525,2,0
1.508318504369475,1.1875577302048894,1.5909550140051605,0.6037528589897382,0.4137141937112917,0.8679690271665341,1.059172277351091,1.7817420672756326,2,0
1.057663678925692,0.3497495974312861,1.6827211665621795,1.425763727436023,1.6455067093066853,1.5792184919300123,0.5638602719347299,0.256489265939944,2,0
-1.7545609359506145,-0.3136061541300112,0.0281576703797807,-1.6344984226991617,-0.8900039245431646,-1.3242781242780104,-1.86037075195009,-1.0782583757191389,1,1
0.51957149001792,0.9501461002741816,1.1507941550516627,1.286073849560254,1.273225221622305,1.760940340547356,0.225961440107355,1.321392625804785,2,0
-1.717130927894832,-0.4796694292261306,-1.6657957605630531,-1.7271946297221552,-1.600720887563284,-0.1829666472421481,-1.629945238182358,-0.5738409203473003,1,1
1.7359847820988437,0.7541881337134155,2.311896415932694,1.0228859357270428,1.4526692057481936,0.2536039507411383,0.4824451048250203,0.8382241109714227,2,0
1.1955896614463932,0.9354923761358382,0.5312718479165068,0.771197597348967,0.865535657579963,1.046385711450545,1.2712683416088368,1.4228800917446116,2,0
-0.0176416710658037,0.522858298537719,1.0082108247521049,0.7314046021642349,0.1920673476734469,0.6741334208500863,0.3414668182833131,1.5290285386221476,2,0
-1.026887294574652,-1.3304997798677405,-0.6837232460062783,-1.0004352144337598,0.135587703043048,-0.6720693669823623,-1.112349984744493,-1.2300181223800697,1,1
-0.909940709709258,-0.974091978560577,-0.2673332210901697,-1.119493823635947,-1.4216571974428995,-0.9212600447528224,-1.0403311378708182,-0.909500846333048,1,1
1.4091005592580002,0.934656705654866,0.0427570006133897,-0.2456190348980065,0.7317197814924363,1.3492172645118214,0.6790833503408037,0.4105919306115298,2,0
0.5085034736163305,0.8535732962700658,1.5079013234469565,0.9245401856840668,1.6908477092592773,0.7126601432874894,1.5517935046200564,1.489796322878412,2,0
0.888890596910284,0.4430730865080083,0.9283683254176656,1.8251252841983625,0.6233716897609498,0.9382134995250488,1.623899185676116,1.100155484908507,2,0
1.2355185085397449,0.6571476290992376,1.1016559903730976,0.7167068016204085,1.258086048229273,1.3078244787698627,0.934461136989,2.655474642570104,2,0
0.6268456494961542,0.2588282915850493,0.6736908760059919,1.1537133075688768,0.5419974449049834,0.3677360115603436,1.946762753391523,0.7862819171038105,2,0
1.8496425307173905,0.1531189611273414,1.301748582346269,0.7190753866617081,0.749207136262568,0.9917598384998836,0.9563414504704736,0.8395006308264426,2,0
-1.6444886487836683,-1.3361432798878377,-1.3144871271087888,-1.187634985863481,-0.81055927654604,-0.6369387152160524,-1.524802594211269,-0.4611197937904254,1,1
0.7906211114898951,1.4999018751255977,1.0137787869155663,-0.0146834123987266,1.4000945336012378,0.7938939340274542,0.7906877253242388,0.6230224266024262,2,0
1.4428729021486704,1.2383390594049462,1.3919608455601895,0.7060685812824219,0.268725413469236,0.8384545654744016,0.6961763166221968,1.0024049473908827,2,0
-1.836615164141896,0.1603693308100431,-1.3316441288006349,-1.1256453811695817,-1.1757089267442289,-0.2439397748844623,-0.543881516515629,-1.2312644579473335,1,1
0.6012113946184441,1.2015395893932337,1.709172822754775,0.835763002207162,1.5206722158658463,-0.1558029758636518,1.085516571109863,0.637122446857363,2,0
-1.5767186596541205,-0.3766022887286309,-0.9926995237993572,-1.404319280576861,-1.1631505581236925,-1.262590246113076,-0.1946739222796223,-1.077705444310014,1,1
-1.0437857761991078,-0.3501811145012112,-1.483897309142968,-1.308684997500274,-0.9504411854100556,-0.8665146457429316,-0.9469767505255972,-0.6670703300578131,1,1
-1.867351039366531,-1.1327932216251495,-0.9255055531932416,-2.339361906887002,-2.16098856176622,-0.3136507724088334,-1.183083299462548,-1.3217474776460305,1,1
-1.6558924804037358,-1.1322819256517065,-1.4717675971384172,-1.1633239036830538,-1.121510845354035,-0.9304667528020966,-0.7020209301118359,-0.9688769873151172,1,1
-0.3542848585715907,-0.1092072160246941,-0.4557078415063022,-0.333559718818582,-1.7085560357324985,-1.4589890951243087,-0.989053084421059,-0.7055557594330316,1,1
-0.5802049201631369,0.43919286366948,-1.076794635333154,-0.6016729404930397,-1.3217702689407986,-0.7493870550507613,-0.9994469177269584,-0.8329539495536514,1,1
-1.086681033958134,-0.8925412435943488,-1.0088466290592786,-0.6803352759664297,-1.3538005431551403,-2.11289309217338,-0.2503146843113779,-1.3925225833811363,1,1
-1.0167190485459705,-0.6217764518886162,-0.3346212446200207,-1.0583224634082806,-1.1230394796450305,-0.7976126526478533,-1.700465193700045,-0.7595877260717244,1,1
-1.071694807066254,-0.7235075750587769,-1.3050076970224664,-1.64790995545812,-1.1633607355186402,-1.1153222481974296,-1.7180330246863624,-0.6094341485939381,1,1
1.2959466363317984,1.3375067615863472,0.519433487700576,0.7015954898211065,0.3677695087276416,1.2971741429064911,1.1760770022123157,1.845585674164885,2,0
-1.2488955849002268,-1.5250691038736566,-1.818650047325576,-1.3899552862752065,-1.4371155115578276,-1.3809598766278048,-1.21455002497104,-0.9942813200093223,1,1
1.3441830132878856,0.6630484836357436,1.4386377424171677,1.2626346982858183,1.851149274709308,1.531086630835046,0.5697046242279209,1.0018619845732943,2,0
1.416402577476882,1.9000797334939992,0.8050599939160046,1.7547091577001133,0.505329033556575,-0.0033764247482817,1.3199691844271246,0.7323121163137095,2,0
1.4566086365172433,1.1336973875905734,0.7637591413856287,1.1140454890417786,0.6021642699691334,0.9508047512029904,0.587950950066668,1.4010236348254907,2,0
0.6482169213293766,1.5273744139254457,0.5006553254990511,0.3538757967123158,0.9367970329927412,1.4761515585459422,0.1800311979494749,0.8013614005917499,2,0
-1.81331164100454,-1.6846670035523583,-1.0928217529998323,-0.0961946063876602,-1.7567398712415718,-0.5882267201144494,-0.1028335304647511,-1.192102549218889,1,1
-0.5182350531332955,-1.0283789337446492,-1.520165389324974,-1.2866757201586845,-0.8681577929803823,-0.852277770972459,-1.3665561731890747,-0.657546354230611,1,1
-0.8991979577266362,-1.1673076378290737,-1.0708186044870225,-0.1830664811428871,-1.870973685774772,-0.8158288989478815,-0.6594678343541497,-1.8077276023854412,1,1
0.1948084878830577,-0.8664184150963843,-1.8483530713918896,-0.3478588175744123,-0.7161330358938658,-0.6954361141453597,-1.862148242353005,-1.0426351631182451,1,1
-0.8069613599344235,-0.5771899925865887,-0.1837990565728239,-1.2946335431303175,-1.151326402939797,-1.4193445628726786,-0.7659513929714856,-0.252535200960268,1,1
-0.4707633372389704,-1.1235017850410285,-0.0830399403482576,-1.131812856490303,0.1643656022640637,-0.7671927504752521,-0.3023490463805254,-1.274483783346835,1,1
-1.199176916139194,-0.5046182177922606,-0.0181110656399372,-0.7064150179265394,-1.1630147374447577,-0.895442539524858,-0.4770603729657207,-1.1153482250153153,1,1
-0.9654981808388532,-1.1333551904109105,-2.222133473128311,-0.252032619310458,-0.5872143821312843,-0.4230874460565894,-0.9976254834989858,-1.247895906994016,1,1
0.5535334701135157,2.5279741808064005,1.3131530823760031,0.5079066892523791,1.480816153285038,1.0696137881605747,1.138288910683938,0.4913947771580939,2,0
-1.414008561018623,-1.290077735628427,-0.7358616230358956,-1.121134747812544,-0.6216282519052125,0.1148235725833712,-0.9287603636549672,-0.3219121804593588,1,1
0.6923682457591296,0.709968620707742,1.0584146850347038,0.1855542507722273,1.5188566183427057,1.8255440805507623,0.8254674474432716,0.701144163270196,2,0
-1.8010500576406294,-0.2926060792423693,-1.5033635006023558,-1.4028435866103872,0.2417676752541374,-0.7469943602466613,-0.4364244326206613,-0.9015052064674705,1,1
1.6776422284448238,0.6562222740591193,1.1026650225078931,0.938113762870176,0.2553372703716252,1.2816583047579948,1.7745340256009152,1.1984641960509104,2,0
-0.2489230749300721,-1.2778093100075782,-0.7240879268116431,-1.4805362753916154,-1.4609050122706029,-0.934027325640092,-0.8599819476665367,-1.476621071347718,1,1
1.384819015458689,1.2281860960955309,0.6354482681251129,0.5902816276460093,0.818596211863969,1.4686140471869438,1.416138007910625,1.4521765195127838,2,0
-1.0140967538824108,-0.8875978935925244,-1.005745080337819,-0.899556884693874,-1.8911139825662155,-1.3140271785207522,-1.6786015847517586,-0.4454184435943625,1,1
-0.5346907387227346,-0.6930630467676185,-1.200519997695224,-1.244870327677086,-1.4623791350953992,-0.1860684008140808,-1.0848927483407678,-0.8333368566614825,1,1
-0.491414852877343,-0.4601649637562037,-1.0057889065739691,-1.2503353194070526,-1.185500452539739,-0.947098421550775,-0.4138736944979704,-0.7671363251626115,1,1
-1.7020291773197815,-0.8836939066122543,-1.5559288221723762,-1.0304597612964226,-0.3665174399178565,-0.1590820540697048,-1.0329263365355694,-0.5712382450917906,1,1
1.2781182534116138,-0.0751529356218764,0.7862657922893778,1.562747150055651,0.9530577313749102,1.945268400691961,0.8875719621619795,0.9010490548545208,2,0
0.5502118423034087,1.4024184391706231,-0.2384185399216254,0.2616035861844429,0.1206980809205413,0.5426037330307381,1.2749645811445736,1.7698020097031115,2,0
-0.3030936717971123,-0.3210694917158651,-1.457645894245795,-1.6017672909872234,-0.4634911657867247,-0.9954258821487844,-0.5260450614228349,-1.4642242867199728,1,1
-0.0924807794919803,-1.1785466291720643,-0.8567466990536121,-1.4086729547730588,-0.3767741896337402,-1.5392794256726168,-1.099422669624152,-0.3799771624023799,1,1
1.585181272351193,1.139796793004316,-0.1797845537105916,0.9449055218541368,1.1918753284196844,0.4442002868627813,0.9591245448617858,0.9335283842216228,2,0
0.9249289368433272,0.8171312898144398,1.5329109490174313,0.2008062220155058,0.7944473867278482,0.6135392532078083,1.4180785607905455,0.1032013668529054,2,0
-0.0319282117512557,-0.9754179905644396,-1.087942804434217,0.364352742505702,-0.6388199434975749,-1.3469780477798232,-0.3930949688928586,-0.3945453693638603,1,1
0.3885804488081275,1.3555448394108331,1.710154259497282,0.9512139752111024,0.0563389973276993,0.5047618225461147,0.8184815323342353,0.1748912592496349,2,0
1.3537333113587011,1.4835960721235883,0.6519226136554808,0.8270219740929063,0.0312488787078604,1.291920751772578,0.7153221750825336,1.119411295440318,2,0
-0.8813315939163909,-1.0934049446941136,-1.155131889907472,-0.6284758503609357,-1.0731251895266032,-0.8847570850400247,-0.8710844779134983,-0.1690251787122408,1,1
-1.2816379988152158,-0.599413108338283,-1.2873350944153366,-0.4978938149012726,-0.8020181520548041,-0.7369610075819459,-1.561696502440508,-1.6235750650176184,1,1
1.954515760375553,1.0444032927930604,0.6905019229222312,0.5832503464514269,0.9062625961372248,0.8440454564556041,0.9914055758045603,0.713397339989133,2,0
-0.2436790033219387,-0.967730577901685,-0.9568303195888168,-1.543737264342948,-1.3911232149793156,-0.771329355107168,-1.0416155082096743,-1.6624047369387367,1,1
-0.7187959923828906,-1.18931599691313,-0.5229840184536624,0.0602134598307468,-0.8284706025801138,0.1483541528874037,-1.3158561094123278,-0.8444471319361372,1,1
0.8466665871333799,1.1462115936719632,1.6479186575551372,1.883157018459864,1.0947306879663956,0.724196847374425,1.5076654665056206,1.9076527540128487,2,0
-0.6285279944499162,-1.975903730013024,-1.271747176338951,-0.5772034736224222,-1.1999669903404042,-1.1270226976702555,-1.5225515689185178,-0.4729154683459772,1,1
-0.8625510960808682,-0.0211996131916021,-0.3095329396869594,-0.8449678754462429,-1.2093228447250968,-0.7106019553030829,-1.7040055547770503,-1.542927471964597,1,1
-0.8296726208969941,-1.2236367272263406,-0.5207132861771039,-0.6648590621392139,-2.273148653331405,-1.2402291688754317,-0.9634358802568364,-1.5992598245577965,1,1
1.1116715516619178,1.535267155625978,2.0270286538029056,0.6610347016099016,0.4920080546267566,0.8080725859039175,1.3366891114375692,1.0132521118297098,2,0
-1.1939339075964848,-0.7711160136926604,-0.959247806281934,-0.7417021576372999,-1.2533810779753891,-0.3747199414393169,-0.6921619304657921,-0.9300974303921136,1,1
-0.7988718660830882,-0.7712865037169625,-1.6632537247121473,-0.5029522794896796,-0.9932586721888712,-1.0722831814889404,0.2247253280058211,-0.3075540928529133,1,1
-1.136451039268649,-0.6852261489636962,-1.228753240852259,-0.5181346821528618,-2.075939321660934,-1.5757940585616392,-0.1580689391546398,-0.6107224471652914,1,1
0.4445477180761434,0.6181604199593732,0.3470667113766126,1.033421120537727,0.4870142163202866,1.4476716871040989,0.8816441848405007,0.8308934525623599,2,0
-0.4947093263775916,-1.2644291148271982,-0.4035185371409875,-1.7466906908593618,-0.8645127838581044,-1.1756205560798956,-0.8744958596097734,-1.9353324316931488,1,1
-1.0686199562614518,-0.4729628186797416,-0.656356221367022,-0.4757161930392445,-0.5664654668310537,-1.547431490919792,-0.3767980101884631,-1.0029874601154452,1,1
-0.8710863360941095,-0.9668306732721466,-0.5434991243298144,-0.2150463505439545,-1.5993206580910495,-1.5404496462926494,-0.954365183270362,-1.640194219476788,1,1
0.6825090750820872,0.7720519934861171,1.8388420508593355,1.410982659418372,1.2954176798912789,0.1694597757089312,0.9339932762087578,0.2332019936457455,2,0
0.5576710775488862,0.0607990169720772,0.6687924325924626,1.2624661188303543,1.0527651705234953,0.4112488987513972,1.0854949242012906,1.276163352628735,2,0
1.351123086991934,0.5437259057444773,0.4742173150335704,1.697818760405467,1.4353836149521504,1.4956348042500929,1.0691538956686906,0.8431523979758854,2,0
-1.8003552618037937,-0.501785511772948,-0.7432615252327054,-0.5949279444512872,-1.5405074340375196,-1.3429398774958292,-0.7892321367067079,-1.1477120348257135,1,1
0.969336533134742,1.192042815219587,0.1507843319539442,0.6814873799062297,1.9840768048249355,0.6774560363091403,0.9507454723043453,1.124947483641191,2,0
-1.103136885196894,-0.9341801678387164,-1.5671930735646196,0.3415619388598407,-0.8274680080700821,-1.0055532364376945,-1.4931240820451437,-1.2468061547389315,1,1
1.1668124755104916,1.2251919815694712,0.6708990681655139,1.4718435443830469,1.13973101291187,1.747202910003499,1.8467712087003691,0.673026663224554,2,0
0.816794713838584,0.6525584278141847,1.4455071630323832,1.395988406844059,0.893733883153059,0.7073732151936342,2.000395678508986,1.9188232709198731,2,0
-1.635671752601521,-1.136869521229256,-1.1159014072790234,-1.7754428724715774,-0.5280294291402625,-0.5321069138519217,-2.232405206399993,-1.4717886819401125,1,1
0.1635394949989204,0.7450523813454079,1.487543363834254,2.2495522595698194,1.6188364023387969,0.6784200138739649,0.396008751596882,2.383644607533629,2,0
1.286079894556337,1.499667407698032,0.3702519972955432,1.0104076127182204,0.6148755210891053,1.53614942291851,1.1366554939144489,0.8259737684128537,2,0
1.7819927037530263,0.9329236761303962,0.6741167822676911,1.2445645101428142,0.8195050077809968,1.0271050593365227,0.255704597923304,0.9231471176109136,2,0
-1.412681680485994,-1.2365211077134477,-1.9969386216588405,-1.062598409010298,-1.0324725819575815,-2.026882263800717,-0.6174409285686797,-0.962029457496712,1,1
1.6469894191299792,1.1992721152444017,0.6461292327986774,1.2114844200781214,0.7738912957530762,0.8912342779052757,1.306465754074568,0.7546383027763574,2,0
-1.3664079808405285,-1.3372424047725813,-0.8632664955138551,-0.6094856036720155,-1.5077742111957253,-1.3649587596162875,-1.3294115247015657,-1.0849983648398838,1,1
0.0451207226528045,0.2270825473732466,-1.1731523143549143,-1.6490789147455072,-1.3202892907259751,-1.276303523516021,-0.6070522122754631,-1.907948446403976,1,1
0.0604077460749898,-0.7918902940239334,-0.1635813239626654,-0.5604559293410982,-0.5401328164778813,-1.0872084093286685,-0.951065222824405,-0.8346457664540937,1,1
-1.9937620722511007,-1.136821850675459,-1.494996744720149,0.3023847976216095,-1.0133893648511345,-1.8017559235284808,-0.6286065677424897,-1.1739667763403714,1,1
0.4369284654886228,1.4212608520205956,0.7685753044975303,0.4066981756743488,0.4989988645692946,0.0042042073604005,0.8949930783952134,0.9300330935656383,2,0
-1.6496634907368275,-0.7633229773806295,-1.0537885949853345,-2.0139354204329627,-0.8092768999182157,-2.1081292392364195,-1.166868645862818,-1.3879421724353636,1,1
0.3505497961404242,-0.4040625716035932,-0.9687917185484768,-0.6796363914694805,-1.0192889043244695,-1.0720844814412334,-1.0392657871708078,-0.7350197828919027,1,1
1.2031988880817184,1.7038383764834546,1.0951584139956707,1.3291680544197848,1.009734805919544,1.3242406236556596,0.2142586175137497,0.8968921324472984,2,0
0.4264506327812903,1.153600868488784,0.9908348272744396,1.6895205909924425,1.0795058510533837,1.003280390606232,0.7538931192382847,1.5377264412903806,2,0
-1.553744018023825,-1.319616582155435,-0.6005745915860788,-1.000841900820832,-0.1590065453974366,-1.7534442631865796,-1.2229168938564483,-1.2966011961009705,1,1
-1.412275708565057,-1.7263340090177446,-1.4158223761362745,-0.7698899238504189,-1.811701862684845,-0.8743925256660577,-0.4124584539381302,-0.8466863508346337,1,1
-1.7650984452816247,-0.9481553006359156,-1.436200068467203,-0.5125061015870986,-0.4392349168638401,-1.874171654711652,-0.437086181787945,-0.9530939275524388,1,1
0.324515459108488,1.2563230596044876,1.1594640990426732,1.4678072800002484,0.5459200479223002,2.6086515705298368,0.8067518278200342,0.8204112229924458,2,0
-0.969855694653255,-0.5712708109130349,-1.8033870367818936,-0.2999337319845191,-0.6497313548181576,-0.9900442909893172,-0.3957167106994874,-1.594472805176688,1,1
-1.3582084717873129,-1.6225999831329174,-1.0025475589773571,-1.4848108319354758,-0.8878549120427652,-0.0569823582826937,-0.755203308580015,-1.0084768444161614,1,1
-0.7557782443425533,-1.0118983049150456,-1.1783552881989026,-0.0404197147788885,0.1920513696159349,-1.0763050348996157,-0.8047348528956675,0.0279307470181989,1,1
-1.295264277336248,-1.0062426199190444,-1.0916471337869882,-1.7210490826712477,-0.6470020967058773,-1.9468373707491309,-1.0684559210668023,-0.8407238986239647,1,1
-0.7229811936699729,-0.4107396360260701,-0.791594331631942,-1.2744273603906318,-2.048151542290275,-1.3871886109478064,-1.5402778820510967,-0.1451110826182676,1,1
1.4259923264112897,1.515285103685164,1.6383500057506175,1.1441324170502376,0.3547353376261566,1.923120985686444,0.7402037508532658,1.022777786959269,2,0
1.1477270325550617,1.2438568927700508,1.440717462247041,1.3847105235341106,0.4407697034262614,0.8781625482508333,1.1980937212010487,1.893182968639231,2,0
-1.6828279969951705,-0.4745545029576531,-0.9053940321259644,-1.710875172396615,-1.1108070216591792,-1.146057730537064,-1.9196280022665408,-2.125906051038289,1,1
-0.8971976252291074,-0.835194845080186,-0.3804931760701391,-1.0829767355762852,-1.054831927874047,0.2231205743542148,-1.0814458922892367,-0.948915760404746,1,1
-1.9619901663694013,-1.317047572608343,-1.813282493324374,-0.3223381044336069,0.2814584906371791,-1.0448200395398988,-1.2676736716023742,-0.6141831836170664,1,1
1.0974103930948635,0.2276383378357579,0.9147797349418582,0.0508587613813509,0.8236362155554356,0.7220127424446204,1.1485270490591195,1.0847335860664666,2,0
-1.255288324733784,-1.3972600230303194,-1.239213667511769,-0.91351858270215,-0.8197636331645316,-0.0409146020928928,-0.7920141158680052,-0.7388725451845595,1,1
-0.5008563796199859,-1.2957468302709607,-1.1027452042857944,-0.499283004665658,-0.9780590699017148,-0.7423195449881199,-0.070315132505738,-0.0272595092662726,1,1
2.118662736939908,1.6475488873575257,2.1940342253157743,1.8725949743262305,0.3154621053419134,1.8456167931014336,1.4316535004585291,1.1497566800208412,2,0
-0.6317696379215221,-1.016655663082305,-1.8357209198955045,-0.0290210376737153,-1.5793889739049485,-0.6291862432773292,-1.3736294146646986,-1.0541210821006604,1,1
-0.7241675218452246,-0.0174827317185123,-0.0001705372629522,-1.079244809250221,-0.6239395869676077,-1.3281755315521897,0.1505699993494689,-0.7396920445101736,1,1
0.5265851452402627,0.8594678165348807,1.5425207810654231,1.266296585919664,1.840596105590223,1.0566557599381012,0.5763300858817716,0.4633488077436419,2,0
0.8512122486464017,1.17956683766258,0.2792638420019718,2.1668733609971915,0.5987574399879174,1.0724672478180248,1.0983640108860375,1.2893366188156614,2,0
-0.1725027444494737,-0.331362629256399,-1.008615977432184,-1.3216198851156526,-0.6219667378522679,-1.881198623481047,-1.0965922433651212,-1.1046947920818813,1,1
0.6892903079433954,0.5996221543819419,1.6250223650092983,0.5240095094246773,0.3602675615545563,0.7044233623894905,1.0426104516823995,1.1906825135388088,2,0
0.3384331612997625,1.5510528336152778,0.1251860103540178,0.3633200493707996,1.200092652403155,1.5267093015777222,0.8495467262178746,0.4669435758467748,2,0
-0.8330919035478708,-0.5215858102044748,-1.0704090552580805,-0.3975063369230677,-1.341541112439956,-0.9270613743597312,-1.3256014166876868,-1.187188814187082,1,1
