-0.1920665760222017,-0.3602005623015308,1.4423832477086511,-0.7636374532196352,0.2080475442925054,-0.6674793336006529,-1.18919198786653,1,train
-0.8776202326644789,-0.9358635614135664,-0.1102346593664994,-0.8722329433081474,-0.7552923270199934,1.2912226407184293,-0.703783718410292,3,train
0.0628629244377407,0.1617338902267145,-0.2205299205248405,0.1662114306632481,-0.1236810615313578,-1.1781552057342188,0.0630797661088089,1,train
-0.7122605566904626,-0.7593269083525418,0.0255133543668506,-0.8292472284814464,-0.6172932269972674,-1.6828309697095578,-1.2768918012556827,1,train
-0.7294855229377556,-0.6211677885656535,-1.0689550063582554,-0.4898863219548455,-0.999444580906357,-0.1114693109382585,-0.695625596234556,1,train
-1.2324545373587237,-1.21985730764217,-1.2343978980957715,-1.2229058800523014,-1.3152502136506754,0.4058733480377824,-0.8322741426781194,3,train
-0.7053705701915448,-0.8360819749008128,0.6363794161669074,-1.060012644919533,-0.3519103423381765,0.7818801259533585,-1.0076737694564248,3,train
0.183437688168795,0.1617338902267145,0.6236530398794076,0.0757151889228213,0.4256615097129593,-1.1341544125738854,-0.37949836192482,1,train
-0.3608712452456766,-0.398578095575667,0.3563991378418786,-0.5713329395212285,-0.2749493057870404,-1.4268263549585272,-0.911815833891536,1,train
-0.9637450639009458,-0.8821350148297761,-1.2471242743832716,-0.8179351982638913,-1.092328590537039,0.8585481746418183,-0.7384557376571651,3,train
0.3556873506417291,0.2615154767394679,1.1793714711002938,-0.023830676991647,0.6591984482129593,-1.9567692410668451,-0.6466768631801453,1,train
0.2454475666590512,0.2538399700846409,0.4794207752877242,0.3336294778830371,0.396469392400459,0.8478813156938587,0.8952082280337909,2,train
1.409855284976086,1.3514374217249217,0.9842337013586064,1.1661949018949636,1.5031160214288677,-0.5281434885929306,1.1032403435150349,2,train
0.6622917498435513,0.8141519558870212,-0.305372429108182,0.6752527904531475,0.4760842577981868,0.8132140241129897,0.7891526397492334,2,train
-1.277239449601686,-1.3580164274290596,-0.644742463441548,-1.3971111454026226,-1.232981519406357,1.7918983325882831,-0.7323371460253636,3,train
-0.6295807187034541,-0.6134922819108265,-0.2926460528206822,-0.5283472246945277,-0.6172932269972674,-0.2181379004178543,-1.18919198786653,1,train
-0.9361851179052764,-0.6365188018753074,-2.668236293154239,-0.530609630738037,-1.363019132889311,0.7498795491094797,-0.3835774230126889,3,train
1.18937571701073,1.021390635567355,1.6884265226003423,0.7928979047157033,1.3173480021675033,-0.5754776751745011,1.1297542405861738,2,train
0.0904228704334102,-0.01480276283431,1.1708872202419558,-0.1120645126885644,0.5397761501163686,-0.3814741780584859,-0.46515864477004,1,train
-1.1566646858706322,-1.0279696412714914,-1.8961694650458325,-0.7342261746539968,-1.495710575218857,1.125219648340808,-0.2000196740586492,3,train
-0.8500602866688094,-0.8591084948652952,-0.4283940665540277,-0.9265306883524034,-0.7154848943211307,1.1812206578175963,-0.7404952682010996,3,train
1.4787551499652591,1.574027114714908,0.0509661069418502,1.4263715968986908,1.2695790829288676,1.9879018657570413,1.315351520084148,2,train
0.6864067025897622,0.8525294891611573,-0.3690043105456905,0.8358836195424063,0.598160384741368,0.6498777464723582,0.9563941443518028,2,train
-0.7673804486818016,-0.6825718418042707,-0.971386121487414,-0.4944111340418663,-0.922483544355221,-0.2628053722624353,-0.3611425870294171,3,train
1.6062199001952309,1.6507821812631809,0.2970093818335415,1.6684490435543309,1.4394241291106855,-0.4921428396435667,1.584569551883406,2,train
-1.3185793685951903,-1.196830787677689,-2.2100867468041985,-0.6867156477402729,-1.479787602139311,2.0232358360221574,-0.4998306640169132,3,train
0.1420977691752905,0.2154624368105047,6.060179184631368e-05,0.3042181993173987,0.1417018231277318,-0.986151744670946,-0.3835774230126889,1,train
0.5382719928630391,0.5301582096584175,0.6618321687419116,0.2024099273594188,0.7069673674515949,0.3445389090870144,0.4281557334729556,2,train
0.011188025695861,0.0082237571301722,0.4285152701377203,-0.1686246637763299,0.1974322289061417,-1.7881662018206586,-0.9220134866112047,1,train
-0.726040529688297,-0.6825718418042707,-0.6192897108665436,-0.5283472246945277,-0.8030612462586304,-0.7974816770289105,-1.0994526439334449,1,train
-1.3874792335843638,-1.3273144008097502,-1.9258643430500035,-1.0147645240493208,-1.6682094502472655,0.7685465522684087,-0.6507559242680124,3,train
1.3926303187287925,1.2823578618314777,1.2642139796836351,1.3539746035063494,1.3545016060197763,-0.0408013704080262,1.13791236276191,2,train
1.2341606292536926,1.082794688805972,1.556920634296159,0.7951603107592147,1.3598092637129575,-0.4774759085901224,1.0135009995819495,2,train
-1.3564742943392358,-1.3503409207742312,-1.433777793266621,-1.2229058800523014,-1.5487871521506753,0.3192051190856107,-0.9220134866112047,3,train
-1.4667140783219137,-1.6496856803124902,-0.2629511748165113,-1.6505006222758176,-1.2515583213324937,0.8498813517466006,-1.2524174347284784,3,train
-0.3815412047424288,-0.3909025889208387,0.1442928663835249,-0.3315178989090981,-0.3837562884972674,-0.5121432001709911,-1.18919198786653,1,train
-1.180779638616843,-1.3042878808452694,-0.114476784795666,-1.403898363533155,-1.084367103997266,-0.6668126549164053,-1.6338096464440934,1,train
0.931001223301329,0.8448539825063304,1.1920978473877937,0.3675655685356984,1.1448491271390946,1.1105527172873637,0.5158555468621066,2,train
-0.7329305161872143,-0.7593269083525418,-0.1017504085081615,-0.9106938460478294,-0.5562551635256762,0.2678708603985552,-1.0076737694564248,1,train
-0.7398205026861321,-0.6518698151849613,-0.9289648671957432,-0.5487088790861224,-0.922483544355221,-0.2934725917378193,-0.1877824907950461,3,train
1.4925351229630937,1.589378128024562,0.0297554797960172,1.6752362616848628,1.1209646675197766,-0.2288047593658139,1.6743088958164931,2,train
1.3099504807417832,1.4205169816183658,-0.0508449033581576,1.4851941540299676,0.8900815578663673,0.4605410001460753,1.4152885167369038,2,train
-0.2540764545124579,-0.2911210024080866,0.4666943990002244,-0.1980359423419684,-0.0997966019120399,-0.6308120059670417,-0.7547719820086354,1,train
1.4236352579739202,1.6124046479890444,-0.5089944497082025,2.0824693495167845,1.0917725502072764,-0.0061340788271574,2.22294261213468,2,train
1.537320035206056,1.558676101405254,0.4454837718543867,1.611888892466565,1.4633085887300037,-0.1488033172561171,1.6926646707118975,2,train
1.8577044074057132,1.804292314359723,0.7933380570460905,1.5530663353352885,1.866690573411821,1.4672258133597629,1.5906881435152074,2,train
-0.567570840213198,-0.6902473484590976,0.7339483010377487,-0.8880697856127233,-0.0706044845995396,3.0765881571331675,-0.7180604322178278,3,train
-0.1748416097749081,-0.1452863759663713,0.0679346086585213,0.0033181955304799,-0.1820652961563584,-1.5914959899676535,-0.526344561088052,1,train
0.5486069726114154,0.5301582096584175,0.7212219247502488,0.5779693305821905,0.6538907905197768,-1.1541547731013098,0.2547956372385846,1,train
-0.8914002056623139,-0.7363003883880608,-1.599220685004137,-0.4989359461288871,-1.1294821943893112,0.7038787198964039,-0.0980431468619589,3,train
-0.8121653609247641,-0.8437574815556399,-0.2205299205248405,-0.8179351982638913,-0.77386912894613,0.4805413606734997,-0.8281950815902522,3,train
-0.7191505431893798,-0.905161534794257,1.0775604608002811,-1.2568419707049607,-0.2749493057870404,-0.5814777833327286,-1.1789943351468617,3,train
-0.3677612317445944,-0.3832270822660117,0.2079247478210334,-0.3383051170396304,-0.2722954769404487,-0.3761407485845061,-1.093334052301643,1,train
-0.1335016907814036,-0.1606373892760253,0.4582101481418912,-0.5441840669991015,0.3142006981561405,-0.5988114291231629,-0.742534798745034,1,train
-1.13599472637388,-1.120075721129418,-1.0816813826457552,-1.0441758026149592,-1.0976362482302202,2.009902262337208,-0.9220134866112047,3,train
-0.2954163735059618,-0.5597637353270363,2.0065859297878705,-1.1527712927034717,0.3301236712356866,1.022551130966697,-1.2789313317996172,1,train
1.3444004132363705,1.2439803285573414,1.2260348508211312,1.091535502459111,1.6198844906788674,0.3252052272438376,1.1909401569041878,2,train
-1.2324545373587237,-1.3042878808452694,-0.623531836295715,-1.216118661921769,-1.2064432309404485,0.1898694543416002,-0.8302346121341849,3,train
-0.1231667110330277,0.0389257837494801,-0.7295849720248894,0.1956227092288865,-0.386410117343858,0.2772043619780194,-0.0246200472803437,1,train
-1.0670948613847069,-0.797704441626678,-2.663994167725072,-0.417489328562504,-1.5408256656109025,0.4518741772508582,-0.2000196740586492,3,train
0.5796119118565436,0.5992377695518617,0.4794207752877242,0.5576076761905937,0.5530452943493229,1.2212213788724446,0.9625127359836044,2,train
-0.8535052799182685,-0.8360819749008128,-0.6065633345790438,-0.9604667790050648,-0.7924459308722667,0.145868661181267,-0.8302346121341849,3,train
1.4133002782255435,1.4281924882731942,0.5048735278627285,1.401485130420073,1.3173480021675033,-0.2214712938390919,1.5091069217578563,2,train
-1.039534915389037,-1.0202941346166643,-0.9077542400499056,-0.8269848224379349,-1.1109053924631758,0.9965506622810456,-0.206138265690449,3,train
-0.8569502731677272,-1.0509961612359735,0.9036333182044316,-1.2500547525744303,-0.5748319654518128,-0.3201397391077181,-1.6378887075319606,1,train
-0.9051801786601484,-0.9512145747232202,-0.2459826730998449,-0.9152186581348504,-0.77386912894613,1.1792206217648538,-0.3815378924687544,3,train
-0.2368514882651642,-0.122259856001889,-0.5344472022832022,0.0666655647487796,-0.3439488557984035,-0.4188081843763445,-0.4733167669457743,1,train
-0.9086251719096068,-0.8360819749008128,-1.0901656335040883,-0.6143186543479315,-0.970252463593858,-1.3594918078495322,-0.4692377058579072,3,train
-1.2462345103565575,-1.3349899074645772,-0.4920259479915314,-1.22064347400879,-1.1613281405484022,2.549245317893415,-0.9199739560672722,3,train
-0.2885263870070446,-0.2066904292049885,-0.3605200596873525,-0.0441923313832438,-0.2669878192472675,-0.988818459407936,-0.5630561108788614,1,train
1.409855284976086,1.4819210348569818,0.1697456189585292,1.8471791209916748,1.009503855962958,0.9092157546446262,1.9455664581596852,2,train
1.4822001432147172,1.4512190082376737,0.7636431790419196,1.3946979122895409,1.4765777329629577,-0.4108080401653748,1.584569551883406,2,train
0.183437688168795,0.2615154767394679,-0.01690789992482,0.5779693305821905,0.0249333538777318,0.5078751867276459,0.7891526397492334,2,train
1.8301444614100448,1.8963983942176488,0.1061137375210255,2.0010227319503997,1.3651169214061405,-1.1934888154719108,1.584569551883406,2,train
2.18153377285483,2.034557514004537,1.1836135965294603,2.13676709456104,2.055112421519776,1.3865576925658187,1.6783879569043605,2,train
1.3788503457309578,1.2363048219025157,1.467836000283651,1.1842941502430488,1.45269327334364,-0.5714776030690164,1.6151625100424136,2,train
-0.8225003406731399,-0.8821350148297761,-0.01690789992482,-0.8880697856127233,-0.6411776866165853,0.8578814959575707,-0.5324631527198537,3,train
0.8655463515616135,0.9216090490546016,0.3182200089793744,1.1684573079384728,0.8370049809345492,-0.1161360617279909,1.1481100154815784,2,train
0.2488925599085098,0.4534031431101464,-0.7762483517457267,0.6594159481485735,-0.0732583134461314,-0.7068133759712538,0.96047320543967,2,train
0.0697529109366585,0.0926543303332703,0.2927672564043748,0.1888354910983543,0.1841630846731863,-1.0474861836217138,-0.0980431468619589,1,train
0.0559729379388235,0.1540583835718875,-0.2247720459540071,0.3630407564486756,-0.0361047095938581,-1.2728235788973603,-0.8302346121341849,1,train
1.3719603592320393,1.3284109017604395,0.8781805656294319,0.9241174552393217,1.3996166964118215,-0.7648144215007843,0.96047320543967,2,train
0.9585611692969978,0.9983641156028726,0.3818518904168829,0.91506783106528,0.8343511520879585,0.0311999274907011,1.0624497326363602,2,train
-0.794940394677471,-0.6825718418042707,-1.2089451455207674,-0.4016524862579301,-1.00740606744613,-0.4121413975338699,0.1691353543933645,3,train
1.809474501913293,1.865696367598339,0.1527771172418628,2.1548663429091257,1.396962867565231,-1.1634882746807744,2.123005615481924,2,train
-0.1782866030243667,-0.2143659358598155,0.5133577787210618,-0.2817449659518649,-0.1581808365370405,-0.248138441208991,-0.3754193008369529,1,train
-0.5813508132110324,-0.5674392419818632,-0.2035614188081741,-0.3948652681273978,-0.7526384981734028,-1.896768159484573,-0.7180604322178278,1,train
0.4452571751276548,0.330595036632912,1.3745092408419763,0.0666655647487796,0.8051590347754582,-1.5634954852292595,-0.4753562974897087,1,train
0.8310964190670275,0.8985825290901206,0.2248932495376998,0.7906354986721918,0.8900815578663673,0.5592094454147014,0.7809945175734991,2,train
-1.3840342403349053,-1.2275328142969968,-2.591878035429235,-0.7930487317852757,-1.6390173329347657,0.9878838393858284,-0.4549609920503714,3,train
-0.9155151584085248,-0.9205125481039124,-0.5556578294290399,-0.8790201614386796,-0.9277912020484034,0.7712132670053989,-0.5100283167365819,3,train
1.08258092627751,0.9983641156028726,1.19633997281696,0.5915437668432529,1.155464442525458,-1.0881535833608096,0.8748129225944516,2,train
-0.7398205026861321,-0.8821350148297761,0.6957691721752445,-1.0079773059187884,-0.4447943519688574,3.170589851612062,-0.8322741426781194,3,train
-0.14383667052978,-0.122259856001889,0.1739877443876958,-0.0984900764274999,0.0355486692640954,0.1832026674991256,-0.5385817443516552,1,train
-0.9740800436493224,-0.9435390680683932,-0.8780593620457393,-0.6301554966525075,-1.1905202578609024,0.3805395580363782,-0.2040987351465163,3,train
-0.2540764545124579,-0.3525250556467038,0.8527278130544277,-0.4717870736067601,0.1151635346618233,-0.6668126549164053,-0.8322741426781194,1,train
1.389185325479333,1.3053843817959598,1.0987710879461188,1.0304505392843224,1.3412324617868212,-1.3674919520605018,1.4295652305444395,2,train
-1.1842246318663017,-1.2352083209518252,-0.6362582125832147,-1.2183810679652805,-1.2834042674915844,0.8378811354301462,-1.18919198786653,3,train
-0.5813508132110324,-0.7746779216621957,1.2684561051128018,-1.1097855778767685,-0.1528731788438581,-0.826148860451552,-1.2748522707117482,1,train
-0.2609664410113751,-0.1145843493470621,-0.7677641008873936,0.2001475213159074,-0.192680611542722,0.1465353398655144,-0.2224545100419192,1,train
-1.235899530608182,-1.189155281022862,-1.5058939255624624,-1.0011900877882562,-1.455903142519993,1.089885678075692,-0.6446373326362126,3,train
-0.4642210427294373,-0.5444127220173823,0.6024424127335698,-0.627893090608996,-0.2669878192472675,-0.9674847415120166,-0.4733167669457743,1,train
-0.9775250368987808,-0.797704441626678,-1.955559221054174,-0.5057231642594194,-1.280750438644994,2.1945722578737583,-0.2816008958160004,3,train
-0.4504410697316028,-0.5444127220173823,0.6830427958877447,-0.6346803087395283,-0.2722954769404487,-0.7421473462363699,-0.4692377058579072,1,train
-0.8293903271720577,-0.7439758950428877,-1.0519865046415888,-0.7002900840013375,-0.9596371482074942,0.8158807388499799,-0.2816008958160004,3,train
-0.161061636777073,-0.2680944824436043,1.0224128302211106,-0.5487088790861224,0.1417018231277318,-0.8254821817673044,-0.9220134866112047,1,train
-0.6778106241958752,-0.8130554549363319,0.7169797993210822,-1.107523171833257,-0.370487144264312,-0.8988168370345269,-1.6338096464440934,1,train
-0.0163719202998084,-0.0301537761439639,0.4794207752877242,0.0621407526617568,0.07800993080955,-0.3921410370064455,-0.2020592046025819,1,train
-1.2462345103565575,-1.288936867535614,-0.8441223586124018,-1.1052607657897475,-1.2303276905597662,0.416540206985742,-0.8261555510463179,3,train
0.6140618443511296,0.6913438494097881,0.1570192426710294,0.9603159519354924,0.5477376366561405,-1.106820586519739,0.9563941443518028,1,train
-0.2816364005081274,-0.3064720157177406,0.3648833887002165,-0.4310637648235685,-0.1528731788438581,-1.3221578015316735,-0.8302346121341849,1,train
0.4624821413749484,0.4610786497649733,0.5897160364460701,0.462586622363146,0.4309691674061405,-1.8648342505091184,-0.206138265690449,1,train
1.2410506157526098,1.1979272886283794,0.8951490673460983,1.082485878285069,1.3545016060197763,-0.9768182430914816,0.787113109205299,2,train
-1.2014495981135953,-1.1584532544035526,-1.3913565389749547,-1.026076554266874,-1.3364808444234026,0.2318702114491913,-0.2958776096235361,3,train
-1.3943692200832811,-1.5268775738352558,-0.5089944497082025,-1.4649833267079433,-1.1613281405484022,0.7152122575286106,-0.703783718410292,3,train
1.4753101567158,1.3437619150700937,1.3787513662711428,1.2544287375918788,1.707460842616367,-1.0608197573066631,1.0522520799166917,2,train
-0.0508218527943957,-0.2680944824436043,1.8793221669128584,-0.9582043729615533,0.5503914655027322,-1.2888238673192998,-1.5481493635988752,1,train
-1.0464249018879543,-0.8514329882104682,-2.1719076179416943,-0.4876239159113341,-1.439980169440447,0.7985470930595451,-0.1143593912134291,3,validate
-1.2634594766038514,-1.166128761058381,-1.8834430887583324,-0.924268282308894,-1.5010182329120385,-0.245471726472001,-0.8302346121341849,3,validate
1.588994933947937,1.48959654151181,1.166645094812789,1.0960603145461334,1.680922554150457,0.4052066693535348,1.2256121761510623,2,validate
-0.6743656309464167,-0.6058167752559995,-0.7168585957373896,-0.3021066203434597,-0.6172932269972674,1.6565625596860456,-0.1877824907950461,3,validate
1.4511952039695892,1.4512190082376737,0.6109266635919031,1.7815693457298656,1.2218101636902303,-0.968151420196264,1.5396998799168642,2,validate
-1.1015447938792933,-1.143102241093899,-0.5726263311457063,-1.177657759182089,-1.084367103997266,1.0058841638605098,-0.5569375192470599,3,validate
-0.5262309212196935,-0.4753331621239381,-0.4114255648373612,-0.1980359423419684,-0.4925632712074944,2.2232394412964,0.0651192966527434,3,validate
0.2247776071622989,0.2308134501201586,0.4666943990002244,0.5621324882776145,0.3646234462413681,0.6738781791052676,0.2445979845189141,1,validate
-0.0542668460438543,-0.0531802961084449,0.3776097649877163,-0.1482630093847351,0.0010488942584139,-0.0761353406731423,-0.3856169535566215,1,validate
-0.9430751044041942,-0.9895921079973564,-0.3011303036790154,-0.8880697856127233,-0.7526384981734028,0.287871220925979,-0.8077997761509149,3,validate
-1.2083395846125125,-1.2966123741904425,-0.4835416971331982,-1.302090091575175,-1.0870209328438567,-0.2354715462082889,-0.8261555510463179,3,validate
0.1765477016698772,0.1540583835718875,0.640621541596074,0.1639490246197367,0.3566619597015951,-1.55549534101829,-0.5630561108788614,1,validate
-0.088716778538441,-0.2143659358598155,1.2005820982461268,-0.627893090608996,0.1974322289061417,0.3232051911910951,-1.2789313317996172,1,validate
-0.5090059549724004,-0.5981412686011726,0.5897160364460701,-0.698027677957826,-0.3466026846449941,0.6465443530511209,-0.6466768631801453,3,validate
2.109188914616197,2.065259540623845,0.6321372907377407,2.114143034125932,1.9436516099629575,0.651211103840853,1.8517480531387311,2,validate
-1.4150391795800332,-1.4040694673580214,-1.6161891867208082,-1.0939487355721944,-1.636363504088175,0.6678780709470401,-0.907736772803669,3,validate
0.8517663785637791,1.036741648877009,-0.4708153208456984,0.98520241841411,0.3832002481675047,0.0825341861777567,1.0481730188288227,2,validate
1.275500548247197,1.2746823551766493,0.6575900433127404,1.1865565562865583,1.10238786559364,-1.3081575491624766,0.9910661635986776,2,validate
0.6967416823381387,0.8371784758515034,-0.2629511748165113,1.1548828716774104,0.5424299789629592,-0.0028006854059198,1.1399518933058426,2,validate
-1.1601096791200909,-1.1584532544035526,-1.0053231249207468,-1.0147645240493208,-1.3285193578836296,1.4505588462535763,-0.8281950815902522,3,validate
1.079135933028052,0.9906886089480456,1.2005820982461268,0.7928979047157033,1.1368876405993216,-0.9621513120380368,1.0420544271970211,2,validate
-1.2634594766038514,-1.4117449740128485,-0.1272031610831659,-1.4016359574896435,-1.1905202578609024,0.2338702475019338,-1.1830733962347284,3,validate
0.0490829514399063,0.0005482504753452,0.7339483010377487,-0.1324261670801592,0.3142006981561405,-0.4948095543805566,-0.4753562974897087,1,validate
2.019619090130272,2.049908527314192,0.2248932495376998,2.1503415308221028,1.4739239041163672,0.5005417212009236,2.127084676569791,2,validate
1.4236352579739202,1.5433250880956002,-0.0975082830789949,1.8562287451657165,0.7786207463095498,-1.0374860033580016,2.13116373765766,2,validate
-1.2427895171070993,-1.196830787677689,-1.488925423845796,-1.2183810679652805,-1.4426339982870389,-0.1194694551492282,-0.6527954548119468,3,validate
0.7828665135746057,0.7604234093032323,0.7721274299002527,0.5010475251028262,0.8157743501618219,-0.5614774228053042,0.6892156430964793,2,validate
0.2592275396568856,0.4227011164908371,-0.5514157039998733,0.4603242163196346,0.0727022731163687,-0.6501456878102184,0.7014528263600807,2,validate
-0.4814460089767309,-0.413929108885321,-0.4496046936998606,-0.2545960934297359,-0.5137939019802217,-0.1128026683067533,-0.6344396799165422,1,validate
-0.3470912722478422,-0.4753331621239381,1.039381331937777,-0.6889780537837844,0.3195083558493229,-0.960817954669542,-1.2299825987452064,1,validate
-0.5606808537142801,-0.5520882286722093,-0.1272031610831659,-0.5283472246945277,-0.5005247577472673,0.3045381880321661,-0.6527954548119468,1,test
-0.6123557524561605,-0.4906841754335921,-0.9756282469165808,-0.3541419593442043,-0.7022157500881753,1.0692186388640204,-0.0266595778242782,3,test
-0.2540764545124579,-0.2297169491694694,0.0509661069418502,-0.2455464692556942,-0.2404495307813578,-0.6748127991273749,-0.3856169535566215,1,test
-0.1955115692716603,-0.2987965090629136,0.9927179522169396,-0.5238224126075047,0.1045482192754596,1.9899019018097832,-0.8302346121341849,1,test
0.7690865405767701,0.629939796171171,1.565404885154497,0.4603242163196346,1.1262723252129578,-0.4961429117490517,0.1548586405858287,1,test
1.4684201702168829,1.3053843817959598,1.5738891360128302,1.1888189623300698,1.7817680503209126,-0.5094764854340013,1.3683793142264258,2,test
1.1445908047677675,1.3053843817959598,-0.3096145545373486,1.4535204694208177,0.6724675924459135,-0.5648108162265415,1.7640482397495785,2,test
-1.1325497331244214,-0.9588900813780472,-2.1719076179416943,-0.6007442180868671,-1.527556521377948,0.2412037130286561,-0.4610795836821711,3,test
0.3212374181471418,0.2691909833942948,0.9036333182044316,0.1028640614449503,0.4654689424118232,1.2618887786115405,-0.5548979887031255,1,test
0.183437688168795,0.0773033170236164,1.187855721958627,-0.3428299291266512,0.5477376366561405,-0.0668018390936775,0.0630797661088089,2,test
-1.3495843078403185,-1.3503409207742312,-1.3574195355416172,-1.317926933879749,-1.4373263405938566,1.1318864351832827,-0.7404952682010996,3,test
-1.0429799086384957,-0.889810521484603,-1.849506085324995,-0.7116021142188905,-1.278096609798402,0.5138752948858734,-0.4692377058579072,3,test
-0.7501554824345079,-0.9512145747232202,1.1327080913794565,-1.4581961085774109,-0.3280258827188587,-0.9334841286153956,-1.3523544313812323,3,test
-0.5193409347207762,-0.4676576554691112,-0.3817306868331903,-0.5419216609555901,-0.4899094423609038,1.5298936096790257,-0.206138265690449,3,test
0.9585611692969978,1.0904701954607992,-0.1568980390873368,1.2725279859399643,0.8025052059288676,0.2505372146081203,1.3296282338916836,2,test
-0.9465200976536527,-1.0816981878552816,0.352157012412712,-1.184444977312619,-0.8428686789574943,-0.9994853183558956,-0.7180604322178278,3,test
-0.1128317312846519,0.0312502770946531,-0.6489845888707145,0.2544452663601634,-0.386410117343858,-1.4794939710140775,0.1609772322176303,1,test
-0.3126413397532555,-0.2987965090629136,0.0764188595168545,-0.0984900764274999,-0.2882184500199947,-1.0508195770429511,-0.8077997761509149,1,test
-0.95341008415257,-1.0202941346166643,-0.1950771679498409,-1.1980194135736837,-0.8561378231904485,-1.523494764174411,-0.911815833891536,1,test
0.4659271346244064,0.5455092229680715,0.1018716120918541,0.4467497800585701,0.5450838078095499,-0.5848111767539659,0.2425584539749815,1,test
0.3935822763857744,0.2538399700846409,1.5017730037169883,-0.6007442180868671,0.8582356117072765,-0.2428050117350111,-0.5385817443516552,2,test
2.0781839753710694,1.9117494075273036,1.3617828645544765,1.858491151209228,2.0524585926731844,0.8772151778007473,1.8619457058584,2,test
0.0042980391969431,0.0849788236784433,-0.1441716627998323,0.111913685618992,-0.0016049345881766,-1.0474861836217138,-0.1163989217573636,1,test
1.134255825019391,1.1979272886283794,0.2630723784002039,0.9738903881965568,0.8078128636220501,-0.0541349440929754,1.2296912372389297,2,test
-0.3298663060005485,-0.413929108885321,0.7212219247502488,-0.4288013587800571,-0.1581808365370405,0.190536133025848,-1.366631145188768,1,test
0.4555921548760312,0.629939796171171,-0.5174787005665358,0.3019557932738873,0.3407389866220502,0.3905397383000901,0.6015158297073266,2,test
1.754354609921954,1.8119678210145511,0.1782298698168624,2.367532510999127,1.3385786329402305,-0.2988060212117991,2.328998200419235,2,test
0.0249679986936954,-0.0992333360374081,1.255729728825297,-0.5532336911731432,0.4070847077868226,-1.7054980449739718,-0.6527954548119468,1,test
0.1420977691752905,0.2231379434653316,-0.0593291542164908,0.1933603031853771,-0.0440661961336311,0.5618761601516916,-0.1918615518829132,1,test
1.2100456765074816,1.504947554821464,-1.0944077589332597,2.347170856607532,0.6008142135879586,0.8218808470082068,2.120966084937991,2,test
-1.2462345103565575,-1.4808245339062924,0.5515369075835659,-1.6437134041452854,-1.00740606744613,-0.9541511678270672,-1.4380147142264506,1,test
0.2467957719947263,0.6798399630656924,0.6623895694137384,0.6075558098905495,-0.29613128128094857,-0.2719133085690686,1.5986340814014106,2,test
-1.3590489803648726,-0.8893649802680166,-0.6121134768932073,-0.7803779318639726,-1.1278985448923036,0.1998874494441814,-1.2557521795992401,3,test
-1.5139804721748575,-1.4488099392295757,0.5157289977611504,-1.7631638690076148,-1.0558358150137725,-0.28070335772345123,-0.00859636137000841,3,test
1.987056133482926,2.649368398667157,-0.9768920442497243,2.248566619007729,1.6990581937603069,-0.12565409980011127,2.9036500606938507,2,test
1.100179840707915,-0.05695517345720047,1.2105765396696198,0.603042780600615,1.5755012857081432,-0.7955014878864619,1.7363622095652698,2,test
-0.3293518897067257,0.6652648178898072,0.519154709708809,0.5285364035988106,-0.37456226849871116,-0.7249094662066035,-1.0916933025500155,1,test
0.1349001766722012,0.09805305007360801,1.1529383193080869,-0.0409906601422832,0.6841301882035021,-1.5141953273750863,-0.8035727905889726,1,test
1.1024939107901064,2.0553071564745045,1.7953602011914152,1.035194033136283,1.4130359738632294,0.06871217841066246,2.4876174341772206,2,test
-1.6304552847473284,-0.46811603623983156,-2.1164466281077767,-0.33405186060193653,-0.5506429109131806,2.0610306793579034,0.546284315485648,3,test
0.1315319623936475,0.35418493120988204,0.16680427384003077,0.2889708239034793,0.7747405333818789,0.030865318438953404,0.7839622093163047,2,test
2.0645392781374623,0.6110261262419139,0.9808367800629384,0.5411915537169241,1.5632609620037556,0.6902276541971482,1.2046377319233204,2,test
0.8524462572050275,1.6265648448580157,0.7517666444273914,1.4506417231093989,0.40430832574899134,-0.8985756203317403,1.8796862236327685,2,test
0.6648992094315462,2.1932983624769613,1.8893623297677589,0.5005326554220746,1.8769204163229738,-0.19811198889882714,1.9681018964083292,2,test
-0.9096287243098256,-1.0528975878438633,-0.05698677416219988,-1.1787572769926296,-0.7604028730895229,0.23578611049210735,-0.8653475686687518,3,test
-1.197499662408509,-0.7656277893657197,-1.4884163960014272,-0.9943979371784099,-0.264640531215801,-0.46928431193754744,-0.6538716887549145,3,test
1.3352450854098856,2.100794008724609,0.41166832909386,1.5514305074860895,1.23061388738356,1.6842950181797658,1.0581177935184787,2,test
-0.06245881021784194,1.7999471522765798,-0.6476704261739974,0.8635170640294579,0.10460291205332123,-0.13247374448593927,0.9598431070017649,2,test
-1.2779419629058626,-1.3692656203903173,-0.8847915327276266,-1.4377174958453005,-1.9707574801371568,0.351633286897868,-1.1457854812300206,3,test
2.159449590179457,1.3494956802772287,-0.05185525310323167,1.1615277741109453,1.575801290286564,0.2695978119166146,0.6758206670034218,2,test
-0.8897252239978111,-0.4002276898915476,0.6606925650968583,-0.645014490568195,-0.9841442756250536,1.550574671808152,-0.5772969417551581,3,test
0.7238340126771345,0.06556702678991003,-0.3844487721925563,-0.6982883556233079,-0.11741313079016993,-2.1666730832753354,-0.2953230934990113,1,test
1.413670324015591,-0.2711169859681994,0.7182886168568451,0.7727841331279709,0.0873725094472459,-0.06534856794575039,-1.1501477289891826,1,test
-1.412015922542436,-0.635949875493607,-1.8095655574209677,-0.8598685943820248,-1.6502689514779147,-1.867178147305979,-0.1799829884714234,3,test
1.6345863372871714,2.500539927539098,0.3337025544776058,2.2491591836339597,1.2568077104444635,-3.5280391080589606,2.2245585503082985,2,test
1.0570068004803088,1.2176078602791356,0.5890123625789551,1.1676146141082564,0.5389543721223965,-0.5906911026597239,1.8600579749166593,2,test
-1.5252111898780885,-1.3841716420147372,-1.8350463847763994,-1.0142586588164415,-0.9312166870525251,2.048830138897865,-0.27762755126946104,3,test
-0.11486747773962813,-1.020970735139059,-0.4242392073385264,-1.4983721315306475,-0.39469344618956526,-1.4149052089755982,-2.1959344467464232,1,test
1.2821840886073055,0.5993058616051519,1.407392881237643,0.9651645317343176,1.0969036826259486,0.9412228091337397,-0.2715904646817421,2,test
0.48904547272629356,-0.19291535740832533,2.087909422573649,0.0031272575347817133,0.714982719785428,-1.1901046973598413,0.3804125217821773,1,test
-1.0764568946764674,-1.2988162454204346,-1.6078787094536307,-0.41069731975546864,-2.3650210549357005,1.2311068179941498,-0.20166329194293392,3,test
-1.1677633678249197,-1.261788368116938,-0.14716645038443316,-0.28485641768475545,-0.7370192182692972,0.5846774900150044,-1.6358601083439734,3,test
-0.5825329278972741,-0.32126220254041704,-1.918962579244671,-0.7442340562910192,-0.9865364030386138,2.352356332314543,-1.368879636184375,3,test
