0.9218575341687384,0.6932966516609385,2,train
0.4999948911512365,0.7753681180838281,2,train
0.8163918734143629,0.23604133873341,2,train
-0.5780985298934905,-1.182622580862255,1,train
0.6523341789075566,-0.5260508494791374,1,train
0.8163918734143629,-1.0302041432197455,1,train
-0.542943309642032,-0.7957142391543464,1,train
1.4140306176891573,1.7836747055650446,2,train
-0.9882427661605062,0.8222660988969079,2,train
0.1953163156385962,-0.3970814022431678,1,train
0.4531212641492919,-1.170898085658985,1,train
-0.4960696826400873,0.6463986708478585,1,train
-0.1210806666245301,1.2091744406048166,2,train
0.8515470936658214,0.9981335269459574,2,train
0.4765580776502642,0.3532862907661095,1,train
0.1132874683851931,-1.0653776288295556,1,train
0.605460551905612,-1.6867758746028634,1,train
-0.0273334126206408,-1.1122756096426354,1,train
1.7187091932017975,0.8222660988969079,2,train
-0.5898169366439766,0.1187963867007104,1,train
-0.5195064961410597,0.3884597763759194,1,train
-0.5195064961410597,-0.4205303926497077,1,train
0.6406157721570704,-0.7370917631379966,1,train
-0.7187194108993245,-0.619846811105297,1,train
-1.5390078834333558,-0.3619079166333579,1,train
-1.117145240415854,-0.3501834214300879,1,train
0.5937421451551258,-2.906123375742939,1,train
2.410095191480481,0.505704728408619,2,train
0.7109262126599875,2.580940379387402,2,train
-0.3671672083847395,-1.2529695520818749,1,train
0.0664138413832484,-0.2915609454137381,2,train
1.027323194923114,-0.4791528686660575,1,train
0.1132874683851931,-0.7019182775281867,1,train
0.9921679746716554,1.912644152801014,2,train
-0.0742070396225854,0.0953473962941705,2,train
1.027323194923114,0.3650107859693795,2,train
-0.472632869139115,-0.1860404885843085,2,train
-0.8241850716536999,-2.073684216310772,1,train
-0.6249721568954352,0.0250004250745507,2,train
-0.7304378176498106,-0.1743159933810385,2,train
1.027323194923114,-0.338458926226818,2,train
0.1250058751356793,-0.338458926226818,2,train
-0.1093622598740439,-0.8191632295608863,1,train
-1.3515133754255773,-0.7957142391543464,1,train
-1.7030655779401622,0.23604133873341,1,train
-2.4413252032207904,0.4822557380020791,1,train
0.7577998396619321,1.3146948974342465,2,train
-0.1327990733750162,-0.9950306576099356,1,train
-0.1913911071274471,0.810541603693638,2,train
-0.402322428636198,-0.2563874598039283,1,train
0.8046734666638767,-1.3819389993178444,2,train
-0.2734199543808502,-0.4674283734627875,1,train
-1.12886364716634,-1.4405614753341942,1,train
0.4179660438978334,-0.2446629646006583,2,train
1.1562256691784616,0.21259234832687,2,train
-1.972588933201344,-0.3853569070398978,1,train
1.7069907864513112,1.361592878247326,2,train
0.2773451628919994,0.2594903291399499,2,train
0.6874893991590151,0.6346741756445886,2,train
0.8749839071667938,-0.8543367151706962,2,train
-0.9530875459090477,-1.5109084465538138,1,train
-0.6718457838973798,0.7050211468642084,1,train
1.8007380404552007,0.7870926132870981,2,train
1.0507600084240862,0.4236332619857293,2,train
0.7929550599133905,-0.6667447919183769,2,train
-1.105426833665368,-0.045346546145069,1,train
0.4062476371473472,1.2677969166211664,2,train
0.2890635696424856,-1.1357246000491752,1,train
-1.0351163931624507,-1.6985003698061332,1,train
0.9101391274182522,0.4236332619857293,2,train
-0.2499831408798779,0.0601739106843606,1,train
-0.9530875459090477,-0.7019182775281867,1,train
0.7695182464124183,-0.0570710413483389,2,train
0.6640525856580428,1.103653983775387,2,train
0.898420720667766,1.103653983775387,2,train
-0.5898169366439766,-1.8860922930584525,1,train
-0.332011988133281,0.1891433579203301,2,train
0.1132874683851931,-0.1743159933810385,2,train
-0.4960696826400873,-0.033622050941799,2,train
0.0195402143813038,0.0367249202778207,1,train
-2.0663361872052333,-0.5026018590725975,1,train
0.7577998396619321,-0.326734431023548,2,train
0.5468685181531812,-1.2295205616753349,2,train
-0.8944955121566168,-1.0067551528132055,2,train
-0.5312249028915458,-0.6784692871216468,1,train
-0.5546617163925182,-0.901234695983776,1,train
0.9452943476697108,0.6698476612543985,2,train
0.5117132979017227,0.9629600413361474,1,train
-0.1796727003769609,-0.2915609454137381,1,train
-0.906213918907103,0.2829393195464898,1,train
-2.371014762717873,-0.338458926226818,1,train
-0.1445174801255024,0.1070718914974404,1,train
1.027323194923114,-0.4439793830562476,2,train
-0.1327990733750162,0.3063883099530297,2,train
0.3242187898939441,0.22431684353014,2,train
2.140571836219299,0.9512355461328776,2,train
0.6288973654065843,-2.2261026539532813,1,train
0.2187531291395686,-0.7253672679347266,1,train
-1.1874556809187709,-1.9095412834649923,1,train
0.7812366531629045,1.349868383044056,2,train
1.554651498694991,-0.0101730605352591,2,train
-0.1562358868759886,-0.1860404885843085,2,train
0.0312586211317899,-0.0922445269581488,2,train
0.2539083493910271,-2.061959721107502,1,train
0.7460814329114459,2.1002360760533336,2,train
-0.1445174801255024,-0.1977649837875784,1,train
-2.101491407456692,-0.2329384693973883,1,train
0.8281102801648491,-0.033622050941799,2,train
0.0078218076308176,-2.1557556827336617,1,train
0.1250058751356793,1.338143887840786,2,train
1.8007380404552007,0.6463986708478585,2,train
-0.6249721568954352,1.396766363857136,2,train
-0.6015353433944628,0.2594903291399499,1,train
-0.2851383611313364,-0.5143263542758674,1,train
-1.8671232724469684,-0.4322548878529776,1,train
-0.4960696826400873,0.9395110509296076,2,train
0.9335759409192246,0.4236332619857293,2,train
-2.0428993737042607,1.420215354263676,1,train
-0.0624886328720993,-0.4205303926497077,1,train
1.1562256691784616,0.23604133873341,2,train
-0.6249721568954352,-0.608122315902027,1,train
-1.257766121421688,-1.2177960664720648,1,train
0.2187531291395686,0.9864090317426872,2,train
0.3359371966444302,-0.033622050941799,2,train
0.9335759409192246,0.8457150893034479,2,train
1.8124564472056868,1.4553888398734858,2,train
0.4179660438978334,-0.2212139741941184,2,train
0.2890635696424856,0.6229496804413186,2,train
-1.8085312386945376,-0.948132676796856,1,train
1.167944075928948,-0.1391425077712287,2,train
1.8358932607066591,0.1422453771072503,2,train
0.5468685181531812,0.2477658339366799,2,train
1.6718355661998527,1.338143887840786,2,train
-0.7421562244002967,-0.948132676796856,1,train
-0.9296507324080754,-0.936408181593586,1,train
-1.2343293079207156,-0.5377753446824073,1,train
0.8632655004163076,-0.619846811105297,2,train
0.0898506548842208,0.2477658339366799,1,train
0.3476556033949164,-0.1274180125679587,2,train
0.3242187898939441,0.1774188627170602,2,train
1.1562256691784616,1.1388274693851967,2,train
-1.0351163931624507,-1.3350410185047643,1,train
1.332001770435754,-0.1039690221614188,2,train
-1.12886364716634,-0.2915609454137381,1,train
0.1484426886366516,0.9512355461328776,2,train
0.0546954346327623,-0.924683686390316,1,train
-0.7655930379012691,-1.8391943122453729,1,train
1.3437201771862402,0.2946638147497598,2,train
0.9921679746716554,1.0802049933688471,2,train
-1.0233979864119649,-1.8978167882617225,1,train
0.6523341789075566,1.2560724214178964,2,train
-0.6249721568954352,-1.7336738554159432,1,train
0.2421899426405409,-0.0922445269581488,2,train
-1.4569790361799526,1.349868383044056,2,train
-0.2499831408798779,0.0484494154810906,2,train
0.7929550599133905,0.5995006900347787,2,train
0.7929550599133905,0.9395110509296076,2,train
-0.2499831408798779,-0.2563874598039283,1,train
1.2734097366833232,1.349868383044056,2,train
-0.1913911071274471,0.0132759298712807,1,train
1.3437201771862402,0.7870926132870981,2,train
0.464839670899778,0.7401946324740183,2,train
-0.9179323256575892,-0.3150099358202781,1,train
-0.8476218851546722,-0.2094894789908484,1,train
0.2656267561415132,-0.1508670029744986,1,train
0.9570127544201968,0.6112251852380487,2,train
-0.1327990733750162,-2.190929168343472,1,train
0.605460551905612,-0.5026018590725975,2,train
0.4765580776502642,0.9512355461328776,2,train
0.9921679746716554,0.3063883099530297,2,train
1.0741968219250584,-0.7839897439510765,2,train
-1.0585532066634231,-0.5260508494791374,1,train
1.3554385839367264,1.9009196575977445,2,train
-0.2734199543808502,0.3767352811726495,1,train
0.3125003831434579,-0.3501834214300879,1,train
0.0195402143813038,0.517429223611889,1,train
0.0078218076308176,1.068480498165577,2,train
0.3476556033949164,0.540878214018429,2,train
-1.468697442930439,0.5643272044249689,1,train
0.8046734666638767,0.1422453771072503,1,train
3.2303836640145125,0.5877761948315088,2,train
-0.4140408353866842,-1.182622580862255,1,train
-0.3437303948837672,-0.2212139741941184,2,train
1.2148177029308924,-0.2446629646006583,2,train
-0.7070010041488383,0.7401946324740183,1,train
0.9218575341687384,0.6815721564576684,2,train
-0.5077880893905735,-0.338458926226818,2,train
-0.1796727003769609,0.9746845365394174,2,train
1.976514141712493,0.5877761948315088,2,train
-0.1679542936264747,-0.5143263542758674,1,train
-0.1093622598740439,1.5374603062963754,1,train
1.554651498694991,-0.1156935173646887,2,train
-0.7538746311507829,0.0367249202778207,1,train
1.0741968219250584,0.3063883099530297,2,train
0.3007819763929717,0.3532862907661095,2,train
1.4374674311901294,1.8188481911748544,2,train
-0.7187194108993245,-0.2798364502104682,1,train
-0.6484089703964074,-0.033622050941799,1,train
-0.1562358868759886,1.2091744406048166,2,train
-0.8593402919051584,-0.8543367151706962,1,train
-0.5780985298934905,-1.8860922930584525,2,train
-0.4374776488876565,1.091929488572117,2,train
-1.3866685956770357,-1.3819389993178444,1,train
1.402312210938671,1.9009196575977445,2,train
0.3593740101454025,0.6112251852380487,2,train
-2.8866246597392644,0.9746845365394174,1,train
-0.9999611729109924,-1.475734960944004,1,train
-0.332011988133281,-1.8157453218388329,1,train
-0.0273334126206408,0.7870926132870981,2,train
-0.0742070396225854,-0.8308877247641563,1,train
-0.1679542936264747,2.111960571256604,2,train
-0.6835641906478659,0.1187963867007104,1,train
-1.046834799912937,-0.3150099358202781,1,train
1.5898067189464498,-0.2329384693973883,1,train
0.4414028573988057,0.0836229010909005,1,train
1.0390416016736,-0.2915609454137381,2,train
0.6992078059095013,1.2560724214178964,2,train
0.1953163156385962,1.103653983775387,1,train
-0.6601273771468936,-2.906123375742939,1,train
0.2421899426405409,0.5760516996282388,2,train
-0.6484089703964074,0.7284701372707483,1,train
-0.4374776488876565,1.1740009549950068,2,train
0.535150111402695,-2.378521091595791,1,train
0.2421899426405409,-0.7370917631379966,1,train
-0.2265463273789056,0.3181128051562997,2,train
-0.0742070396225854,0.0015514346680108,2,train
0.9335759409192246,-0.5846733254954871,2,train
0.1601610953871378,-0.5494998398856773,2,train
-1.0937084269148816,0.0132759298712807,1,train
-0.9999611729109924,-0.5377753446824073,1,train
-0.1210806666245301,1.642980763125805,2,train
0.5937421451551258,-0.021897555738529,2,train
-1.0116795796614786,-0.608122315902027,1,train
-1.257766121421688,0.3650107859693795,1,train
-1.0351163931624507,-1.6750513793995934,1,train
0.675770992408529,-0.3619079166333579,1,train
0.8749839071667938,0.5526027092216989,2,train
-0.6249721568954352,0.7284701372707483,2,train
-1.6679103576887035,-1.0067551528132055,1,train
1.3788753974376988,0.3415617955628396,2,train
1.4843410581920742,0.5291537188151589,2,train
0.2304715358900547,2.545766893777592,2,train
0.968731161170683,0.9043375653197976,2,train
-0.6484089703964074,-1.8274698170421029,1,train
0.4062476371473472,-0.6784692871216468,1,train
0.3828108236463748,-0.3619079166333579,2,train
-0.8476218851546722,1.385041868653866,2,train
-0.8593402919051584,-0.608122315902027,1,train
0.8281102801648491,0.4001842715791894,2,train
0.7812366531629045,1.2443479262146264,2,train
0.3828108236463748,0.0367249202778207,2,train
2.246037496973675,1.2677969166211664,2,train
0.9335759409192246,0.2008678531236001,1,train
-0.6835641906478659,-0.2798364502104682,1,train
-1.105426833665368,-1.4991839513505438,1,train
2.2108822767222165,0.6698476612543985,2,train
0.8749839071667938,0.9395110509296076,2,train
1.2382545164318648,1.068480498165577,2,train
-2.5702276774761383,-0.1977649837875784,1,train
0.0312586211317899,-1.170898085658985,1,train
1.9882325484629797,-0.1039690221614188,2,train
0.8163918734143629,0.9746845365394174,2,train
-0.613253750144949,-0.4439793830562476,1,train
-0.4843512758896012,1.631256267922535,1,train
-0.2499831408798779,1.361592878247326,2,train
0.7929550599133905,1.2912459070277065,2,train
0.675770992408529,0.4822557380020791,2,train
0.8163918734143629,-0.3853569070398978,2,train
-1.2460477146712017,-1.0184796480164755,1,train
-0.5312249028915458,-1.8626433026519127,1,train
-1.3515133754255773,-1.1122756096426354,1,train
-0.542943309642032,0.6112251852380487,2,train
0.9452943476697108,-0.3032854406170081,2,train
0.8046734666638767,0.810541603693638,2,train
0.4296844506483195,0.0484494154810906,2,train
0.9452943476697108,0.1070718914974404,2,train
0.5820237384046396,0.8222660988969079,2,train
-1.0702716134139094,-0.7957142391543464,1,train
0.7929550599133905,1.7250522295486947,2,train
-1.7499392049421068,-0.0687955365516089,1,train
-1.0116795796614786,1.103653983775387,1,train
-2.183520254710095,-1.4405614753341942,1,train
-0.9413691391585616,1.361592878247326,2,train
-0.8359034784041861,1.994715619223904,1,train
-0.7655930379012691,0.8222660988969079,2,train
-1.8671232724469684,-0.5026018590725975,1,train
1.4257490244396434,0.6932966516609385,2,train
-0.3085751746323087,-0.5026018590725975,1,train
-0.8476218851546722,-0.2212139741941184,1,train
0.5234317046522088,2.041613600036984,2,train
0.8515470936658214,1.1974499454015466,2,train
0.4062476371473472,0.6463986708478585,2,train
-0.9648059526595338,-1.1122756096426354,1,train
-0.2617015476303641,-0.3150099358202781,2,train
-0.2968567678818226,1.666429753532345,2,train
-0.542943309642032,0.1070718914974404,2,train
-1.105426833665368,-1.768847341025753,1,train
2.152290242969785,-1.0771021240328251,2,train
1.472622651441588,-0.3032854406170081,1,train
-0.3202935813827949,0.4119087667824594,2,train
0.675770992408529,0.3181128051562997,2,train
-0.0390518193711269,-0.0101730605352591,2,train
0.6992078059095013,1.045031507759037,2,train
0.1953163156385962,0.2477658339366799,2,train
-0.4257592421371703,-0.4791528686660575,1,train
0.7343630261609597,-0.0101730605352591,2,train
1.0507600084240862,-1.1240001048459052,2,train
0.6523341789075566,1.631256267922535,2,train
-0.7538746311507829,-0.338458926226818,1,train
-0.1445174801255024,-0.1274180125679587,1,train
-2.5936644909771105,0.0484494154810906,1,train
0.2304715358900547,-1.3467655137080343,1,train
-0.7187194108993245,0.1305208819039803,1,train
2.187445463221244,0.5643272044249689,2,train
0.535150111402695,2.123685066459873,2,train
0.605460551905612,-1.3115920280982245,1,train
1.2499729231823509,0.540878214018429,2,train
0.4882764844007503,1.4319398494669455,2,train
-0.9882427661605062,-1.1591735904557152,1,train
0.1484426886366516,0.9981335269459574,2,train
0.0312586211317899,-0.1977649837875784,2,train
0.9570127544201968,0.9395110509296076,2,train
0.0898506548842208,-0.5377753446824073,1,train
1.882766887708604,0.4822557380020791,2,train
0.7695182464124183,-0.8660612103739661,1,train
0.5937421451551258,0.810541603693638,2,train
2.0585429889658964,0.6229496804413186,2,train
0.5468685181531812,1.4671133350767558,2,train
-0.6249721568954352,-0.9715816672033958,1,train
0.1367242818861654,0.2477658339366799,2,train
-0.8241850716536999,-0.8308877247641563,1,train
1.683553972950339,0.7753681180838281,2,train
-0.2617015476303641,-0.5143263542758674,1,train
1.4843410581920742,-1.1591735904557152,2,train
1.2265361096813787,1.4436643446702158,2,train
-0.5546617163925182,0.7284701372707483,2,train
1.4491858379406155,0.2946638147497598,2,train
-0.6484089703964074,-0.0570710413483389,1,train
-1.7616576116925928,-3.5392461167195166,1,train
0.1835979088881101,0.505704728408619,2,train
-0.2851383611313364,0.8222660988969079,2,train
-0.8476218851546722,0.1774188627170602,1,train
-0.2734199543808502,1.7953992007683146,2,train
-1.105426833665368,-0.9833061624066658,1,train
-1.738220798191621,-1.464010465740734,1,train
1.179662482679434,0.0953473962941705,2,train
-0.0273334126206408,-0.5729488302922172,1,train
-1.2343293079207156,-0.4908773638693274,1,train
-1.1640188674177987,-2.061959721107502,1,train
-0.1796727003769609,0.23604133873341,2,train
1.74214600670277,0.1187963867007104,2,train
1.0507600084240862,-0.2446629646006583,2,train
-0.7304378176498106,-1.1357246000491752,1,train
0.1718795021376239,0.3767352811726495,2,train
-0.8593402919051584,0.0484494154810906,1,train
-0.542943309642032,-0.2329384693973883,1,train
0.7343630261609597,2.0533380952402536,2,train
1.3437201771862402,1.1388274693851967,2,train
-0.0976438531235577,-1.4288369801309242,1,train
0.4296844506483195,-0.1977649837875784,2,train
-0.4609144623886288,0.8691640797099878,2,train
1.5077778716930466,2.006440114427174,2,train
-1.738220798191621,-0.7253672679347266,1,train
1.6015251256969358,0.1656943675137902,2,train
0.2187531291395686,0.3767352811726495,2,train
0.1367242818861654,0.0367249202778207,1,train
-0.7773114446517553,1.924368648004284,2,train
0.9570127544201968,2.111960571256604,2,train
-0.5312249028915458,-2.167480177936932,1,train
-0.613253750144949,-0.4088058974464377,1,train
0.4999948911512365,0.540878214018429,2,train
-0.906213918907103,-0.5494998398856773,1,train
0.3359371966444302,-0.045346546145069,1,train
-0.7655930379012691,0.7401946324740183,1,train
0.0429770278822761,0.4470822523922693,2,train
0.0664138413832484,-1.4405614753341942,1,train
-2.371014762717873,-0.3501834214300879,1,train
-0.4374776488876565,1.689878743938885,2,train
-1.2929213416731464,-1.2998675328949547,1,train
0.8163918734143629,-0.1977649837875784,2,train
0.1718795021376239,1.091929488572117,2,train
-1.0233979864119649,-1.3350410185047643,1,train
-0.472632869139115,0.1539698723105202,2,train
-0.4960696826400873,-1.2529695520818749,1,train
0.0312586211317899,2.029889104833713,2,train
-0.97652435941002,0.0250004250745507,1,train
0.8398286869153352,0.6229496804413186,2,train
-1.5272894766828695,-0.912959191187046,1,train
-0.7187194108993245,1.7367767247519648,2,train
-0.97652435941002,-0.8426122199674262,1,train
-0.6718457838973798,-1.2998675328949547,1,train
-1.5741631036848145,0.9981335269459574,1,train
0.2187531291395686,1.5022868206865656,2,train
-2.652256524729541,-0.8074387343576164,1,train
0.8749839071667938,0.6815721564576684,2,train
-0.7070010041488383,1.0802049933688471,1,train
0.3359371966444302,0.7401946324740183,2,train
-0.9296507324080754,0.3650107859693795,1,train
0.5585869249036673,0.5291537188151589,2,train
0.9921679746716554,-0.924683686390316,1,train
-0.1562358868759886,-1.475734960944004,1,train
-0.9882427661605062,-0.8191632295608863,1,train
0.9452943476697108,0.9160620605230676,2,train
-1.5624446969343282,-0.1156935173646887,1,train
-0.8944955121566168,-1.4171124849276542,1,train
1.4609042446911018,0.1422453771072503,2,train
-0.7773114446517553,-0.2563874598039283,1,train
-0.7773114446517553,-0.4439793830562476,2,train
0.3125003831434579,-0.0570710413483389,2,train
-1.1991740876692571,0.5526027092216989,1,train
-0.5663801231430043,-0.9598571720001258,1,train
0.968731161170683,1.8657461719879345,2,train
1.0507600084240862,1.8305726863781244,2,train
-0.6366905636459212,-0.608122315902027,1,train
-0.4140408353866842,-1.1357246000491752,1,train
0.5234317046522088,2.006440114427174,2,train
-1.3866685956770357,-1.4171124849276542,1,train
0.5820237384046396,-0.643295801511837,2,train
-2.5467908639751657,-0.1860404885843085,1,train
0.5234317046522088,-0.1977649837875784,2,train
-1.468697442930439,0.23604133873341,1,train
-0.472632869139115,-0.4674283734627875,1,train
-0.0742070396225854,1.1622764597917368,2,train
-0.7655930379012691,-1.4171124849276542,1,train
-0.5780985298934905,-0.7136427727314567,1,train
-0.3788856151352257,0.1070718914974404,2,train
-1.5624446969343282,-1.9095412834649923,1,train
-0.97652435941002,0.6463986708478585,1,train
0.675770992408529,-1.5695309225701637,1,train
0.5703053316541535,0.6346741756445886,2,train
0.8163918734143629,-0.1977649837875784,1,train
-0.2382647341293917,1.5960827823127253,2,train
0.4062476371473472,-0.033622050941799,1,train
-0.8124666649032137,-0.6667447919183769,1,train
-1.6561919509382177,-1.2412450568786049,1,train
-0.2148279206284194,-0.3501834214300879,1,train
0.7226446194104736,1.103653983775387,2,train
-1.046834799912937,-0.7136427727314567,1,train
1.6366803459483945,2.791981293046261,2,train
-1.1874556809187709,0.3650107859693795,2,train
0.2656267561415132,0.8926130701165277,2,train
0.5117132979017227,0.6815721564576684,2,train
-0.8359034784041861,-0.1743159933810385,1,train
-0.2617015476303641,0.5995006900347787,1,train
2.093698209217355,1.4905623254832956,2,train
-0.6952825973983521,-1.5109084465538138,2,train
0.2773451628919994,0.5291537188151589,2,train
0.1250058751356793,-1.5578064273668937,1,train
1.4960594649425605,-0.7019182775281867,2,train
-0.1913911071274471,-0.3970814022431678,1,train
0.8046734666638767,0.9277865557263376,2,train
-1.7733760184430791,0.3884597763759194,1,train
-1.117145240415854,-0.631571306308567,1,train
0.394529230396861,-0.2329384693973883,2,train
0.3828108236463748,1.8774706671912045,2,train
-1.5858815104353006,-0.643295801511837,1,train
0.4414028573988057,1.7719502103617746,2,train
0.1835979088881101,0.1070718914974404,2,train
0.5117132979017227,0.0836229010909005,2,train
-1.0116795796614786,0.8926130701165277,2,train
0.8867023139172799,-0.2915609454137381,2,train
0.1132874683851931,1.5491848014996454,2,train
-1.843686458945996,0.3532862907661095,1,train
-0.8124666649032137,0.0367249202778207,1,train
0.0195402143813038,0.0015514346680108,2,train
0.6992078059095013,0.0250004250745507,1,train
1.332001770435754,1.4553888398734858,2,train
-0.0742070396225854,0.1891433579203301,1,train
-1.410105409178008,0.7870926132870981,1,train
0.4999948911512365,-0.1860404885843085,2,train
0.4296844506483195,-1.3936634945211144,1,train
0.2539083493910271,-0.2329384693973883,2,train
1.4609042446911018,-0.4674283734627875,2,train
1.285128143433809,1.1974499454015466,2,train
-0.6015353433944628,1.7485012199552348,2,train
-0.3554488016342534,-0.8660612103739661,1,train
-1.5038526631818974,0.0484494154810906,1,train
1.3437201771862402,-0.2915609454137381,2,train
-0.8944955121566168,-0.4557038782595176,1,train
-0.7304378176498106,0.9277865557263376,2,train
-0.7187194108993245,1.7250522295486947,2,train
-0.6601273771468936,0.9043375653197976,1,train
-0.6015353433944628,-1.5929799129767035,1,train
0.3125003831434579,0.2829393195464898,2,train
-1.3632317821760631,1.3146948974342465,1,train
1.2616913299328372,0.517429223611889,2,train
-1.3163581551741188,-0.0101730605352591,1,train
-0.6249721568954352,-1.9212657786682623,1,train
0.1015690616347069,-0.8543367151706962,1,train
-0.3788856151352257,0.0250004250745507,2,train
0.1367242818861654,1.373317373450596,2,train
-0.5195064961410597,-0.3970814022431678,1,train
0.7577998396619321,0.5995006900347787,2,train
0.464839670899778,-0.9833061624066658,1,train
-1.339794968675091,-0.5612243350889472,1,train
-0.7538746311507829,0.6581231660511285,1,train
-1.3163581551741188,-0.4557038782595176,1,train
1.0624784151745723,-0.5612243350889472,1,train
-1.7968128319440515,-0.3853569070398978,2,train
0.7695182464124183,-0.2681119550071982,2,train
-0.613253750144949,0.9746845365394174,2,train
0.0546954346327623,0.7401946324740183,2,train
-0.1913911071274471,0.0484494154810906,2,train
-0.2734199543808502,0.9746845365394174,2,train
-0.4374776488876565,0.8574395845067179,2,train
-0.7070010041488383,-0.924683686390316,1,train
-0.472632869139115,0.2477658339366799,1,train
-0.1210806666245301,1.2560724214178964,2,train
-1.83196805219551,0.4353577571889993,1,train
-0.0390518193711269,0.0367249202778207,1,train
-1.5155710699323834,-0.936408181593586,1,train
-0.3202935813827949,0.3884597763759194,1,train
1.085915228675545,0.3650107859693795,2,train
0.898420720667766,0.4939802332053491,2,train
-0.8007482581527275,-0.0922445269581488,1,train
-0.0742070396225854,0.1305208819039803,2,train
-0.2031095138779332,-0.3032854406170081,1,train
-0.7538746311507829,-0.7839897439510765,1,train
-1.1640188674177987,-0.5612243350889472,1,train
0.605460551905612,0.9395110509296076,2,train
-0.472632869139115,1.678154248735615,2,train
2.5155608522348567,-0.0101730605352591,2,train
-0.5312249028915458,-0.924683686390316,1,train
2.0702613957163822,0.6698476612543985,2,train
-0.9296507324080754,0.4705312427988092,1,train
0.7226446194104736,0.6815721564576684,2,train
0.4531212641492919,0.9629600413361474,2,train
1.0741968219250584,0.1539698723105202,1,train
-1.105426833665368,-0.7488162583412665,1,train
0.1015690616347069,2.299552494508923,2,train
-0.0390518193711269,0.3767352811726495,2,train
0.2421899426405409,-1.206071571268795,1,train
-0.8476218851546722,-1.6516023889930531,1,train
0.2421899426405409,-1.3115920280982245,1,train
1.2265361096813787,0.9746845365394174,2,train
-1.8788416791974545,-0.1156935173646887,1,train
0.6874893991590151,-0.033622050941799,2,train
-0.613253750144949,-0.021897555738529,2,train
0.464839670899778,-1.1240001048459052,1,train
0.1835979088881101,-2.261276139563092,1,train
0.5820237384046396,-0.6550202967151069,2,train
1.2499729231823509,0.2008678531236001,2,train
0.1250058751356793,-0.5846733254954871,1,train
0.9570127544201968,1.115378478978657,2,train
0.3593740101454025,-0.2212139741941184,2,train
-0.2031095138779332,0.4001842715791894,2,train
-0.1093622598740439,-1.2998675328949547,1,train
-0.2265463273789056,1.4319398494669455,2,train
0.605460551905612,0.3415617955628396,2,train
-1.6796287644391898,-2.69508246208408,1,train
-0.7070010041488383,0.21259234832687,1,train
-1.2108924944197432,0.9395110509296076,1,train
-0.8124666649032137,-2.2026536635467413,1,train
0.2539083493910271,0.2829393195464898,1,train
0.4414028573988057,1.338143887840786,1,train
-0.4140408353866842,-3.0702663085887183,1,train
0.8398286869153352,0.2829393195464898,2,train
0.6288973654065843,0.505704728408619,1,train
-1.3866685956770357,0.0718984058876305,1,train
-0.0390518193711269,-0.033622050941799,2,train
-0.9413691391585616,-0.1508670029744986,1,train
0.535150111402695,2.018164609630444,2,train
0.2539083493910271,1.642980763125805,2,train
1.402312210938671,-0.5026018590725975,2,train
0.4296844506483195,-0.4088058974464377,1,train
1.285128143433809,1.103653983775387,2,train
-0.8827771054061307,0.9277865557263376,1,train
-0.7773114446517553,-0.2915609454137381,1,train
0.0898506548842208,1.4319398494669455,2,train
-0.402322428636198,0.3298373003595696,1,train
-0.2851383611313364,0.8691640797099878,2,train
1.0624784151745723,0.6698476612543985,1,train
-0.7890298514022414,-0.901234695983776,1,train
1.027323194923114,-0.1977649837875784,2,train
0.1601610953871378,-2.7302559476938897,1,train
0.9921679746716554,0.9981335269459574,2,train
1.5077778716930466,0.1774188627170602,2,train
0.3828108236463748,0.5995006900347787,1,train
0.1250058751356793,0.1305208819039803,2,train
-0.1445174801255024,0.810541603693638,2,train
-1.269484528172174,-0.5143263542758674,1,train
-2.757722185483917,-0.338458926226818,1,train
0.9570127544201968,-0.619846811105297,2,train
-1.410105409178008,-0.5026018590725975,1,train
-1.5272894766828695,-1.3584900089113043,1,train
0.464839670899778,-0.0805200317548788,2,train
0.9218575341687384,0.2008678531236001,2,train
0.7343630261609597,2.217481028086033,2,train
1.1210704489270031,1.2677969166211664,2,train
-0.0273334126206408,-0.4088058974464377,2,train
-1.117145240415854,-0.5026018590725975,1,train
-0.7538746311507829,0.505704728408619,2,train
-0.7538746311507829,-0.8777857055772361,2,train
0.5703053316541535,0.9629600413361474,2,train
0.1367242818861654,-1.745398350619213,1,train
-0.2382647341293917,0.1656943675137902,1,train
-0.9530875459090477,-0.4088058974464377,1,train
0.6523341789075566,0.6815721564576684,2,train
0.9570127544201968,0.4353577571889993,2,train
1.0038863814221417,0.8926130701165277,2,train
0.5117132979017227,1.349868383044056,2,train
-0.9999611729109924,-1.3233165233014943,1,train
-1.410105409178008,-0.1274180125679587,1,train
0.8281102801648491,1.4671133350767558,2,train
-1.4218238159284942,-1.522632941757084,1,train
0.7460814329114459,1.373317373450596,2,train
0.3828108236463748,-0.8660612103739661,1,train
0.0312586211317899,0.9160620605230676,2,train
0.7577998396619321,0.7753681180838281,2,train
-0.1445174801255024,-0.2329384693973883,2,train
-0.3671672083847395,0.4822557380020791,2,train
-1.1523004606673124,-0.948132676796856,1,train
0.2304715358900547,0.21259234832687,2,train
0.5117132979017227,0.5526027092216989,1,train
0.968731161170683,1.068480498165577,2,train
-0.4140408353866842,0.1305208819039803,1,train
1.683553972950339,-0.9598571720001258,1,train
-1.3046397484236325,0.8457150893034479,1,train
0.6523341789075566,0.798817108490368,2,train
0.5468685181531812,0.4001842715791894,2,train
0.464839670899778,1.2208989358080866,2,train
-0.2734199543808502,-0.608122315902027,1,train
-0.6366905636459212,0.6229496804413186,2,train
1.2616913299328372,-0.1743159933810385,2,train
0.8749839071667938,0.6581231660511285,2,train
0.898420720667766,0.540878214018429,2,train
-0.5663801231430043,-2.144031187530392,1,train
1.5780883121959637,1.2677969166211664,2,train
0.4296844506483195,-1.0888266192360954,1,train
-0.3788856151352257,-0.4205303926497077,1,train
0.4296844506483195,0.2008678531236001,2,train
0.1367242818861654,0.0367249202778207,2,train
-0.4257592421371703,-1.8157453218388329,1,train
1.8007380404552007,0.1187963867007104,2,train
-0.0859254463730716,0.5643272044249689,2,train
-0.0038965991196684,0.6463986708478585,1,train
-0.7187194108993245,-0.0805200317548788,2,train
-0.0156150058701546,-0.608122315902027,1,train
-1.6093183239362727,-1.745398350619213,1,train
0.8281102801648491,1.8540216767846645,2,train
1.1327888556774892,-0.619846811105297,2,train
-0.1093622598740439,-0.631571306308567,1,train
1.0038863814221417,1.3029704022309765,2,train
0.4179660438978334,-0.3032854406170081,1,train
-0.6952825973983521,-0.4088058974464377,1,train
0.5820237384046396,1.0333070125557673,2,train
0.8515470936658214,2.299552494508923,2,train
-0.3906040218857118,-0.338458926226818,2,train
-0.2734199543808502,-0.2915609454137381,1,train
0.6523341789075566,0.3532862907661095,2,train
-0.2851383611313364,-0.7722652487478064,1,train
0.898420720667766,-0.9598571720001258,1,train
0.1015690616347069,-0.8777857055772361,1,train
1.5077778716930466,0.3298373003595696,2,train
-0.4374776488876565,-1.0184796480164755,1,train
1.5898067189464498,-0.0570710413483389,2,train
0.1953163156385962,-0.936408181593586,1,train
0.5585869249036673,0.5995006900347787,2,train
0.898420720667766,0.1539698723105202,2,train
-0.6718457838973798,-0.7019182775281867,1,train
-1.0351163931624507,-3.3985521742802773,1,train
0.9218575341687384,-1.170898085658985,1,train
-1.1405820539168263,0.3063883099530297,1,train
0.8867023139172799,0.23604133873341,2,train
-0.0156150058701546,0.21259234832687,2,train
0.8749839071667938,1.701603239142155,2,train
0.394529230396861,0.5526027092216989,2,train
-1.937433712949885,-0.0101730605352591,1,train
1.4843410581920742,0.5995006900347787,2,train
0.7343630261609597,-0.5260508494791374,2,train
-0.1327990733750162,0.6698476612543985,2,train
-0.0038965991196684,1.2795214118244365,1,train
-0.3554488016342534,-0.8074387343576164,1,train
-0.5780985298934905,-1.3233165233014943,1,train
-0.3671672083847395,-1.8157453218388329,1,train
-0.1796727003769609,1.5374603062963754,2,train
-1.5975999171857866,-1.2412450568786049,1,train
0.4414028573988057,0.3181128051562997,2,train
1.4140306176891573,0.9981335269459574,2,train
-0.4609144623886288,-0.5377753446824073,2,train
-0.1562358868759886,0.1891433579203301,2,train
-2.605382897727597,0.2477658339366799,1,train
1.4374674311901294,1.1622764597917368,2,train
-1.3046397484236325,0.23604133873341,1,train
-0.9296507324080754,0.0836229010909005,2,train
-0.8007482581527275,-0.2212139741941184,1,train
-0.4960696826400873,-0.0101730605352591,1,train
0.9804495679211692,-1.5578064273668937,1,train
0.0898506548842208,-0.2798364502104682,1,train
0.2304715358900547,0.4705312427988092,2,train
1.2499729231823509,0.1422453771072503,2,train
1.9882325484629797,1.349868383044056,2,train
-0.97652435941002,0.1305208819039803,1,train
0.6523341789075566,1.1740009549950068,2,train
-0.5546617163925182,-0.2563874598039283,1,train
1.0507600084240862,-0.045346546145069,2,train
-0.5663801231430043,-2.1557556827336617,1,train
0.0898506548842208,0.517429223611889,1,train
0.1484426886366516,0.3063883099530297,1,train
0.898420720667766,0.4705312427988092,2,train
1.0390416016736,1.0098580221492273,2,train
1.5780883121959637,-0.5729488302922172,2,train
-1.6679103576887035,-0.0101730605352591,1,train
0.6992078059095013,0.3767352811726495,2,train
1.402312210938671,0.7870926132870981,2,train
-0.1562358868759886,-1.8157453218388329,1,train
-0.6718457838973798,-2.2495516443598214,1,train
0.7343630261609597,0.2008678531236001,2,train
0.4531212641492919,-1.206071571268795,1,train
1.0624784151745723,-0.619846811105297,1,train
-0.7538746311507829,-0.3619079166333579,1,train
1.613243532447422,0.2946638147497598,1,train
-1.5155710699323834,0.1187963867007104,1,train
-0.8944955121566168,-1.8274698170421029,1,train
1.6366803459483945,0.1539698723105202,2,train
-1.2108924944197432,-1.5578064273668937,1,train
0.2656267561415132,0.23604133873341,2,train
-0.7773114446517553,-0.8777857055772361,1,train
-2.007744153452802,-0.021897555738529,1,train
1.0976336354260308,0.0836229010909005,2,train
1.0507600084240862,0.0601739106843606,2,train
1.285128143433809,-2.870949890133129,1,train
-0.2382647341293917,0.540878214018429,2,train
0.2304715358900547,-1.1240001048459052,1,train
-1.3280765619246049,0.6698476612543985,1,train
0.2773451628919994,0.5760516996282388,2,train
1.9647957349620069,1.936093143207554,2,train
-1.12886364716634,0.4470822523922693,1,train
-1.0819900201643955,-1.1122756096426354,1,train
0.1367242818861654,-0.6901937823249168,1,train
-0.4491960556381427,-0.8543367151706962,1,train
-0.8241850716536999,-0.021897555738529,2,train
-2.359296355967387,-0.2915609454137381,2,train
-1.2226109011702295,-1.3819389993178444,1,train
1.179662482679434,-0.3736324118366279,2,train
0.9335759409192246,-0.924683686390316,1,train
2.04682458221541,2.2057565328827637,2,train
-1.949152119700372,-0.5260508494791374,2,train
1.320283363685268,2.850603769062611,2,train
0.3476556033949164,0.7401946324740183,2,train
0.7577998396619321,0.798817108490368,2,train
-0.1913911071274471,0.0953473962941705,2,train
0.8749839071667938,2.041613600036984,2,train
-0.542943309642032,-0.4674283734627875,2,train
0.4296844506483195,-0.7722652487478064,1,train
0.3359371966444302,1.0215825173524973,2,train
-1.117145240415854,0.517429223611889,1,train
-0.7187194108993245,-1.276418542488415,1,train
0.2539083493910271,0.9746845365394174,2,train
0.4296844506483195,0.1656943675137902,1,train
0.3828108236463748,1.8071236959715848,2,train
-0.4609144623886288,0.21259234832687,2,train
0.5703053316541535,1.4671133350767558,2,train
0.3593740101454025,1.2443479262146264,2,train
-0.0156150058701546,1.103653983775387,2,train
-0.0156150058701546,1.5960827823127253,2,train
-1.0233979864119649,0.0836229010909005,1,train
-0.0859254463730716,0.1422453771072503,2,train
-0.2382647341293917,-1.2881430376916847,1,train
1.402312210938671,1.2091744406048166,2,train
1.3437201771862402,0.7284701372707483,2,train
0.0429770278822761,0.8457150893034479,2,train
-0.7304378176498106,-0.5494998398856773,1,train
-1.5390078834333558,-1.4405614753341942,1,train
-1.0819900201643955,-0.2446629646006583,1,train
-1.269484528172174,-0.5963978206987571,1,train
-0.5898169366439766,0.5291537188151589,2,train
1.179662482679434,0.0015514346680108,2,train
-0.3437303948837672,-0.4088058974464377,1,train
-0.2499831408798779,-1.2177960664720648,1,train
-0.6718457838973798,0.1070718914974404,2,train
0.968731161170683,-1.3467655137080343,2,train
0.5937421451551258,-1.2881430376916847,1,train
0.8632655004163076,-0.8543367151706962,1,train
-0.1445174801255024,0.4822557380020791,2,train
-1.8085312386945376,-0.3150099358202781,1,train
1.2616913299328372,-0.0805200317548788,2,train
-1.2929213416731464,-1.4991839513505438,1,train
0.8163918734143629,1.349868383044056,2,train
-0.0273334126206408,-0.5963978206987571,1,train
0.3828108236463748,-0.4205303926497077,1,train
-1.2108924944197432,-0.7839897439510765,1,train
-1.1874556809187709,-0.619846811105297,1,train
-0.5780985298934905,-0.5494998398856773,1,train
-0.7187194108993245,0.9864090317426872,2,train
0.6992078059095013,0.9043375653197976,2,train
-1.117145240415854,0.540878214018429,1,train
0.0429770278822761,-0.8777857055772361,1,train
-1.5272894766828695,-1.206071571268795,1,train
-1.0351163931624507,-1.1005511144393654,1,train
-0.402322428636198,-0.1508670029744986,2,train
1.0390416016736,1.0098580221492273,2,train
-0.0859254463730716,-0.1039690221614188,1,train
-1.7265023914411344,-0.5143263542758674,1,train
-1.3163581551741188,-1.0419286384230155,1,train
1.402312210938671,-0.2446629646006583,2,train
1.1562256691784616,-0.2563874598039283,2,train
0.1367242818861654,0.6229496804413186,2,train
1.5780883121959637,1.8891951623944745,2,train
-0.906213918907103,0.3884597763759194,1,train
0.3007819763929717,0.7050211468642084,2,train
-0.7070010041488383,-0.3736324118366279,1,train
-0.3554488016342534,0.3298373003595696,2,train
0.6874893991590151,0.4119087667824594,2,train
0.3242187898939441,-0.9833061624066658,2,train
-0.8710586986556446,-0.7136427727314567,1,train
0.6874893991590151,1.0333070125557673,2,train
-0.1445174801255024,-0.4908773638693274,1,train
0.9335759409192246,1.5374603062963754,2,train
0.1132874683851931,1.912644152801014,2,train
1.8358932607066591,0.1891433579203301,2,train
0.6523341789075566,-0.3501834214300879,2,train
0.1250058751356793,1.068480498165577,2,train
-0.6366905636459212,1.1505519645884668,2,train
0.1601610953871378,1.7719502103617746,2,train
1.19138088942992,-0.4088058974464377,2,train
0.1367242818861654,-2.5426640244415704,1,train
0.3593740101454025,0.833990594100178,2,train
0.7343630261609597,-1.3936634945211144,1,train
0.4062476371473472,1.2677969166211664,2,train
-0.8710586986556446,-0.2563874598039283,2,train
-0.6366905636459212,1.6078072775159953,2,train
-1.0702716134139094,-0.8543367151706962,1,train
0.2539083493910271,0.505704728408619,1,train
0.0664138413832484,-2.355072101189251,1,train
1.0156047881726278,0.8222660988969079,2,train
-0.2499831408798779,-0.2446629646006583,1,train
-0.2968567678818226,-0.5612243350889472,1,train
0.1718795021376239,-0.4439793830562476,1,train
-0.2499831408798779,1.3146948974342465,1,train
-0.2851383611313364,-0.9715816672033958,1,train
-1.0116795796614786,-1.768847341025753,1,train
0.1953163156385962,-0.4439793830562476,1,train
-2.53507245722468,0.6581231660511285,1,train
-1.2812029349226604,2.2057565328827637,2,train
-0.4140408353866842,-0.4791528686660575,1,train
-1.5272894766828695,-0.4908773638693274,1,train
-2.476480423472249,0.0367249202778207,1,train
-0.1679542936264747,0.1422453771072503,1,train
-1.1757372741682848,-0.5846733254954871,1,train
-0.5312249028915458,-0.4322548878529776,1,train
0.5468685181531812,0.9160620605230676,2,train
-1.6093183239362727,-0.6667447919183769,1,train
0.535150111402695,-0.9598571720001258,2,train
-1.7147839846906483,-0.936408181593586,1,train
-1.046834799912937,-0.2915609454137381,1,train
0.3359371966444302,-0.2563874598039283,2,train
1.19138088942992,-1.8626433026519127,1,train
1.1327888556774892,0.0367249202778207,2,train
-0.402322428636198,0.9864090317426872,1,train
-0.1796727003769609,0.4939802332053491,1,train
0.1718795021376239,-0.1039690221614188,2,train
0.7226446194104736,0.1305208819039803,1,train
-0.1327990733750162,-0.608122315902027,1,train
-0.2382647341293917,0.505704728408619,2,train
1.4960594649425605,-1.5578064273668937,2,train
0.1718795021376239,1.361592878247326,2,train
1.6015251256969358,-0.7957142391543464,1,train
-1.7499392049421068,0.7519191276772882,1,train
-1.1757372741682848,-0.3970814022431678,1,train
-0.0624886328720993,1.1974499454015466,2,train
1.027323194923114,1.068480498165577,2,train
-0.8944955121566168,0.1891433579203301,1,train
-1.0702716134139094,-0.7370917631379966,1,train
1.0741968219250584,0.1187963867007104,2,train
0.6640525856580428,-1.4053879897243842,1,train
0.5117132979017227,0.3884597763759194,2,train
0.1953163156385962,-0.326734431023548,2,train
-0.6718457838973798,0.9160620605230676,1,train
0.0429770278822761,-0.4557038782595176,1,train
-0.4491960556381427,1.2560724214178964,1,train
1.6366803459483945,0.7753681180838281,2,train
-0.9882427661605062,-1.5109084465538138,1,train
-1.5624446969343282,-0.3501834214300879,1,train
0.0898506548842208,-0.4439793830562476,1,train
-0.4140408353866842,0.4939802332053491,2,train
0.1601610953871378,0.0132759298712807,2,train
-0.1327990733750162,0.4236332619857293,1,train
0.675770992408529,-0.3619079166333579,1,train
-0.2031095138779332,0.505704728408619,2,train
1.3671569906872123,-0.021897555738529,2,train
0.3007819763929717,0.7753681180838281,2,train
-1.0702716134139094,1.091929488572117,1,train
0.0664138413832484,-0.1743159933810385,1,train
-0.4609144623886288,0.1422453771072503,2,train
-1.2812029349226604,1.2912459070277065,1,train
-1.105426833665368,-0.1860404885843085,1,train
-0.9413691391585616,-0.5143263542758674,1,train
-0.2265463273789056,-0.608122315902027,1,train
-0.2382647341293917,0.5995006900347787,2,train
0.9452943476697108,-0.1274180125679587,1,train
0.4062476371473472,-0.608122315902027,1,train
-0.1679542936264747,0.5291537188151589,2,train
-0.2031095138779332,-1.9447147690748023,1,train
0.3242187898939441,1.6078072775159953,2,train
-1.7850944251935652,-1.464010465740734,1,train
1.0624784151745723,1.396766363857136,2,train
-0.613253750144949,-2.4254190724088707,1,train
-0.3906040218857118,0.7519191276772882,1,train
0.2421899426405409,0.6112251852380487,2,train
2.140571836219299,0.0601739106843606,2,train
0.3007819763929717,1.056756002962307,1,train
-1.4218238159284942,0.5760516996282388,2,train
1.027323194923114,1.115378478978657,2,train
-1.4452606294294663,-2.144031187530392,1,train
-0.4374776488876565,-0.889510200780506,1,train
-2.054617780454747,0.3298373003595696,1,train
-1.117145240415854,-0.0687955365516089,1,train
-0.9179323256575892,0.1070718914974404,1,train
-0.4843512758896012,-0.1625914981777686,1,train
1.4491858379406155,1.971266628817364,2,train
1.085915228675545,-0.3501834214300879,2,train
-1.4218238159284942,-0.4322548878529776,1,train
1.2265361096813787,-1.1357246000491752,2,train
-1.3866685956770357,-0.2212139741941184,2,train
-1.339794968675091,-1.170898085658985,2,train
0.0781322481337346,-0.5260508494791374,1,train
-1.1640188674177987,-0.0922445269581488,1,train
-0.2617015476303641,-1.2881430376916847,1,train
-1.2929213416731464,-1.1474490952524452,1,train
0.8163918734143629,1.3146948974342465,2,train
0.3125003831434579,-0.3853569070398978,2,train
0.2890635696424856,1.056756002962307,1,train
1.3788753974376988,0.7284701372707483,2,train
0.9921679746716554,0.505704728408619,2,train
0.5937421451551258,0.1305208819039803,2,train
-0.6249721568954352,-1.264694047285145,1,train
-0.3202935813827949,0.0601739106843606,2,train
-0.1913911071274471,-0.1860404885843085,2,train
-0.1445174801255024,-1.2177960664720648,1,train
-1.0937084269148816,-0.9715816672033958,1,train
1.2616913299328372,1.103653983775387,2,train
1.2616913299328372,1.115378478978657,2,train
-0.5546617163925182,-0.8191632295608863,1,train
-0.97652435941002,-0.3501834214300879,2,train
-1.843686458945996,-1.3115920280982245,1,train
-0.7421562244002967,2.393348456135082,2,train
-0.1093622598740439,0.4353577571889993,1,train
1.542933091944505,0.8808885749132578,2,train
-0.3202935813827949,-0.3150099358202781,1,train
-0.7538746311507829,-0.338458926226818,1,train
-0.7421562244002967,-0.3736324118366279,1,train
-0.4374776488876565,0.8691640797099878,2,train
-0.5663801231430043,0.3767352811726495,1,train
-0.9648059526595338,-0.7488162583412665,1,train
1.167944075928948,1.5609092967029154,2,train
0.7109262126599875,0.7401946324740183,2,train
1.085915228675545,0.5526027092216989,2,train
-0.8124666649032137,0.8691640797099878,2,train
-0.6366905636459212,1.115378478978657,2,train
-0.542943309642032,0.0132759298712807,1,train
-1.6444735441877314,-0.1039690221614188,1,train
-1.3983870024275218,-0.0922445269581488,1,train
1.19138088942992,1.947817638410824,2,train
1.2616913299328372,-0.7839897439510765,2,train
-0.1327990733750162,-0.1977649837875784,1,train
0.3242187898939441,-0.5729488302922172,1,train
0.968731161170683,0.3650107859693795,2,train
-0.1093622598740439,-1.5578064273668937,1,train
-0.3437303948837672,-1.3819389993178444,1,train
-0.3437303948837672,-1.9329902738715323,1,train
1.8124564472056868,1.5022868206865656,2,train
-1.105426833665368,-1.546081932163624,1,train
0.3710924168958887,1.7953992007683146,1,train
0.0078218076308176,0.4236332619857293,2,train
2.4804056319833983,-0.6784692871216468,2,train
1.332001770435754,1.7836747055650446,2,train
-0.4960696826400873,-1.206071571268795,1,train
-0.5312249028915458,0.4119087667824594,2,train
0.0546954346327623,-0.1274180125679587,2,train
1.0741968219250584,0.1891433579203301,2,train
-1.8085312386945376,0.9512355461328776,1,train
-1.2460477146712017,-1.6633268841963234,1,train
-0.6601273771468936,0.2946638147497598,1,train
-0.3085751746323087,-0.6550202967151069,2,train
-0.3788856151352257,2.1823075424762237,2,train
0.9218575341687384,-0.7370917631379966,2,train
-1.2929213416731464,-1.5109084465538138,1,train
-0.8944955121566168,2.0767870856467936,2,train
-0.6835641906478659,-1.2881430376916847,1,train
-0.542943309642032,-0.643295801511837,1,train
0.1601610953871378,0.1305208819039803,1,train
-0.6835641906478659,0.4822557380020791,1,train
0.1132874683851931,0.7284701372707483,2,train
-0.2148279206284194,1.2912459070277065,2,train
-0.3906040218857118,0.1305208819039803,1,train
1.4843410581920742,0.7284701372707483,2,train
1.542933091944505,-0.5963978206987571,2,train
-0.5546617163925182,-0.045346546145069,1,train
-0.5546617163925182,1.396766363857136,2,train
1.0624784151745723,-0.2798364502104682,2,train
0.4765580776502642,-0.7019182775281867,2,train
-1.8905600859479408,0.3063883099530297,1,train
1.5780883121959637,0.1422453771072503,2,train
0.3007819763929717,0.0836229010909005,2,train
-1.5624446969343282,-1.5109084465538138,1,train
1.0741968219250584,1.5609092967029154,2,train
0.1601610953871378,1.4319398494669455,2,train
0.6523341789075566,0.22431684353014,2,train
-0.9648059526595338,-0.8660612103739661,1,train
-1.3749501889265496,-2.308174120376171,1,train
1.1327888556774892,0.9629600413361474,2,train
-2.300704322214957,-0.6784692871216468,1,train
-1.2343293079207156,-0.8191632295608863,1,train
0.8163918734143629,1.3029704022309765,2,train
-1.5624446969343282,-0.7370917631379966,1,train
-0.8124666649032137,-1.0536531336262855,1,train
1.554651498694991,0.6698476612543985,2,train
0.6523341789075566,0.2712148243432198,2,train
1.0741968219250584,0.4001842715791894,2,train
0.0898506548842208,-1.0302041432197455,1,train
-1.7147839846906483,0.1422453771072503,1,train
-1.0937084269148816,-2.62473549086446,1,train
1.753864413453256,0.1656943675137902,2,train
0.968731161170683,1.6078072775159953,2,train
0.7109262126599875,-0.4908773638693274,2,train
1.1562256691784616,0.8808885749132578,2,train
0.5585869249036673,0.3415617955628396,1,train
0.6171789586560982,-2.331623110782711,1,train
-1.105426833665368,-0.2094894789908484,1,train
-0.0156150058701546,0.2712148243432198,2,train
0.0546954346327623,0.23604133873341,2,train
-1.5155710699323834,0.833990594100178,1,train
1.8007380404552007,0.3063883099530297,2,train
2.691336953492149,-0.0922445269581488,2,train
-0.1093622598740439,0.5760516996282388,2,train
0.1601610953871378,0.0601739106843606,2,train
-1.98430733995183,-0.338458926226818,1,train
0.3828108236463748,0.3767352811726495,2,train
-0.2851383611313364,0.2008678531236001,2,train
0.6992078059095013,-1.3350410185047643,1,train
1.472622651441588,0.3532862907661095,2,train
-0.1562358868759886,-1.3350410185047643,1,train
-0.0624886328720993,-0.9598571720001258,1,train
-0.906213918907103,-0.045346546145069,1,train
0.2421899426405409,-0.2563874598039283,1,train
-0.2499831408798779,-0.2915609454137381,1,train
-0.6835641906478659,-0.3619079166333579,1,train
-1.0702716134139094,-0.6784692871216468,1,train
0.2539083493910271,-0.8426122199674262,1,train
0.968731161170683,0.6229496804413186,1,train
-0.472632869139115,1.5374603062963754,1,train
1.531214685194019,-0.643295801511837,2,train
0.5468685181531812,-1.2529695520818749,1,train
-1.480415849680925,-0.889510200780506,1,train
-1.5858815104353006,-1.3467655137080343,1,train
0.3359371966444302,0.5291537188151589,2,train
-0.9413691391585616,0.4001842715791894,1,train
-0.7773114446517553,-1.170898085658985,1,train
-0.8944955121566168,-1.0067551528132055,1,train
1.2382545164318648,0.2477658339366799,2,train
-0.3671672083847395,2.9795732162985806,2,train
-0.5312249028915458,0.833990594100178,2,train
-0.1913911071274471,0.0836229010909005,2,train
1.2499729231823509,0.0953473962941705,2,train
-2.078054593955719,-0.1156935173646887,1,train
0.8749839071667938,1.1740009549950068,2,train
1.531214685194019,1.7953992007683146,2,train
1.1562256691784616,0.4119087667824594,1,train
0.0429770278822761,-0.1625914981777686,2,train
0.0546954346327623,0.5291537188151589,2,train
-0.3788856151352257,0.1070718914974404,1,train
-1.0702716134139094,-2.870949890133129,1,train
0.7577998396619321,1.7133277343454247,2,train
-1.1640188674177987,-1.522632941757084,1,train
0.8749839071667938,1.2208989358080866,2,train
1.0156047881726278,-0.6550202967151069,2,train
0.0664138413832484,-0.7722652487478064,1,train
-0.332011988133281,2.4988689129645123,2,train
-1.117145240415854,-0.5143263542758674,1,train
0.0898506548842208,0.1539698723105202,1,train
-0.6601273771468936,2.4402464369481622,2,train
0.9921679746716554,0.4588067475955392,2,train
2.4804056319833983,0.7636436228805582,2,train
0.394529230396861,-0.2681119550071982,1,train
-0.4140408353866842,-1.2177960664720648,1,train
1.1327888556774892,0.1070718914974404,1,train
-1.0351163931624507,-1.1357246000491752,1,train
-0.5898169366439766,1.5257358110931054,2,train
0.3359371966444302,-0.0687955365516089,2,train
-0.6601273771468936,1.0802049933688471,2,train
0.8867023139172799,0.9043375653197976,2,train
0.7812366531629045,1.7133277343454247,2,train
-0.5780985298934905,1.971266628817364,2,train
0.0312586211317899,-0.0101730605352591,2,train
1.917922107960062,0.3063883099530297,1,train
0.4062476371473472,-0.8308877247641563,1,train
0.7812366531629045,1.924368648004284,2,train
-0.8710586986556446,-0.7605407535445365,1,train
2.164008649720272,-0.1508670029744986,2,train
-1.8085312386945376,-0.912959191187046,1,train
1.0741968219250584,0.5526027092216989,2,train
1.3554385839367264,0.1422453771072503,2,train
0.8281102801648491,-0.5846733254954871,1,train
0.3593740101454025,1.3146948974342465,2,train
-0.1796727003769609,0.4353577571889993,2,train
1.0976336354260308,1.3029704022309765,2,train
0.5585869249036673,0.7284701372707483,2,train
-0.3788856151352257,-0.7488162583412665,1,train
0.2304715358900547,0.0250004250745507,1,train
-1.550726290183842,1.3264193926375163,1,train
0.2539083493910271,-1.2177960664720648,1,train
-0.9296507324080754,-1.7336738554159432,1,train
1.5898067189464498,0.4822557380020791,2,train
-0.8241850716536999,-0.7370917631379966,1,train
-1.2929213416731464,0.505704728408619,1,train
1.6718355661998527,-1.0184796480164755,1,train
1.7890196337047144,1.7719502103617746,2,train
-1.5741631036848145,-0.5846733254954871,1,train
-2.2186754749615534,-1.0419286384230155,1,train
-0.6835641906478659,0.23604133873341,2,train
1.4257490244396434,1.103653983775387,2,train
-2.054617780454747,-0.3619079166333579,1,train
0.2656267561415132,0.8926130701165277,1,train
-2.38273316946836,-1.487459456147274,1,train
-1.0233979864119649,-0.5846733254954871,1,train
-0.2031095138779332,-1.4991839513505438,1,train
0.2421899426405409,0.9746845365394174,2,train
-1.105426833665368,0.5760516996282388,1,train
-0.6015353433944628,-0.9833061624066658,1,train
-0.8827771054061307,1.4553888398734858,2,train
1.0390416016736,0.5526027092216989,2,train
-0.3554488016342534,-2.308174120376171,1,train
-0.1679542936264747,-0.7957142391543464,1,train
1.9647957349620069,-0.6550202967151069,2,train
-0.4140408353866842,-1.757122845822483,1,train
2.4804056319833983,0.5760516996282388,2,train
2.4569688184824257,0.4236332619857293,2,train
-0.7890298514022414,0.4822557380020791,2,train
0.0898506548842208,-0.3853569070398978,1,train
1.1445072624279755,1.361592878247326,2,train
1.7069907864513112,1.6078072775159953,2,train
0.464839670899778,0.5760516996282388,2,train
-1.6561919509382177,-1.0653776288295556,1,train
0.3242187898939441,1.1740009549950068,2,train
-1.3983870024275218,-0.326734431023548,1,train
0.2187531291395686,0.1774188627170602,1,train
1.9530773282115208,0.0250004250745507,2,train
-1.2226109011702295,0.6112251852380487,1,train
0.9921679746716554,0.4822557380020791,2,train
-0.6835641906478659,-1.2295205616753349,1,train
-1.0351163931624507,-1.170898085658985,1,train
-0.5195064961410597,-0.1391425077712287,1,train
2.538997665735829,-0.3853569070398978,2,train
1.8241748539561728,1.2326234310113566,2,train
-0.5780985298934905,0.9864090317426872,1,train
1.5780883121959637,-0.045346546145069,2,validate
0.6171789586560982,0.0953473962941705,2,validate
-0.8827771054061307,-0.0922445269581488,2,validate
0.4179660438978334,-2.61301099566119,1,validate
0.1718795021376239,-0.8777857055772361,2,validate
0.0781322481337346,0.2008678531236001,1,validate
-0.7538746311507829,-0.5377753446824073,1,validate
-0.0624886328720993,0.6581231660511285,1,validate
0.5703053316541535,0.3415617955628396,2,validate
-0.7304378176498106,0.4939802332053491,2,validate
-1.4335422226789805,-0.4322548878529776,1,validate
0.5234317046522088,0.21259234832687,2,validate
-0.0742070396225854,-2.4136945772056007,1,validate
0.5820237384046396,-1.6047044081799735,1,validate
2.5858712927377736,0.833990594100178,2,validate
-0.7890298514022414,0.0484494154810906,1,validate
-0.3085751746323087,2.041613600036984,2,validate
-1.257766121421688,-1.768847341025753,1,validate
1.5663699054454774,-0.5026018590725975,2,validate
-1.1757372741682848,-2.4371435676121407,1,validate
-0.6952825973983521,-0.1860404885843085,1,validate
-0.6718457838973798,-0.948132676796856,1,validate
-0.5312249028915458,-0.7957142391543464,1,validate
0.968731161170683,-0.2563874598039283,2,validate
1.4491858379406155,1.689878743938885,2,validate
1.6366803459483945,0.1656943675137902,2,validate
-0.613253750144949,-0.912959191187046,1,validate
0.0546954346327623,0.1656943675137902,2,validate
-1.691347171189676,-1.2177960664720648,1,validate
-1.046834799912937,-0.901234695983776,1,validate
0.7109262126599875,-0.2798364502104682,2,validate
-2.499917236973221,-0.0101730605352591,1,validate
-0.332011988133281,-1.1357246000491752,1,validate
0.7577998396619321,0.4588067475955392,2,validate
-0.8124666649032137,-2.050235225904232,1,validate
-0.8359034784041861,-0.2212139741941184,1,validate
-0.0859254463730716,-0.6901937823249168,1,validate
1.320283363685268,0.798817108490368,2,validate
0.8163918734143629,0.7284701372707483,2,validate
-0.3554488016342534,-1.6867758746028634,1,validate
1.3671569906872123,0.1891433579203301,2,validate
0.5820237384046396,0.0601739106843606,2,validate
0.8046734666638767,1.0215825173524973,2,validate
-0.0976438531235577,2.510593408167782,2,validate
0.1718795021376239,0.4470822523922693,2,validate
0.6874893991590151,1.3146948974342465,2,validate
0.1015690616347069,-0.7136427727314567,1,validate
0.1484426886366516,-0.4205303926497077,1,validate
-0.542943309642032,-0.1508670029744986,1,validate
1.0624784151745723,-0.619846811105297,2,validate
1.0156047881726278,-0.3970814022431678,1,validate
0.0195402143813038,0.7636436228805582,2,validate
-1.8905600859479408,-0.4908773638693274,1,validate
-2.183520254710095,-1.464010465740734,1,validate
1.2734097366833232,0.3181128051562997,1,validate
-0.0976438531235577,0.22431684353014,2,validate
-0.7890298514022414,0.4236332619857293,1,validate
-0.472632869139115,-0.5026018590725975,2,validate
1.7773012269542283,1.5257358110931054,2,validate
0.6523341789075566,-0.3970814022431678,2,validate
-0.8124666649032137,-0.8543367151706962,1,validate
0.0898506548842208,-1.170898085658985,2,validate
-1.046834799912937,1.068480498165577,1,validate
0.8515470936658214,-0.608122315902027,2,validate
0.2773451628919994,-0.924683686390316,2,validate
0.898420720667766,0.0953473962941705,2,validate
0.6640525856580428,0.3650107859693795,2,validate
0.2421899426405409,0.3415617955628396,2,validate
-1.621036730686759,0.5526027092216989,1,validate
1.753864413453256,0.5995006900347787,2,validate
0.9921679746716554,0.6112251852380487,1,validate
0.6992078059095013,0.9160620605230676,2,validate
-0.7421562244002967,-0.8777857055772361,1,validate
-0.0273334126206408,-0.901234695983776,1,validate
0.1601610953871378,0.5760516996282388,2,validate
0.7109262126599875,0.7167456420674784,2,validate
-2.078054593955719,-0.1156935173646887,1,validate
-0.2382647341293917,1.2795214118244365,1,validate
0.1484426886366516,-0.021897555738529,2,validate
-1.621036730686759,0.5877761948315088,1,validate
1.0741968219250584,-0.3032854406170081,2,validate
0.9335759409192246,-0.7722652487478064,2,validate
1.320283363685268,-0.7839897439510765,2,validate
-1.117145240415854,0.3884597763759194,1,validate
-0.9882427661605062,-0.2563874598039283,1,validate
1.2148177029308924,-0.2446629646006583,2,validate
0.3828108236463748,0.21259234832687,2,validate
1.542933091944505,-0.1743159933810385,2,validate
-0.1327990733750162,1.1740009549950068,2,validate
-1.5975999171857866,-0.3970814022431678,1,validate
-0.2382647341293917,-1.979888254684612,1,validate
0.7226446194104736,0.7753681180838281,2,validate
1.5898067189464498,0.0484494154810906,2,validate
-0.4140408353866842,-0.021897555738529,1,validate
1.9647957349620069,1.091929488572117,2,validate
0.6406157721570704,1.1974499454015466,2,validate
-0.0742070396225854,-1.0067551528132055,1,validate
-1.1991740876692571,-0.7605407535445365,1,validate
-0.9296507324080754,-0.1625914981777686,1,validate
0.5585869249036673,-1.4053879897243842,1,validate
0.4531212641492919,-0.3970814022431678,2,validate
-0.472632869139115,-0.7722652487478064,1,validate
0.1601610953871378,-0.1508670029744986,2,validate
-0.8359034784041861,0.1539698723105202,1,validate
-0.3906040218857118,-1.6398778937897835,1,validate
-0.2968567678818226,0.2946638147497598,2,validate
-2.0897730007062054,-1.3584900089113043,1,validate
1.5077778716930466,0.9043375653197976,2,validate
0.0078218076308176,1.678154248735615,2,validate
-0.5077880893905735,-0.889510200780506,1,validate
-1.5155710699323834,-1.8157453218388329,1,validate
-1.468697442930439,-1.8860922930584525,1,validate
-0.6015353433944628,-0.8543367151706962,2,validate
1.2148177029308924,0.2712148243432198,2,validate
-1.7147839846906483,0.1891433579203301,1,validate
2.0702613957163822,0.8574395845067179,2,validate
-0.3906040218857118,-1.534357436960354,1,validate
1.1445072624279755,-0.045346546145069,2,validate
0.0664138413832484,-0.5260508494791374,1,validate
1.5077778716930466,0.7401946324740183,2,validate
1.1562256691784616,1.396766363857136,2,validate
1.085915228675545,0.3767352811726495,2,validate
-0.6249721568954352,-0.3032854406170081,1,validate
0.2070347223890824,0.6112251852380487,2,validate
-1.5390078834333558,0.0718984058876305,1,validate
1.402312210938671,1.0333070125557673,2,validate
-0.1327990733750162,0.4119087667824594,2,validate
1.0741968219250584,-0.1625914981777686,2,validate
-1.2812029349226604,0.1891433579203301,2,validate
-0.2968567678818226,0.540878214018429,1,validate
-1.7030655779401622,0.5995006900347787,1,validate
-0.7070010041488383,-0.6667447919183769,1,validate
-0.8944955121566168,-0.5963978206987571,1,validate
-0.1445174801255024,0.8691640797099878,2,validate
1.7187091932017975,0.1539698723105202,2,validate
0.8515470936658214,0.1070718914974404,2,validate
1.027323194923114,1.0333070125557673,2,validate
1.0390416016736,1.338143887840786,2,validate
-0.7655930379012691,-0.1977649837875784,1,validate
-0.2148279206284194,0.3532862907661095,1,validate
0.464839670899778,0.4705312427988092,2,validate
-0.2617015476303641,-1.2529695520818749,1,validate
0.4062476371473472,0.9746845365394174,2,validate
0.2656267561415132,0.1187963867007104,2,validate
-0.1679542936264747,-1.3584900089113043,1,validate
-0.1445174801255024,-1.0067551528132055,1,validate
-1.269484528172174,-0.3736324118366279,1,validate
0.3242187898939441,-1.2177960664720648,2,validate
-0.0859254463730716,-0.2563874598039283,1,validate
-0.2968567678818226,0.2946638147497598,1,validate
-1.6093183239362727,1.2326234310113566,1,validate
0.8749839071667938,0.1539698723105202,2,validate
0.4179660438978334,1.2795214118244365,2,validate
-0.0507702261216131,1.8071236959715848,2,validate
-0.4960696826400873,0.1774188627170602,2,validate
0.0312586211317899,0.21259234832687,2,validate
-0.6484089703964074,0.0953473962941705,1,validate
1.027323194923114,0.517429223611889,2,validate
1.531214685194019,0.3298373003595696,2,validate
-0.8476218851546722,-1.0067551528132055,1,validate
-0.5663801231430043,-0.8777857055772361,1,validate
-2.078054593955719,0.0484494154810906,1,validate
-1.0819900201643955,-0.5260508494791374,1,validate
-0.3788856151352257,0.3298373003595696,1,validate
-0.3906040218857118,-0.045346546145069,1,validate
0.2890635696424856,-1.3936634945211144,1,validate
-1.2812029349226604,-0.912959191187046,1,validate
0.3828108236463748,0.2594903291399499,1,validate
1.285128143433809,1.3264193926375163,2,validate
-0.2148279206284194,-0.7839897439510765,1,validate
0.5234317046522088,1.3029704022309765,2,validate
0.4882764844007503,1.2795214118244365,2,validate
0.0546954346327623,0.0718984058876305,2,validate
-0.4491960556381427,-1.1005511144393654,1,validate
-1.5390078834333558,-2.5543885196448404,1,validate
0.1953163156385962,1.091929488572117,1,validate
-0.402322428636198,-1.9329902738715323,1,validate
1.109352042176517,0.2594903291399499,1,validate
0.3710924168958887,1.8188481911748544,2,validate
-1.9257153061993992,0.6581231660511285,2,validate
1.0507600084240862,-1.1591735904557152,1,validate
0.9570127544201968,1.5843582871094553,2,validate
0.2539083493910271,-0.1625914981777686,2,validate
0.1015690616347069,-0.4791528686660575,1,validate
0.535150111402695,1.2795214118244365,2,validate
0.0664138413832484,-1.4053879897243842,1,validate
-0.0742070396225854,-0.1625914981777686,2,validate
-0.4491960556381427,0.3532862907661095,1,validate
0.1601610953871378,0.6112251852380487,2,validate
1.6483987526988804,0.4588067475955392,2,validate
-0.4140408353866842,-0.021897555738529,1,validate
1.1445072624279755,1.420215354263676,2,validate
2.04682458221541,-0.1743159933810385,2,validate
0.8398286869153352,0.5643272044249689,2,validate
-0.0742070396225854,-0.2798364502104682,1,validate
-0.6952825973983521,0.4588067475955392,1,validate
-0.8476218851546722,-0.1743159933810385,1,validate
1.5077778716930466,1.4671133350767558,2,validate
0.675770992408529,0.5643272044249689,2,validate
0.2070347223890824,1.2443479262146264,2,validate
1.6952723797008251,0.4470822523922693,2,validate
-0.9179323256575892,-0.608122315902027,1,validate
1.8124564472056868,1.3264193926375163,2,validate
-1.2343293079207156,-0.0922445269581488,1,validate
-2.710848558481972,-0.901234695983776,1,validate
0.0078218076308176,1.2443479262146264,2,validate
-0.906213918907103,0.3884597763759194,2,validate
-1.0937084269148816,0.5877761948315088,1,validate
0.8632655004163076,-0.338458926226818,1,validate
1.5780883121959637,1.091929488572117,2,validate
-0.0038965991196684,-0.2094894789908484,1,validate
0.5703053316541535,-0.1508670029744986,1,validate
0.7929550599133905,1.2912459070277065,2,validate
0.8632655004163076,0.5877761948315088,2,validate
-1.0585532066634231,-0.4908773638693274,1,validate
0.4062476371473472,-0.948132676796856,1,validate
0.535150111402695,1.115378478978657,2,validate
0.7109262126599875,0.0015514346680108,2,validate
-0.5077880893905735,-1.8626433026519127,1,validate
1.3437201771862402,1.3029704022309765,2,validate
1.4140306176891573,0.6229496804413186,2,validate
-0.5077880893905735,0.0367249202778207,1,validate
0.4531212641492919,-1.452285970537464,1,validate
-0.5546617163925182,-0.4557038782595176,1,validate
-2.1952386614605808,-1.1122756096426354,1,validate
0.3593740101454025,-1.3702145041145743,1,validate
-3.6600395052713512,0.1891433579203301,1,validate
-1.0351163931624507,-0.7370917631379966,1,validate
-0.4843512758896012,-1.745398350619213,1,validate
0.2187531291395686,2.2057565328827637,2,validate
0.2421899426405409,-0.1977649837875784,1,validate
0.8515470936658214,0.3181128051562997,2,validate
0.9452943476697108,0.1891433579203301,2,validate
0.3828108236463748,-0.1274180125679587,2,validate
-0.3085751746323087,0.3884597763759194,2,validate
-2.1718018479596086,0.8926130701165277,1,validate
0.968731161170683,-0.631571306308567,1,validate
-1.5038526631818974,-0.4908773638693274,1,validate
0.1132874683851931,0.7636436228805582,1,validate
1.531214685194019,-0.2681119550071982,2,validate
-1.1874556809187709,0.1187963867007104,2,validate
-2.1718018479596086,-2.026786235497692,1,validate
0.1718795021376239,-0.1156935173646887,1,validate
-0.0390518193711269,-0.631571306308567,1,validate
0.4179660438978334,-0.608122315902027,1,validate
-0.5780985298934905,-1.2412450568786049,1,validate
0.1250058751356793,1.127102974181927,2,validate
0.9335759409192246,-0.2563874598039283,2,validate
-2.242112288462525,-1.0653776288295556,1,validate
1.4491858379406155,0.2008678531236001,1,validate
1.7773012269542283,1.1740009549950068,2,validate
0.0664138413832484,1.2443479262146264,2,validate
0.7226446194104736,-1.6516023889930531,1,validate
0.0781322481337346,0.9981335269459574,2,validate
0.605460551905612,1.1388274693851967,2,validate
0.5585869249036673,-0.021897555738529,2,validate
-1.3163581551741188,-0.5143263542758674,1,validate
-1.3983870024275218,-0.3619079166333579,1,validate
-0.5898169366439766,-0.912959191187046,2,validate
1.332001770435754,-0.1743159933810385,2,validate
-0.5195064961410597,-0.5377753446824073,1,validate
0.1015690616347069,-0.4205303926497077,1,validate
1.9530773282115208,0.6815721564576684,2,validate
-0.1679542936264747,-1.9916127498878824,1,validate
1.285128143433809,-0.5963978206987571,2,validate
1.3437201771862402,-0.1625914981777686,2,validate
-1.6093183239362727,-1.9916127498878824,1,validate
-0.9882427661605062,-0.4674283734627875,1,validate
0.0781322481337346,-0.2563874598039283,2,validate
-0.7890298514022414,-1.5929799129767035,1,validate
-0.542943309642032,0.5643272044249689,1,validate
0.2890635696424856,-1.3936634945211144,1,validate
-0.9530875459090477,1.5022868206865656,1,validate
1.027323194923114,1.631256267922535,2,validate
0.898420720667766,-0.8543367151706962,2,validate
0.6288973654065843,0.7167456420674784,2,validate
0.9921679746716554,0.4588067475955392,2,validate
-1.0233979864119649,0.8926130701165277,2,validate
-0.1327990733750162,1.1740009549950068,2,validate
1.1445072624279755,0.1422453771072503,2,validate
0.7109262126599875,1.1505519645884668,2,validate
-0.1562358868759886,-0.1977649837875784,2,validate
2.421813598230967,1.936093143207554,2,validate
-1.550726290183842,-0.8660612103739661,1,validate
-1.621036730686759,-1.0888266192360954,1,validate
-0.3671672083847395,-2.4605925580186807,1,validate
0.2773451628919994,0.22431684353014,2,validate
1.167944075928948,2.287827999305653,2,test
0.394529230396861,-0.5612243350889472,2,test
0.3007819763929717,0.0367249202778207,2,test
0.5703053316541535,-0.6784692871216468,2,test
1.0741968219250584,-0.5846733254954871,2,test
0.2773451628919994,2.0767870856467936,2,test
0.1835979088881101,1.4319398494669455,2,test
1.4257490244396434,0.4822557380020791,2,test
0.9218575341687384,-0.0687955365516089,2,test
0.2070347223890824,-1.0302041432197455,2,test
0.6171789586560982,-0.5729488302922172,2,test
0.5585869249036673,-0.9715816672033958,2,test
1.19138088942992,0.8574395845067179,2,test
-0.7070010041488383,0.1891433579203301,2,test
1.9530773282115208,0.8691640797099878,2,test
1.332001770435754,0.9629600413361474,2,test
0.3476556033949164,0.9277865557263376,2,test
1.917922107960062,1.1388274693851967,2,test
1.390593804188185,1.4436643446702158,2,test
-0.4491960556381427,-0.033622050941799,1,test
-0.5195064961410597,-2.4840415484252203,1,test
-1.3163581551741188,0.7519191276772882,2,test
2.187445463221244,0.4939802332053491,2,test
1.7304275999522836,1.8422971815813944,2,test
0.9101391274182522,0.3063883099530297,2,test
1.285128143433809,1.1388274693851967,2,test
-0.332011988133281,0.6346741756445886,2,test
2.3866583779795087,0.0367249202778207,2,test
-1.117145240415854,-0.2563874598039283,2,test
0.2773451628919994,0.3767352811726495,2,test
0.2656267561415132,0.4939802332053491,2,test
0.8632655004163076,1.6547052583290751,2,test
0.8515470936658214,0.5526027092216989,2,test
1.6483987526988804,1.0215825173524973,2,test
0.1601610953871378,2.299552494508923,2,test
1.0624784151745723,0.5643272044249689,2,test
0.4882764844007503,1.408490859060406,2,test
0.5703053316541535,1.5491848014996454,2,test
0.4414028573988057,1.115378478978657,2,test
0.2890635696424856,0.7050211468642084,2,test
1.542933091944505,0.3650107859693795,2,test
0.6992078059095013,0.4822557380020791,2,test
0.2773451628919994,-0.2329384693973883,2,test
0.0429770278822761,-0.4088058974464377,2,test
1.906203701209576,-0.3853569070398978,2,test
0.3242187898939441,-0.3736324118366279,2,test
0.5585869249036673,1.4671133350767558,2,test
0.5234317046522088,1.1974499454015466,2,test
0.898420720667766,-0.3736324118366279,2,test
-1.3280765619246049,-1.3115920280982245,1,test
-0.8124666649032137,0.2712148243432198,1,test
-0.3437303948837672,1.5140113158898356,2,test
0.7812366531629045,0.798817108490368,2,test
1.4257490244396434,0.798817108490368,2,test
0.6523341789075566,0.517429223611889,2,test
-3.390516150010169,0.21259234832687,1,test
0.9452943476697108,0.5291537188151589,2,test
-1.046834799912937,-1.6750513793995934,1,test
0.8749839071667938,0.8222660988969079,2,test
1.2499729231823509,0.505704728408619,2,test
2.8085210209970106,1.2443479262146264,2,test
1.1327888556774892,0.3415617955628396,2,test
-0.1445174801255024,0.7401946324740183,2,test
1.74214600670277,0.505704728408619,2,test
-0.6952825973983521,0.3298373003595696,2,test
0.8749839071667938,1.091929488572117,2,test
-0.7538746311507829,1.6547052583290751,2,test
-0.2499831408798779,0.7284701372707483,2,test
0.1367242818861654,0.9512355461328776,2,test
0.2070347223890824,0.8574395845067179,2,test
-0.0507702261216131,1.982991124020634,2,test
0.4999948911512365,0.7636436228805582,2,test
-0.9179323256575892,-0.2446629646006583,1,test
0.4882764844007503,0.3063883099530297,2,test
0.2187531291395686,0.3767352811726495,2,test
-0.0038965991196684,0.0367249202778207,2,test
0.3242187898939441,0.3063883099530297,2,test
-0.2499831408798779,0.22431684353014,2,test
1.109352042176517,1.4905623254832956,2,test
0.1835979088881101,0.9746845365394174,2,test
1.3437201771862402,0.798817108490368,2,test
0.6640525856580428,-0.9598571720001258,2,test
0.8749839071667938,0.4822557380020791,2,test
-0.6015353433944628,0.7636436228805582,2,test
0.4531212641492919,1.631256267922535,2,test
0.464839670899778,0.5877761948315088,2,test
2.6093081062387458,0.8926130701165277,2,test
0.6406157721570704,0.4705312427988092,2,test
-0.5898169366439766,-0.4322548878529776,2,test
-0.472632869139115,-0.3853569070398978,1,test
0.535150111402695,0.8808885749132578,2,test
-0.1796727003769609,2.393348456135082,2,test
1.5663699054454774,-0.5494998398856773,2,test
0.8749839071667938,0.1187963867007104,2,test
1.999950955213465,0.6815721564576684,2,test
0.394529230396861,1.1857254501982766,2,test
1.9647957349620069,0.7284701372707483,2,test
-0.1210806666245301,1.385041868653866,2,test
0.8515470936658214,0.4353577571889993,2,test
-0.9179323256575892,0.6932966516609385,2,test
0.9101391274182522,0.4588067475955392,2,test
-0.4609144623886288,0.3767352811726495,2,test
-0.3437303948837672,2.4871444177612423,2,test
0.2421899426405409,-0.2915609454137381,1,test
1.332001770435754,0.8926130701165277,2,test
0.4062476371473472,0.1774188627170602,2,test
1.0390416016736,0.517429223611889,1,test
0.7460814329114459,-0.2329384693973883,2,test
-0.1093622598740439,-0.7605407535445365,2,test
0.3828108236463748,0.4705312427988092,2,test
-0.1913911071274471,-0.3619079166333579,1,test
-0.9296507324080754,-0.5377753446824073,2,test
-0.1913911071274471,0.8222660988969079,2,test
0.7577998396619321,0.7753681180838281,2,test
0.9570127544201968,0.9629600413361474,2,test
0.9570127544201968,0.505704728408619,2,test
0.0664138413832484,0.3181128051562997,2,test
0.4296844506483195,-0.4557038782595176,2,test
0.9570127544201968,-0.7839897439510765,2,test
1.7069907864513112,0.4705312427988092,2,test
-0.0273334126206408,0.7519191276772882,2,test
-0.0624886328720993,0.6346741756445886,2,test
0.5585869249036673,1.349868383044056,2,test
-1.1523004606673124,-1.3467655137080343,1,test
-0.2382647341293917,0.22431684353014,2,test
-1.1874556809187709,-0.1860404885843085,2,test
0.6171789586560982,1.1740009549950068,2,test
2.9022682750009,-0.2915609454137381,2,test
0.1015690616347069,0.9981335269459574,2,test
0.3242187898939441,0.3063883099530297,2,test
0.6640525856580428,1.5022868206865656,2,test
0.1601610953871378,0.6581231660511285,2,test
0.5585869249036673,-0.3150099358202781,2,test
1.0507600084240862,-0.1274180125679587,2,test
0.9804495679211692,0.9160620605230676,2,test
1.3437201771862402,0.0601739106843606,2,test
1.1562256691784616,-0.7488162583412665,1,test
1.5780883121959637,-1.745398350619213,2,test
0.394529230396861,-1.0888266192360954,2,test
-0.613253750144949,0.9746845365394174,2,test
0.8163918734143629,0.8457150893034479,2,test
0.7226446194104736,0.7870926132870981,2,test
0.9101391274182522,2.9561242258920406,2,test
0.2656267561415132,-0.1391425077712287,2,test
0.4999948911512365,0.8808885749132578,2,test
-0.0156150058701546,0.4353577571889993,2,test
0.394529230396861,-0.4908773638693274,2,test
2.7030553602426357,-1.276418542488415,2,test
0.3710924168958887,1.091929488572117,2,test
-0.8476218851546722,0.4470822523922693,1,test
0.4414028573988057,-2.097133206717312,1,test
0.8867023139172799,0.810541603693638,2,test
0.4999948911512365,0.4001842715791894,2,test
-0.2031095138779332,1.2326234310113566,2,test
0.4531212641492919,0.9395110509296076,2,test
0.5820237384046396,2.4871444177612423,2,test
0.3828108236463748,1.2326234310113566,2,test
1.109352042176517,0.5526027092216989,2,test
0.7695182464124183,-0.608122315902027,2,test
1.531214685194019,1.0215825173524973,2,test
0.2539083493910271,0.1187963867007104,2,test
0.4999948911512365,1.689878743938885,2,test
-0.1093622598740439,0.4822557380020791,1,test
0.0898506548842208,0.6581231660511285,2,test
-0.2734199543808502,0.6346741756445886,2,test
-0.2031095138779332,-0.0570710413483389,2,test
0.3828108236463748,0.0132759298712807,2,test
0.0546954346327623,1.8657461719879345,2,test
1.0507600084240862,0.4001842715791894,2,test
-1.117145240415854,0.0015514346680108,1,test
-0.2617015476303641,-0.948132676796856,1,test
0.3007819763929717,1.373317373450596,2,test
-0.3554488016342534,0.21259234832687,2,test
1.2148177029308924,1.4436643446702158,2,test
0.1718795021376239,0.3884597763759194,2,test
1.4140306176891573,-0.936408181593586,2,test
0.3828108236463748,0.4470822523922693,2,test
1.4960594649425605,1.408490859060406,2,test
1.0038863814221417,0.9864090317426872,2,test
1.2148177029308924,0.540878214018429,2,test
0.9218575341687384,1.349868383044056,2,test
0.4999948911512365,0.9512355461328776,2,test
1.5077778716930466,1.689878743938885,2,test
0.4062476371473472,1.5726337919061852,2,test
-0.2382647341293917,-0.3501834214300879,1,test
0.1953163156385962,1.701603239142155,2,test
-0.7773114446517553,-1.0888266192360954,1,test
1.906203701209576,0.5995006900347787,2,test
0.2656267561415132,0.1070718914974404,1,test
-0.0273334126206408,-1.0067551528132055,1,test
0.6523341789075566,0.2477658339366799,2,test
0.3359371966444302,0.9277865557263376,2,test
-0.332011988133281,0.3181128051562997,2,test
1.0390416016736,-0.3619079166333579,2,test
1.332001770435754,0.6698476612543985,2,test
0.2773451628919994,0.4470822523922693,2,test
0.9218575341687384,1.7953992007683146,2,test
1.6366803459483945,0.3767352811726495,2,test
1.3085649569347817,2.9795732162985806,2,test
1.3437201771862402,0.0015514346680108,2,test
0.5703053316541535,0.0718984058876305,2,test
0.6288973654065843,1.4553888398734858,2,test
0.7695182464124183,0.7753681180838281,2,test
-0.4140408353866842,0.9512355461328776,2,test
1.4960594649425605,1.8188481911748544,2,test
1.613243532447422,0.4470822523922693,2,test
1.3671569906872123,1.2091744406048166,2,test
1.0390416016736,1.1857254501982766,2,test
1.3437201771862402,-0.1977649837875784,2,test
-0.542943309642032,0.2946638147497598,2,test
0.2070347223890824,-0.0805200317548788,2,test
0.3828108236463748,1.1388274693851967,2,test
-0.2734199543808502,0.3063883099530297,2,test
-1.0116795796614786,-1.0536531336262855,1,test
0.6992078059095013,1.5960827823127253,2,test
-1.1757372741682848,-0.3736324118366279,2,test
0.6171789586560982,-0.5494998398856773,2,test
1.0390416016736,-0.6784692871216468,2,test
1.8593300742076315,-0.8543367151706962,2,test
1.2616913299328372,2.4050729513383526,2,test
0.1601610953871378,-0.7957142391543464,2,test
0.968731161170683,-0.5260508494791374,2,test
-0.1093622598740439,-0.1977649837875784,2,test
-0.0507702261216131,0.0250004250745507,2,test
0.7695182464124183,0.3298373003595696,2,test
0.968731161170683,-0.1743159933810385,2,test
0.535150111402695,1.5609092967029154,2,test
-0.5195064961410597,-0.3853569070398978,2,test
0.5468685181531812,0.5995006900347787,2,test
0.8281102801648491,0.9043375653197976,2,test
1.109352042176517,1.678154248735615,2,test
1.6249619391979082,-0.338458926226818,2,test
0.3593740101454025,0.5291537188151589,2,test
0.3359371966444302,-0.8777857055772361,1,test
2.2226006834727023,1.5843582871094553,2,test
-0.1562358868759886,0.505704728408619,2,test
0.1484426886366516,1.689878743938885,2,test
1.613243532447422,0.3181128051562997,2,test
0.1367242818861654,0.8808885749132578,2,test
-0.2734199543808502,0.8808885749132578,2,test
-1.0233979864119649,-1.4288369801309242,1,test
-0.3788856151352257,0.7636436228805582,2,test
-0.542943309642032,0.0953473962941705,2,test
0.9570127544201968,0.7050211468642084,2,test
2.5155608522348567,2.7802567978429917,2,test
1.1327888556774892,0.4705312427988092,2,test
0.8632655004163076,-0.7488162583412665,2,test
0.8515470936658214,0.6698476612543985,2,test
0.3828108236463748,0.4236332619857293,2,test
0.535150111402695,-0.0101730605352591,2,test
-0.1913911071274471,0.833990594100178,1,test
-1.0585532066634231,0.810541603693638,2,test
-0.0390518193711269,0.7519191276772882,2,test
1.2382545164318648,1.1622764597917368,2,test
2.035106175464924,0.7636436228805582,2,test
-0.4140408353866842,0.0601739106843606,2,test
-0.6249721568954352,0.8808885749132578,2,test
1.2382545164318648,0.5643272044249689,2,test
2.6093081062387458,-0.5026018590725975,2,test
0.5234317046522088,0.8691640797099878,2,test
-1.1757372741682848,0.0718984058876305,1,test
0.8163918734143629,0.505704728408619,2,test
-0.1679542936264747,0.833990594100178,2,test
0.7695182464124183,2.018164609630444,2,test
0.3476556033949164,0.9160620605230676,2,test
-0.2499831408798779,-0.0570710413483389,2,test
-0.472632869139115,0.517429223611889,2,test
0.1953163156385962,-0.608122315902027,2,test
-0.5780985298934905,2.4050729513383526,2,test
-0.6015353433944628,0.6815721564576684,2,test
-0.4374776488876565,0.6581231660511285,2,test
-0.0624886328720993,1.631256267922535,2,test
0.3359371966444302,0.2477658339366799,2,test
0.6288973654065843,0.4353577571889993,2,test
1.683553972950339,0.8457150893034479,2,test
0.0429770278822761,1.3146948974342465,2,test
1.3437201771862402,1.2443479262146264,2,test
-0.2031095138779332,-0.3150099358202781,2,test
1.6015251256969358,0.6463986708478585,2,test
-2.031180966953775,-2.67163347167754,1,test
1.8124564472056868,-0.2094894789908484,2,test
0.2421899426405409,1.4905623254832956,2,test
0.5234317046522088,0.4705312427988092,2,test
0.4414028573988057,1.994715619223904,2,test
1.027323194923114,0.3415617955628396,2,test
-0.97652435941002,-1.4053879897243842,1,test
-0.0273334126206408,-0.3150099358202781,2,test
1.2616913299328372,0.8926130701165277,2,test
0.0664138413832484,1.3029704022309765,2,test
0.6406157721570704,-0.045346546145069,2,test
1.9413589214610345,-0.033622050941799,2,test
1.2148177029308924,-0.3032854406170081,2,test
0.9101391274182522,0.8457150893034479,2,test
0.8163918734143629,1.6078072775159953,2,test
-0.6484089703964074,-0.4557038782595176,2,test
0.5117132979017227,0.3063883099530297,2,test
-0.1679542936264747,0.4822557380020791,2,test
-0.0976438531235577,-0.7957142391543464,2,test
-0.5546617163925182,0.6463986708478585,2,test
1.0038863814221417,0.8222660988969079,2,test
1.2265361096813787,1.3029704022309765,2,test
-1.2812029349226604,-0.631571306308567,1,test
-0.0273334126206408,-0.3032854406170081,2,test
-0.3437303948837672,2.334725980118733,2,test
0.2187531291395686,0.0015514346680108,2,test
0.8398286869153352,0.5877761948315088,2,test
0.6171789586560982,-0.3150099358202781,2,test
0.7109262126599875,0.4001842715791894,2,test
0.6171789586560982,1.5960827823127253,2,test
1.2499729231823509,-0.2915609454137381,2,test
1.765582820203742,0.1774188627170602,2,test
-0.2499831408798779,0.2946638147497598,2,test
-0.0038965991196684,0.4236332619857293,2,test
1.0976336354260308,0.0601739106843606,2,test
1.2265361096813787,1.631256267922535,2,test
-0.8124666649032137,0.5526027092216989,2,test
-0.0742070396225854,1.1622764597917368,2,test
-0.4960696826400873,1.2091744406048166,2,test
-0.0742070396225854,1.6078072775159953,2,test
2.023387768714437,-0.3150099358202781,2,test
-1.0937084269148816,0.7284701372707483,2,test
1.3085649569347817,0.4001842715791894,2,test
0.2304715358900547,0.9864090317426872,2,test
1.320283363685268,1.4319398494669455,2,test
0.2070347223890824,0.1187963867007104,2,test
-1.3749501889265496,-1.1005511144393654,1,test
-0.5898169366439766,-0.1039690221614188,1,test
