0.8770448305522021,1.3986136901409063,2,train
1.5731314568693295,0.0586481465624487,2,train
0.9848892374464048,2.233664681066612,2,train
0.0338976493793434,0.9713782994347316,1,train
-0.5053243850916707,-1.7473923686954724,1,train
-0.6033647549954915,0.1848767847256368,1,train
0.6319439057926501,-0.1938091297639273,1,train
2.024117158426905,1.2238355757611077,2,train
1.0339094223983152,-0.3685872441437262,2,train
-0.0837507945052414,0.689791337378389,1,train
-0.917093938687718,0.3499450038621135,1,train
-0.3484597932455575,0.2819757371588584,1,train
0.6907681277349426,0.6800814421350668,2,train
-0.917093938687718,1.243255366247752,2,train
1.1907740142444283,-0.5822049394968136,1,train
0.0535057233601076,0.6509517564051004,1,train
-1.2308231223799444,-0.5919148347401357,1,train
0.357430870061952,-0.8832116920398005,1,train
1.1907740142444283,-0.7472731586332904,2,train
-2.4269156352065577,-0.5336554632802029,1,train
1.0241053854079332,-0.3103278726837932,1,train
-1.2602352333510909,-1.7279725782088282,1,train
-0.1817911644090621,-0.5530752537668472,1,train
-1.701416897918284,-2.038689225995137,1,train
0.1613501302543105,-0.0287409106274506,1,train
0.1711541672446925,0.2334262609422476,1,train
-1.171998900437652,-1.5240647780990628,1,train
-0.5151284220820528,0.2916856324021805,2,train
1.1907740142444283,-0.8929215872831227,2,train
-0.799445494803133,-0.9026314825264448,1,train
0.2005662782158388,-2.45621472145799,2,train
-0.4857163111109065,2.1559855191200348,1,train
-1.103370641504977,-0.2326487107372159,1,train
0.7986125346291455,0.0586481465624487,2,train
0.6711600537541784,0.6121121754318117,2,train
-1.1327827524761236,1.835558976090404,2,train
0.1417420562735463,-0.4268466156036591,2,train
-0.9268979756781,0.2528460514288919,1,train
1.1907740142444283,0.1071976227790595,2,train
0.484883350936919,0.0683580418057709,2,train
-0.3288517192647933,0.6412418611617783,2,train
-1.2308231223799444,-0.0287409106274506,2,train
-1.054350456553067,0.4858835372686237,1,train
0.2789985741388954,0.9131189279747988,1,train
-0.3974799781974678,0.6024022801884896,1,train
-0.2308113493609725,-0.8832116920398005,1,train
0.7790044606483812,0.6509517564051004,2,train
-1.691612860927902,-1.46580540663913,1,train
1.3084224581290134,0.9519585089480872,2,train
-0.3680678672263216,0.2625559466722141,1,train
0.8868488675425842,-1.1453788636094988,2,train
-0.7308172358704584,-1.3104470827459755,1,train
-0.799445494803133,0.0100986703458379,1,train
0.5633156468599756,1.6899105474405711,2,train
-0.8386616427646613,1.8646886618203704,2,train
-1.6720047869471375,0.3596548991054356,1,train
-0.2308113493609725,-0.3880070346303704,2,train
-0.3680678672263216,0.4276241658086908,2,train
-0.6229728289762556,-1.7959418449120834,2,train
0.8574367565714379,-0.4948158823069142,2,train
-1.319059455293383,0.1945866799689589,1,train
1.1025376813309895,-0.7472731586332904,1,train
0.3476268330715699,0.2625559466722141,2,train
0.7692004236579992,-1.3298668732326198,2,train
-0.3680678672263216,1.184995994787819,2,train
-0.9563100866492462,-1.1065392826362102,1,train
0.8672407935618199,-0.2229388154938938,2,train
-1.3386675292741472,-1.5046449876124186,1,train
0.8966529045329662,-0.2520685012238602,1,train
0.5829237208407397,1.2238355757611077,2,train
-0.6425809029570198,-0.485105987063592,1,train
-1.466120010149114,-1.1453788636094988,1,train
1.0143013484175512,1.175286099544497,2,train
1.2397941991963388,0.2334262609422476,2,train
0.6711600537541784,-1.0482799111762773,2,train
0.0338976493793434,-0.9026314825264448,1,train
0.7790044606483812,0.3984944800787243,2,train
0.6613560167637964,-0.3006179774404711,2,train
0.8476327195810558,-0.5724950442534915,2,train
-0.6033647549954915,-1.8639111116153384,1,train
-1.4759240471394963,1.1073168328412415,1,train
0.994693274436787,0.7286309183516777,2,train
-0.8876818277165717,0.9810881946780536,2,train
-0.1523790534379159,1.0781871471112754,2,train
-0.5837566810147273,-0.2326487107372159,1,train
-0.6425809029570198,0.0100986703458379,1,train
0.1809582042350746,2.5152516431229546,2,train
-1.8092613048124868,-0.6307544157134244,1,train
-0.1523790534379159,-1.0288601206896328,1,train
0.7986125346291455,-1.3104470827459755,1,train
-1.0347423825723028,-0.6793038919300352,1,train
-1.3386675292741472,-0.3782971393870483,1,train
-0.3582638302359395,0.1557470989956703,2,train
0.4456672029753907,-0.2617783964671824,2,train
1.2888143841482491,2.991036510045741,2,train
-0.7700333838319867,0.8063100802982549,2,train
-0.289635571303265,-1.1259590731228544,1,train
-1.936713785687454,-0.2811981869538267,1,train
-0.6229728289762556,1.0393475661379867,1,train
-1.1327827524761236,0.7480507088383219,2,train
-0.4268920891686141,0.7383408135949998,2,train
1.739800085705825,0.4858835372686237,2,train
0.7103762017157068,1.5248423283040946,2,train
-1.858281489764397,-0.8637919015531562,1,train
1.0829296073502257,-0.1938091297639273,2,train
-0.2308113493609725,0.1557470989956703,1,train
-0.1131629054763876,-0.6210445204701023,1,train
0.9162609785137305,0.4858835372686237,2,train
-0.1327709794571518,-0.358877348900404,1,train
-0.6916010879089302,1.0296376708946646,2,train
0.6515519797734143,-0.5822049394968136,2,train
-0.9759181606300104,0.8354397660282213,2,train
-0.2013992383898263,-0.2520685012238602,1,train
0.2789985741388954,-0.4656861965769477,1,train
-0.9661141236396282,-0.4753960918202699,1,train
0.3868429810330982,-1.582324149558996,2,train
1.0927336443406075,1.8161391856037592,2,train
-0.2994396082936471,0.0100986703458379,1,train
-0.1229669424667697,-1.8542012163720163,1,train
0.7888084976387634,0.9713782994347316,2,train
-4.024973664638836,-0.9026314825264448,1,train
0.1515460932639284,-0.1064200725740279,1,train
-0.3288517192647933,0.9131189279747988,2,train
-0.9759181606300104,0.8354397660282213,2,train
1.2201861252155748,1.4568730616008394,2,train
1.0044973114271691,0.1266174132657039,2,train
1.9456848625038483,0.7480507088383219,2,train
0.7593963866676171,1.854978766577048,2,train
-0.946506049658864,-0.5822049394968136,1,train
0.5829237208407397,-1.2036382350694317,2,train
2.455494786003716,1.0393475661379867,2,train
-0.2504194233417367,-0.3006179774404711,2,train
0.0240936123889614,2.1462756238767127,2,train
-1.5445523060721709,-3.0193886455706758,1,train
0.0829178343312538,0.5926923849451674,1,train
0.1907622412254567,0.2916856324021805,1,train
1.2888143841482491,0.1460372037523482,2,train
-1.0249383455819208,0.9713782994347316,1,train
-0.9759181606300104,0.9713782994347316,2,train
-0.0543386835340951,1.3500642139242958,2,train
1.0829296073502257,2.5638011193395656,2,train
-0.946506049658864,0.7577606040816441,1,train
1.6809758637635324,0.816019975541577,2,train
-1.0837625675242133,-0.2326487107372159,1,train
0.5339035358888294,-0.11612996781735,2,train
-0.2112032753802084,-1.5629043590723517,1,train
0.6417479427830323,-0.854082006309834,1,train
2.4751028599844807,-0.2423586059805381,2,train
0.484883350936919,-0.0870002820873835,2,train
-0.917093938687718,-1.407546035179197,1,train
0.5437075728792115,-0.9220512730130892,2,train
-0.9072899016973358,-0.3880070346303704,1,train
0.9064569415233484,0.1460372037523482,2,train
0.5731196838503577,0.9131189279747988,2,train
1.4064628280328342,1.0199277756513423,2,train
-0.1033588684860055,0.1848767847256368,2,train
-0.7308172358704584,0.2722658419155362,2,train
-0.2994396082936471,-0.0967101773307057,1,train
0.6417479427830323,0.8063100802982549,2,train
-0.9759181606300104,-2.45621472145799,1,train
0.9750852004560228,0.4664637467819794,2,train
-0.544540533053199,0.6024022801884896,2,train
-0.4661082371301424,-0.727853368146646,1,train
-0.2504194233417367,-0.669593996686713,1,train
0.5240994988984473,-0.980310644473022,1,train
0.3672349070523341,0.0974877275357374,2,train
-0.2994396082936471,-0.5336554632802029,1,train
0.3280187590908058,0.3596548991054356,2,train
1.67117182677315,1.670490756953927,2,train
1.0731255703598437,-0.2811981869538267,2,train
-0.417088052178232,2.3016339477698677,2,train
1.7103879747346786,-1.223058025556076,1,train
1.90646871454232,2.194825100093324,2,train
-1.6033765280144632,1.7287501284138598,1,train
-1.0053302716011565,-0.2132289202505716,1,train
-0.4759122741205244,-0.601624729983458,1,train
0.8182206086099096,0.1848767847256368,2,train
0.3770389440427161,1.2238355757611077,2,train
-0.5151284220820528,-0.2520685012238602,1,train
0.3868429810330982,0.2625559466722141,1,train
1.2103820882251926,1.7578798141438263,2,train
-0.8582697167454254,-1.718262682965506,1,train
-0.5151284220820528,0.6800814421350668,2,train
-0.0151225355725668,0.1654569942389925,2,train
-1.436707899177968,0.3402351086187913,1,train
1.0339094223983152,0.9034090327314764,2,train
-0.1523790534379159,-0.358877348900404,2,train
0.5633156468599756,0.8354397660282213,2,train
-0.4563042001397603,0.1848767847256368,2,train
-0.1229669424667697,0.1945866799689589,1,train
-0.5935607180051093,0.1460372037523482,1,train
0.994693274436787,0.7383408135949998,2,train
-0.3484597932455575,-1.2133481303127538,1,train
0.6515519797734143,1.4665829568441615,2,train
-0.6033647549954915,0.6315319659184561,2,train
0.1123299453024001,0.6995012326217112,2,train
-1.4269038621875858,-0.8443721110665119,1,train
-1.5837684540336991,-0.6404643109567466,1,train
0.4456672029753907,-1.0094403302029886,2,train
0.229978389186985,-0.358877348900404,1,train
1.4554830129847445,-0.7764028443632568,2,train
-0.946506049658864,1.7093303379272156,2,train
-3.19163052045636,-0.5724950442534915,1,train
-0.1033588684860055,1.2141256805177856,2,train
-0.9661141236396282,1.2723850519777185,2,train
-2.3092671913219727,-2.310566292808158,1,train
-0.417088052178232,-0.4559763013336256,1,train
-0.4661082371301424,-1.4949350923690965,1,train
0.5339035358888294,1.5151324330607725,2,train
-0.2994396082936471,0.4276241658086908,1,train
-0.6327768659666377,1.621941280737316,2,train
-1.1523908264568878,-0.4462664060903034,1,train
0.5927277578311219,-0.727853368146646,1,train
-1.0445464195626848,0.3305252133754692,1,train
0.3476268330715699,-0.0384508058707728,1,train
0.8084165716195275,0.0780679370490931,2,train
0.1123299453024001,0.4082043753220464,2,train
-0.946506049658864,-0.4559763013336256,1,train
-1.054350456553067,-0.0967101773307057,1,train
1.6809758637635324,0.6121121754318117,2,train
0.0240936123889614,0.9713782994347316,1,train
-0.5249324590724348,-0.9220512730130892,2,train
-2.7602528928795484,0.0489382513191266,1,train
0.102525908312018,0.4955934325119459,1,train
0.3672349070523341,-0.0870002820873835,2,train
0.6711600537541784,0.5441429087285566,2,train
-0.3778719042167037,0.5441429087285566,2,train
-0.1131629054763876,-0.4559763013336256,2,train
0.3476268330715699,0.4858835372686237,1,train
0.3672349070523341,0.5441429087285566,1,train
0.6907681277349426,1.5636819092773833,2,train
1.7005839377442964,0.689791337378389,2,train
0.3868429810330982,-0.8929215872831227,1,train
-0.5347364960628169,0.6509517564051004,1,train
-0.3190476822744112,0.563562699215201,1,train
0.3868429810330982,-2.04839912123846,1,train
0.8182206086099096,-0.5919148347401357,2,train
0.4456672029753907,-0.0093211201408063,2,train
0.8966529045329662,-1.0774095969062436,1,train
1.4750910869655087,-0.2229388154938938,2,train
0.8476327195810558,-0.8735017967964783,2,train
0.7790044606483812,0.4664637467819794,2,train
-1.319059455293383,0.8936991374881543,2,train
-1.7504370828701945,0.7577606040816441,1,train
0.229978389186985,-1.1842184445827877,1,train
-0.3484597932455575,1.4374532711141952,2,train
0.4064510550138624,1.2335454710044298,2,train
0.6221398688022681,0.621822070675134,1,train
1.0143013484175512,0.2625559466722141,2,train
0.7888084976387634,1.3209345281943292,2,train
-0.3092436452840291,-0.1646794440339608,2,train
-0.0935548314956234,0.3499450038621135,2,train
-1.0347423825723028,-1.9998496450218488,1,train
-0.3288517192647933,0.621822070675134,1,train
-2.1033824145239493,-0.2520685012238602,1,train
0.8770448305522021,2.5055417478796325,2,train
0.4554712399657727,0.2819757371588584,2,train
-0.5641486070339632,1.117026728084564,2,train
-1.4269038621875858,0.0974877275357374,1,train
-0.1425750164475338,-0.4268466156036591,1,train
0.2397824261773671,1.058767356624631,2,train
0.8084165716195275,0.5732725944585231,2,train
0.8084165716195275,0.1945866799689589,1,train
-0.6425809029570198,-0.5822049394968136,1,train
0.6613560167637964,0.6800814421350668,2,train
0.5535116098695936,1.3403543186809737,2,train
1.0143013484175512,1.175286099544497,2,train
1.2397941991963388,0.3111054228888248,2,train
-0.8974858647069538,0.3402351086187913,1,train
-0.7014051248993122,-0.6404643109567466,1,train
-0.8386616427646613,-0.2035190250072494,1,train
-0.4268920891686141,0.2722658419155362,2,train
1.2397941991963388,0.6121121754318117,2,train
1.0044973114271691,1.311224632951007,2,train
0.0829178343312538,1.6996204426838937,2,train
0.2103703152062208,1.7578798141438263,2,train
0.6515519797734143,0.9131189279747988,2,train
-0.1131629054763876,-3.0388084360573195,1,train
0.6025317948215039,1.854978766577048,2,train
1.0731255703598437,-1.650293416262251,1,train
0.5044914249176832,0.0100986703458379,1,train
-1.926909748697072,-0.0093211201408063,1,train
0.6515519797734143,1.8938183475503363,2,train
-1.103370641504977,0.9519585089480872,1,train
0.3378227960811878,-0.5822049394968136,2,train
-0.799445494803133,-1.0676997016629215,1,train
0.6319439057926501,0.0295184608324823,2,train
-2.946529595696808,-0.3394575584137597,1,train
-0.3092436452840291,0.9228288232181208,1,train
1.641759715802004,1.990917299983558,2,train
0.3476268330715699,1.068477251867953,2,train
0.4554712399657727,-0.6113346252267801,2,train
-0.9268979756781,0.8257298707848992,1,train
0.6907681277349426,-0.4074268251170148,2,train
-1.1425867894665056,0.2528460514288919,2,train
0.6907681277349426,-0.8832116920398005,2,train
-0.289635571303265,0.6606616516484225,1,train
0.5339035358888294,2.3890230049597667,2,train
-0.7602293468416047,-1.1939283398261096,1,train
2.279022120176839,0.2722658419155362,2,train
0.1809582042350746,-0.5822049394968136,2,train
-0.3484597932455575,0.1751668894823146,2,train
0.4946873879273011,0.505303327755268,2,train
1.249598236186721,-0.4268466156036591,2,train
-0.5641486070339632,-1.3007371875026532,1,train
-0.2210073123705905,-0.5627851490101693,2,train
1.2299901622059568,0.3305252133754692,2,train
0.9652811634656407,2.175405309606679,2,train
-1.21121504839918,-0.4753960918202699,1,train
0.0240936123889614,0.4373340610520129,1,train
0.4162550920042445,-1.5531944638290294,1,train
-2.1033824145239493,-0.5336554632802029,1,train
0.0927218713216359,-0.4948158823069142,1,train
0.102525908312018,0.3693647943487578,2,train
0.8084165716195275,1.000507985164698,2,train
1.4456789759943625,0.0100986703458379,1,train
0.5437075728792115,0.4664637467819794,2,train
1.896664677551938,0.1266174132657039,2,train
0.102525908312018,0.2237163656989254,1,train
1.2888143841482491,1.602521490250672,2,train
1.141753829292518,0.3402351086187913,2,train
1.4848951239558907,-0.0481607011140949,2,train
-1.3582756032549113,-0.9706007492297,1,train
1.3280305321097776,0.6800814421350668,2,train
-1.171998900437652,-0.2035190250072494,1,train
0.6515519797734143,-1.0288601206896328,2,train
0.6417479427830323,0.87427934700151,2,train
-0.289635571303265,-0.1840992345206051,2,train
0.5437075728792115,-1.291027292259331,1,train
0.229978389186985,1.5636819092773833,2,train
-0.6229728289762556,-0.9026314825264448,1,train
1.1907740142444283,1.2723850519777185,2,train
-0.4759122741205244,1.184995994787819,1,train
1.0044973114271691,-0.1646794440339608,2,train
-0.3876759412070857,0.3790746895920799,2,train
-2.4171115982161755,-0.2035190250072494,2,train
-0.417088052178232,0.3402351086187913,2,train
1.3378345691001596,-0.9608908539863776,1,train
0.8672407935618199,-1.397836139935875,1,train
1.3966587910424522,-0.6987236824166795,2,train
0.1907622412254567,-0.7764028443632568,2,train
-0.4661082371301424,-0.854082006309834,1,train
0.2888026111292774,-0.0384508058707728,2,train
-0.8778777907261895,0.5829824897018453,1,train
-0.917093938687718,-0.8637919015531562,1,train
0.0240936123889614,1.0878970423545975,2,train
-0.1719871274186801,-0.8832116920398005,1,train
-0.2308113493609725,-1.834781425885372,1,train
-0.2994396082936471,-1.2133481303127538,1,train
-0.2308113493609725,0.4567538515386572,2,train
0.4652752769561548,-0.0093211201408063,2,train
0.1711541672446925,-0.4559763013336256,2,train
-2.1524025994758595,-0.6210445204701023,1,train
1.8280364186192637,0.816019975541577,2,train
0.4554712399657727,0.7674704993249662,1,train
-0.671993013928166,0.0974877275357374,1,train
0.3378227960811878,-0.8832116920398005,2,train
0.1221339822927821,0.5150132229985902,2,train
0.0731137973408718,-1.0288601206896328,1,train
1.6221516418212398,0.1945866799689589,2,train
1.0241053854079332,1.1558663090578525,2,train
-0.2013992383898263,0.2237163656989254,2,train
-1.0151343085915387,-0.6210445204701023,1,train
1.279010347157867,-0.6890137871733574,2,train
1.5927395308500936,1.311224632951007,2,train
-1.7798491938413403,0.8257298707848992,1,train
0.0731137973408718,1.0102178804080202,2,train
-0.2112032753802084,0.0003887751025158,2,train
-0.4268920891686141,0.6315319659184561,1,train
-1.4170998251972038,-1.5629043590723517,1,train
-0.0641427205244772,0.0003887751025158,2,train
-0.6131687919858735,-0.1938091297639273,1,train
-1.0053302716011565,0.6800814421350668,1,train
0.3966470180234803,-2.310566292808158,1,train
-0.2210073123705905,0.6121121754318117,2,train
0.7692004236579992,0.4858835372686237,1,train
-0.7798374208223688,-0.8443721110665119,1,train
0.3280187590908058,0.5441429087285566,2,train
0.1319380192831642,-0.174389339277283,1,train
0.6417479427830323,0.2528460514288919,2,train
1.3084224581290134,-1.0482799111762773,2,train
-0.1915952013994442,-1.0288601206896328,1,train
1.1515578662829002,0.816019975541577,2,train
-0.1425750164475338,-0.669593996686713,1,train
1.112341718321372,-0.7084335776600017,2,train
0.0633097603504897,-1.164798654096143,1,train
0.739788312686853,0.0780679370490931,2,train
-0.2700274973225008,1.311224632951007,1,train
-0.671993013928166,0.4761736420253015,2,train
0.5240994988984473,-0.7569830538766125,1,train
-0.5347364960628169,-1.7279725782088282,1,train
0.8280246456002917,-0.2035190250072494,1,train
0.4554712399657727,1.602521490250672,2,train
-1.21121504839918,-1.4366757209091634,1,train
1.4554830129847445,0.1751668894823146,2,train
-0.1033588684860055,-2.563023569134534,1,train
-0.1327709794571518,1.6607808617106048,2,train
-1.4955321211202603,-1.475515301882452,1,train
1.1025376813309895,0.8839892422448322,2,train
-0.6229728289762556,-0.5724950442534915,1,train
-0.2602234603321188,0.621822070675134,1,train
-0.034730609553331,0.2625559466722141,1,train
-0.4563042001397603,-0.9706007492297,2,train
-0.4563042001397603,-2.708671997784366,1,train
-1.064154493543449,-1.1842184445827877,1,train
-0.2112032753802084,1.000507985164698,2,train
-0.8778777907261895,-0.5724950442534915,1,train
1.2299901622059568,0.2625559466722141,2,train
0.7986125346291455,-0.6404643109567466,2,train
0.4162550920042445,1.922948033280303,1,train
-1.0053302716011565,-0.4753960918202699,1,train
-0.2013992383898263,-0.4171367203603369,2,train
-0.0837507945052414,1.7481699189005042,2,train
-1.5151401951010246,0.6509517564051004,1,train
-0.2798315343128829,0.5926923849451674,1,train
-0.0151225355725668,0.2916856324021805,2,train
-0.1131629054763876,1.5151324330607725,1,train
0.1221339822927821,1.0490574613813088,2,train
-0.2602234603321188,-0.3297476631704375,1,train
0.5142954619080652,-0.2617783964671824,2,train
-0.0739467575148593,-1.5531944638290294,1,train
-0.9268979756781,-1.0482799111762773,1,train
0.6025317948215039,-0.1064200725740279,2,train
0.357430870061952,-0.7375632633899681,1,train
-2.4269156352065577,0.0295184608324823,1,train
0.0338976493793434,-0.3297476631704375,2,train
-0.5543445700435811,-0.2229388154938938,1,train
-0.2308113493609725,-0.1938091297639273,1,train
0.1221339822927821,-1.2327679207993982,1,train
2.279022120176839,1.0102178804080202,2,train
-1.270039270341473,0.1654569942389925,1,train
-0.034730609553331,0.9810881946780536,2,train
-0.8092495317935151,-0.0093211201408063,1,train
-0.3582638302359395,-1.2424778160427203,1,train
0.2495864631677491,-1.2133481303127538,1,train
-2.2798550803508264,-2.194047549888292,1,train
0.0044855384081972,-0.3200377679271153,2,train
-0.5543445700435811,-1.1842184445827877,1,train
0.1417420562735463,0.4761736420253015,2,train
-0.0445346465437131,1.7578798141438263,2,train
-0.3484597932455575,0.0489382513191266,2,train
0.9162609785137305,0.2140064704556033,2,train
0.2495864631677491,0.3596548991054356,1,train
-1.16219486344727,-0.2520685012238602,1,train
2.4849068969748624,1.602521490250672,2,train
0.5731196838503577,-0.7569830538766125,2,train
0.1221339822927821,-1.038570015932955,2,train
-1.701416897918284,-0.8055325300932232,1,train
2.151569639301872,1.9714975094969136,2,train
-0.1131629054763876,-1.0774095969062436,1,train
0.1613501302543105,0.8548595565148657,2,train
-0.681797050918548,-1.2618976065293646,1,train
-1.064154493543449,0.1071976227790595,1,train
-0.5053243850916707,0.1751668894823146,2,train
0.9848892374464048,3.068715671992317,2,train
-1.1327827524761236,-1.6891329972355396,1,train
1.5339153089078013,1.913238138036981,2,train
0.5044914249176832,0.4082043753220464,2,train
-0.3876759412070857,0.0198085655891601,2,train
0.9750852004560228,0.0780679370490931,2,train
1.2201861252155748,-0.7375632633899681,2,train
-0.5151284220820528,-0.5919148347401357,2,train
0.9750852004560228,0.3402351086187913,1,train
-0.5935607180051093,-2.126078283185037,1,train
-0.7014051248993122,0.9519585089480872,2,train
-0.3484597932455575,-1.3201569779892977,1,train
1.4064628280328342,1.495712642574128,2,train
-0.7896414578127509,0.1654569942389925,1,train
-1.44651193616835,-1.339576768475942,1,train
1.5829354938597116,0.8257298707848992,2,train
0.0829178343312538,-0.9900205397163444,1,train
-0.3288517192647933,-0.2811981869538267,2,train
0.5142954619080652,1.2044157852744637,2,train
0.3868429810330982,-0.8832116920398005,2,train
0.3868429810330982,-0.2132289202505716,2,train
-0.0151225355725668,0.447043956295335,1,train
-0.9563100866492462,-0.912341377769767,1,train
1.269206310167485,0.2625559466722141,2,train
-0.936702012668482,-0.5627851490101693,1,train
2.112353491340344,0.932538718461443,2,train
0.7986125346291455,0.3790746895920799,2,train
0.6025317948215039,0.3402351086187913,1,train
-2.0249501186008927,-0.3394575584137597,1,train
1.4946991609462728,1.4762928520874838,2,train
-0.2013992383898263,-2.242597026104902,1,train
-0.0935548314956234,0.1751668894823146,2,train
-0.3876759412070857,-1.6405835210189288,1,train
-0.7014051248993122,-1.397836139935875,1,train
-0.6131687919858735,-0.2617783964671824,1,train
0.1809582042350746,-0.7569830538766125,2,train
0.7888084976387634,-0.0578705963574171,2,train
-1.270039270341473,-0.6210445204701023,1,train
-0.6523849399474019,-0.0190310153841284,2,train
-0.671993013928166,-0.7472731586332904,1,train
-0.3974799781974678,-0.358877348900404,1,train
0.3378227960811878,0.0295184608324823,1,train
-0.5249324590724348,-0.7472731586332904,1,train
-2.191618747437388,1.1947058900311411,1,train
1.6907799007539144,1.4665829568441615,2,train
0.2789985741388954,0.7771803945682885,2,train
0.3378227960811878,0.2334262609422476,2,train
1.0437134593886974,1.243255366247752,2,train
1.2888143841482491,2.068596461930136,2,train
0.739788312686853,-1.4852251971257744,2,train
0.7103762017157068,0.4955934325119459,2,train
1.1809699772540465,0.4082043753220464,1,train
-0.7406212728608406,-0.3394575584137597,1,train
1.0731255703598437,-1.3007371875026532,2,train
-1.4857280841298783,-0.0578705963574171,1,train
-2.583780227052671,-1.6988428924788617,1,train
-0.6523849399474019,-0.2520685012238602,1,train
0.9652811634656407,-0.854082006309834,1,train
0.1613501302543105,0.0198085655891601,2,train
0.102525908312018,0.1266174132657039,2,train
0.6319439057926501,0.505303327755268,1,train
-0.1915952013994442,0.7480507088383219,2,train
-0.0445346465437131,-1.281317397016009,1,train
0.0927218713216359,-2.1649178641583253,1,train
-0.6916010879089302,1.0976069375979196,1,train
-0.2210073123705905,0.6121121754318117,2,train
-0.1033588684860055,0.6703715468917447,2,train
-0.7602293468416047,1.184995994787819,2,train
-0.1131629054763876,-0.8152424253365455,1,train
0.3966470180234803,0.2334262609422476,2,train
0.2888026111292774,-0.7375632633899681,1,train
0.5142954619080652,0.7383408135949998,2,train
1.661367789782768,0.6024022801884896,2,train
0.2201743521966029,-1.9124605878319487,1,train
-0.7896414578127509,0.8063100802982549,1,train
0.9162609785137305,0.4179142705653686,2,train
-0.4563042001397603,0.3111054228888248,2,train
-1.1131746784953591,-0.8637919015531562,1,train
-0.6033647549954915,0.2916856324021805,1,train
-0.1817911644090621,-0.2617783964671824,1,train
1.1809699772540465,0.5732725944585231,2,train
-1.436707899177968,-1.3784163494492303,1,train
1.759408159686589,-0.5919148347401357,2,train
0.729984275696471,1.0781871471112754,2,train
0.6221398688022681,-0.9608908539863776,1,train
-1.436707899177968,-0.6793038919300352,1,train
0.1711541672446925,-0.0675804916007392,2,train
-0.7112091618896943,1.3986136901409063,2,train
-1.5543563430625529,0.3596548991054356,1,train
-0.4563042001397603,-0.3103278726837932,2,train
-0.162183090428298,0.5926923849451674,2,train
-0.289635571303265,-0.2909080821971489,2,train
-0.7602293468416047,-0.4268466156036591,1,train
0.5731196838503577,1.2820949472210406,2,train
-1.3582756032549113,2.282214157283223,2,train
0.7495923496772351,0.8839892422448322,1,train
0.0142895753985793,-0.3006179774404711,1,train
-0.799445494803133,-0.854082006309834,1,train
-0.6033647549954915,-0.4365565108469812,1,train
-0.0445346465437131,0.320815318132147,1,train
-0.4955203481012886,-1.223058025556076,1,train
-0.3386557562551754,-1.0191502254463107,1,train
0.6417479427830323,0.87427934700151,2,train
-0.2504194233417367,0.0780679370490931,1,train
-0.0739467575148593,-1.096829387392888,1,train
-0.3190476822744112,0.0198085655891601,2,train
-0.2504194233417367,-0.7958226348499011,1,train
1.1809699772540465,-1.223058025556076,2,train
0.9260650155041124,-0.669593996686713,2,train
1.504503197936655,0.2819757371588584,2,train
-1.6033765280144632,-0.0772903868440614,1,train
0.4260591289946265,0.3305252133754692,2,train
1.367246680071306,-0.2326487107372159,1,train
-1.564160380052935,-0.9511809587430556,1,train
1.2103820882251926,-0.2714882917105046,2,train
-0.5347364960628169,1.5636819092773833,1,train
-0.946506049658864,0.9713782994347316,2,train
-0.4759122741205244,-1.3201569779892977,1,train
-0.1131629054763876,-1.9901397497785265,1,train
0.4358631659850086,-0.3394575584137597,2,train
-0.4759122741205244,-1.1065392826362102,1,train
1.9554888994942303,-0.0093211201408063,2,train
1.9554888994942303,1.8938183475503363,2,train
-0.3680678672263216,-0.7569830538766125,1,train
-0.0739467575148593,-1.6211637305322846,2,train
0.2691945371485133,1.4083235853842286,2,train
-1.9661258966586,-0.3782971393870483,1,train
1.6907799007539144,-1.2424778160427203,1,train
0.4358631659850086,0.8839892422448322,2,train
-1.3876877142260575,-0.9414710634997334,1,train
0.5927277578311219,0.7189210231083555,1,train
1.0437134593886974,0.2431361561855697,2,train
1.896664677551938,-0.6113346252267801,2,train
0.5437075728792115,0.8936991374881543,2,train
2.0633333063884334,-1.1356689683661767,2,train
-0.1523790534379159,0.1266174132657039,2,train
-2.632800412004581,-0.1646794440339608,1,train
1.141753829292518,1.0296376708946646,2,train
0.2888026111292774,-0.1549695487906387,2,train
0.9260650155041124,2.3016339477698677,2,train
-1.9955380076297464,0.5150132229985902,1,train
-0.3876759412070857,0.5344330134852345,1,train
-0.2308113493609725,-1.281317397016009,1,train
0.2691945371485133,1.0296376708946646,2,train
-0.4465001631493782,-0.2326487107372159,2,train
-0.3680678672263216,2.408442795446411,2,train
0.612335831811886,0.8548595565148657,2,train
-0.1523790534379159,-1.9901397497785265,1,train
0.5339035358888294,-1.9221704830752715,1,train
-0.1719871274186801,-1.0191502254463107,2,train
-1.3386675292741472,-0.8637919015531562,1,train
0.4260591289946265,1.651070966467283,2,train
-0.4955203481012886,-1.6600033115055732,1,train
-0.2308113493609725,0.8257298707848992,2,train
0.5535116098695936,0.0974877275357374,2,train
0.9064569415233484,-0.4074268251170148,2,train
0.1319380192831642,1.5733918045207054,2,train
0.8574367565714379,0.6412418611617783,1,train
1.6025435678404758,-0.0093211201408063,2,train
-0.7700333838319867,0.0392283560758044,1,train
0.8868488675425842,0.7771803945682885,2,train
0.357430870061952,-1.4463856161524855,1,train
-1.8680855267547796,0.4761736420253015,1,train
-0.8876818277165717,-1.630873625775607,1,train
0.5829237208407397,1.2238355757611077,2,train
0.9162609785137305,-1.1162491778795325,2,train
-0.2210073123705905,0.3305252133754692,2,train
-1.6229846019952274,0.3013955276455027,1,train
-0.3974799781974678,-0.1355497583039943,2,train
1.0241053854079332,1.4180334806275507,2,train
0.994693274436787,-0.4753960918202699,2,train
0.4162550920042445,0.9131189279747988,2,train
-0.0935548314956234,-0.7569830538766125,1,train
-0.4857163111109065,0.0683580418057709,2,train
-1.6523967129663737,-0.5919148347401357,1,train
0.8672407935618199,0.3499450038621135,1,train
0.2593905001581312,1.9326579285236247,2,train
0.3084106851100416,-0.6890137871733574,2,train
0.3672349070523341,-1.8444913211286944,1,train
0.2593905001581312,0.4082043753220464,2,train
0.0044855384081972,1.4568730616008394,2,train
0.1515460932639284,-0.4462664060903034,1,train
1.886860640561556,0.7286309183516777,2,train
-0.1523790534379159,-0.4268466156036591,1,train
-0.6229728289762556,-0.854082006309834,1,train
-0.034730609553331,-1.0579898064195994,2,train
-1.3386675292741472,0.7286309183516777,2,train
-0.8974858647069538,-0.2423586059805381,1,train
-0.1033588684860055,0.3596548991054356,2,train
-1.7406330458798125,1.0976069375979196,1,train
-0.0935548314956234,0.3887845848354021,1,train
1.4456789759943625,0.0683580418057709,2,train
0.2986066481196595,1.486002747330806,2,train
0.9358690524944944,1.7190402331705377,2,train
-0.1033588684860055,-0.9608908539863776,1,train
0.2691945371485133,0.1266174132657039,2,train
-0.9661141236396282,-1.3201569779892977,1,train
-1.073958530533831,0.1654569942389925,1,train
-1.054350456553067,-0.4656861965769477,1,train
1.9456848625038483,-0.0578705963574171,2,train
-0.1425750164475338,-0.1258398630606722,1,train
-0.0543386835340951,2.3210537382565115,2,train
-1.0935666045145953,-0.6307544157134244,1,train
0.6417479427830323,-0.7764028443632568,2,train
1.0044973114271691,-0.8346622158231898,2,train
-1.5347482690817886,-0.0287409106274506,1,train
0.0731137973408718,-2.194047549888292,1,train
0.2986066481196595,-0.1452596535473165,1,train
-1.1523908264568878,1.0199277756513423,1,train
0.4162550920042445,-0.0675804916007392,2,train
0.3280187590908058,0.5829824897018453,2,train
0.2691945371485133,0.7771803945682885,2,train
1.1809699772540465,1.2529652614910742,2,train
-1.4955321211202603,0.1169075180223817,1,train
0.9260650155041124,-0.3880070346303704,2,train
0.7888084976387634,1.495712642574128,2,train
0.5829237208407397,0.9228288232181208,2,train
-0.2700274973225008,0.1654569942389925,1,train
-1.073958530533831,-1.5143548828557407,1,train
0.5535116098695936,-1.9998496450218488,1,train
-2.7112327079276377,-1.1356689683661767,1,train
0.0044855384081972,-0.669593996686713,2,train
-0.7014051248993122,-0.2617783964671824,1,train
1.4260709020135984,-1.0579898064195994,2,train
-0.7112091618896943,0.3013955276455027,2,train
0.1319380192831642,0.0392283560758044,2,train
0.0240936123889614,0.0780679370490931,2,train
-1.191606974418416,-0.5336554632802029,1,train
0.2593905001581312,0.2431361561855697,2,train
0.0731137973408718,-1.475515301882452,1,train
1.0927336443406075,0.6995012326217112,2,train
-0.0935548314956234,-1.0482799111762773,1,train
-2.8190771148218405,-1.4172559304225192,1,train
-0.6327768659666377,-0.5822049394968136,1,train
-0.1229669424667697,-1.6697132067488951,1,train
0.5731196838503577,0.1557470989956703,2,train
0.8966529045329662,1.291804842464363,2,train
-0.4268920891686141,-0.11612996781735,2,train
-2.221030858408534,0.7868902898116106,1,train
1.0535174963790794,0.9810881946780536,2,train
-0.0151225355725668,0.0974877275357374,1,train
1.739800085705825,-0.5142356727935585,2,train
-0.6131687919858735,-0.2617783964671824,1,train
1.641759715802004,-0.2326487107372159,1,train
-0.0053184985821848,-0.7958226348499011,1,train
0.3280187590908058,1.612231385493994,2,train
-0.1425750164475338,0.5538528039718789,2,train
-1.064154493543449,-0.0384508058707728,2,train
-2.475935820158468,-0.980310644473022,1,train
0.1613501302543105,0.8451496612715436,2,train
-0.1523790534379159,1.058767356624631,2,train
-0.2112032753802084,-1.281317397016009,1,train
-0.2112032753802084,0.4179142705653686,1,train
1.8084283446384992,-0.485105987063592,2,train
-1.0151343085915387,0.4373340610520129,1,train
-0.2602234603321188,0.1654569942389925,1,train
-0.9563100866492462,0.0586481465624487,1,train
-0.7210131988800764,-0.5142356727935585,1,train
0.1907622412254567,-0.3006179774404711,1,train
1.2005780512348103,0.0489382513191266,1,train
0.3476268330715699,1.6899105474405711,2,train
0.1613501302543105,0.3596548991054356,1,train
1.3280305321097776,0.8936991374881543,2,train
-1.848477452774015,-0.11612996781735,1,train
0.5044914249176832,1.311224632951007,1,train
2.014313121436523,0.6703715468917447,2,train
0.1221339822927821,0.932538718461443,2,train
-0.9661141236396282,0.6995012326217112,1,train
-0.5249324590724348,1.359774109167618,2,train
0.7103762017157068,0.0392283560758044,1,train
1.4358749390039804,-0.4948158823069142,1,train
1.2201861252155748,-0.0870002820873835,2,train
-0.2308113493609725,-0.543365358523525,2,train
0.0044855384081972,-1.0094403302029886,1,train
1.0829296073502257,-0.7181434729033238,1,train
0.3770389440427161,-2.2523069213482247,1,train
1.0535174963790794,0.1266174132657039,1,train
1.1907740142444283,0.1557470989956703,2,train
-0.289635571303265,0.0586481465624487,2,train
-0.6131687919858735,0.3984944800787243,1,train
0.9064569415233484,0.9228288232181208,2,train
0.0633097603504897,-1.0482799111762773,1,train
2.171177713282636,1.835558976090404,2,train
-1.181802937428034,0.9519585089480872,2,train
1.249598236186721,-0.2229388154938938,2,train
0.7888084976387634,0.2528460514288919,2,train
0.8280246456002917,-0.8346622158231898,2,train
0.229978389186985,0.3305252133754692,2,train
-0.2700274973225008,1.2238355757611077,2,train
0.1417420562735463,2.175405309606679,2,train
-1.2504311963607084,0.5538528039718789,1,train
1.3966587910424522,0.3499450038621135,2,train
-0.8288576057742792,0.7868902898116106,1,train
-0.5151284220820528,-0.2811981869538267,1,train
1.122145755311754,0.7674704993249662,2,train
-1.828869378793251,-0.0481607011140949,1,train
0.229978389186985,1.243255366247752,2,train
0.4946873879273011,-0.4559763013336256,2,train
-0.5151284220820528,1.9423678237669475,2,train
1.377050717061688,-0.1258398630606722,2,train
0.1613501302543105,-0.6307544157134244,2,train
1.0044973114271691,0.563562699215201,2,train
-0.034730609553331,-0.2909080821971489,1,train
-0.5935607180051093,-0.2229388154938938,2,train
-0.8484656797550434,-0.980310644473022,1,train
0.8182206086099096,0.0586481465624487,2,train
0.484883350936919,1.1267366233278862,2,train
1.279010347157867,0.4858835372686237,2,train
-2.9563336326871896,0.1557470989956703,1,train
-2.6818205969564914,0.3013955276455027,1,train
-1.907301674716308,-2.145498073671681,1,train
-0.8092495317935151,-0.2811981869538267,1,train
0.0927218713216359,0.9519585089480872,2,train
1.6907799007539144,0.3499450038621135,2,train
-1.4170998251972038,-1.1065392826362102,1,train
-1.2308231223799444,0.4373340610520129,1,train
-1.7210249718990482,0.6800814421350668,2,train
-0.3092436452840291,0.5344330134852345,2,train
0.1809582042350746,-0.1355497583039943,1,train
-0.6131687919858735,-0.3685872441437262,1,train
0.9358690524944944,1.058767356624631,2,train
-1.0837625675242133,1.175286099544497,1,train
0.2691945371485133,1.2335454710044298,2,train
-0.2112032753802084,-0.5045257775502364,1,train
0.6711600537541784,0.3596548991054356,2,train
-0.034730609553331,0.3111054228888248,1,train
1.8378404556096453,-0.174389339277283,1,train
-1.9759299336489824,1.602521490250672,1,train
-0.3190476822744112,-0.0870002820873835,1,train
0.4554712399657727,-0.3103278726837932,1,train
2.416278638042188,0.9422486137047652,2,train
-0.681797050918548,0.1266174132657039,2,train
-0.0739467575148593,-1.6697132067488951,1,train
-0.1719871274186801,1.670490756953927,1,train
-1.838673415783633,0.1557470989956703,1,train
-0.289635571303265,0.1557470989956703,1,train
0.3378227960811878,1.0102178804080202,2,train
-0.8288576057742792,0.3305252133754692,2,train
0.4456672029753907,-0.8152424253365455,1,train
0.357430870061952,0.4373340610520129,1,train
-1.2896473443222367,0.3305252133754692,1,train
0.1613501302543105,0.0100986703458379,2,train
-1.073958530533831,-0.2520685012238602,2,train
2.3476503791095134,0.1169075180223817,2,train
0.5829237208407397,1.0199277756513423,2,train
-0.5347364960628169,-0.7375632633899681,1,train
-0.417088052178232,-0.8346622158231898,2,train
0.5044914249176832,1.854978766577048,1,train
-2.191618747437388,1.0878970423545975,2,train
0.9750852004560228,0.505303327755268,2,train
0.0829178343312538,-1.0774095969062436,2,train
0.6025317948215039,-1.6988428924788617,1,train
-0.1719871274186801,1.1364465185712085,2,train
0.1711541672446925,-0.2909080821971489,1,train
1.6221516418212398,0.9228288232181208,2,train
0.0044855384081972,1.0102178804080202,2,train
0.9162609785137305,-0.8929215872831227,2,train
0.0829178343312538,0.6995012326217112,2,train
-1.1327827524761236,0.6800814421350668,2,train
1.112341718321372,0.9228288232181208,2,train
-0.4465001631493782,0.9034090327314764,2,train
0.1221339822927821,-0.3297476631704375,2,train
-0.2210073123705905,-0.6598841014433909,1,train
1.6809758637635324,0.990798089921376,2,train
-0.3288517192647933,-1.475515301882452,1,train
-0.0543386835340951,1.2044157852744637,2,train
0.9162609785137305,0.0683580418057709,2,train
1.9947050474557588,0.689791337378389,2,train
-0.162183090428298,-0.5045257775502364,1,train
0.6613560167637964,-0.5530752537668472,1,train
0.2593905001581312,-0.1355497583039943,1,train
0.7201802387060888,0.9422486137047652,2,train
-1.4170998251972038,-1.339576768475942,1,train
-0.7308172358704584,-0.9511809587430556,1,train
-0.2210073123705905,0.0100986703458379,1,train
0.6907681277349426,0.6315319659184561,1,train
-2.162206636466242,1.3889037948975844,1,train
0.5633156468599756,-0.601624729983458,1,train
-0.162183090428298,0.5344330134852345,1,train
0.4162550920042445,-0.5919148347401357,1,train
2.298630194157603,-0.3200377679271153,2,train
-0.9072899016973358,0.5441429087285566,1,train
0.4358631659850086,-0.3491674536570818,1,train
-0.7014051248993122,0.0877778322924152,1,train
0.2593905001581312,-1.3201569779892977,1,train
0.8280246456002917,-0.11612996781735,1,train
-0.7504253098512226,-0.0578705963574171,1,train
-0.0151225355725668,0.0877778322924152,2,train
-0.1523790534379159,0.5441429087285566,1,train
1.7103879747346786,-1.0579898064195994,2,train
0.4554712399657727,0.9810881946780536,1,train
2.131961565321108,0.2819757371588584,1,train
1.1711659402636645,-0.1258398630606722,2,train
-0.7504253098512226,-0.6113346252267801,1,train
1.8280364186192637,1.6607808617106048,2,train
-0.1523790534379159,-0.8443721110665119,1,train
1.0829296073502257,-0.6113346252267801,1,train
0.1123299453024001,-0.727853368146646,2,train
-0.8680737537358075,0.1266174132657039,1,train
-0.671993013928166,-0.174389339277283,1,train
1.112341718321372,0.320815318132147,2,train
-1.0053302716011565,1.1655762043011748,2,train
0.0437016863697255,1.913238138036981,2,train
-1.926909748697072,-0.2326487107372159,1,train
-0.3386557562551754,0.7480507088383219,1,train
0.3280187590908058,-0.7472731586332904,1,train
0.8868488675425842,0.9131189279747988,2,train
1.249598236186721,-0.0772903868440614,2,train
0.4554712399657727,0.505303327755268,1,train
0.2495864631677491,0.6315319659184561,1,train
0.484883350936919,-0.2811981869538267,2,train
-0.6131687919858735,-0.3103278726837932,1,train
0.4260591289946265,0.1169075180223817,2,train
-0.4955203481012886,2.165695414363357,2,train
1.367246680071306,0.1266174132657039,1,train
0.1907622412254567,-1.0676997016629215,1,train
0.1711541672446925,-0.727853368146646,1,train
-1.5543563430625529,0.1945866799689589,2,train
-1.6523967129663737,-0.1646794440339608,1,train
-2.0347541555912745,-0.4753960918202699,1,train
-0.3190476822744112,-0.0190310153841284,1,train
1.2299901622059568,-0.5627851490101693,2,train
1.1515578662829002,1.1073168328412415,2,train
-0.0739467575148593,-1.6405835210189288,1,train
-0.1033588684860055,-0.2229388154938938,1,train
-0.1229669424667697,-0.2229388154938938,2,train
0.229978389186985,0.3790746895920799,2,train
0.6809640907445605,0.3790746895920799,2,train
0.229978389186985,0.0295184608324823,1,train
0.1319380192831642,-1.475515301882452,1,train
0.1907622412254567,-0.6501742062000687,2,train
-0.9661141236396282,0.6121121754318117,1,train
0.3084106851100416,-0.8443721110665119,1,train
-0.0445346465437131,-1.1065392826362102,1,train
-0.6131687919858735,-1.5434845685857073,1,train
0.612335831811886,-0.9026314825264448,2,train
-2.1425985624854773,0.1848767847256368,1,train
-0.8190535687838971,0.5150132229985902,1,train
0.2201743521966029,0.5926923849451674,2,train
0.729984275696471,0.505303327755268,1,train
1.7103879747346786,0.2528460514288919,2,train
0.0829178343312538,1.0199277756513423,1,train
1.0044973114271691,-0.485105987063592,2,train
-2.1425985624854773,1.3889037948975844,1,train
-0.7210131988800764,-0.9317611682564112,1,train
0.4358631659850086,1.961787614253592,2,train
0.2005662782158388,-0.727853368146646,2,train
-1.3288634922837652,-0.4753960918202699,1,train
1.3378345691001596,1.4374532711141952,2,train
-1.4857280841298783,-0.543365358523525,2,train
-0.9759181606300104,0.563562699215201,1,train
0.4260591289946265,-1.0774095969062436,1,train
-0.5543445700435811,-0.1355497583039943,1,train
0.9750852004560228,-0.2811981869538267,1,train
-0.2994396082936471,0.3887845848354021,1,train
0.9162609785137305,0.2042965752122811,1,train
2.406474601051806,0.6412418611617783,2,train
1.2103820882251926,-0.5336554632802029,2,train
-0.6621889769377839,-1.4949350923690965,1,train
0.5044914249176832,1.5928115950073496,2,train
1.7888202706577352,1.3791938996542623,2,train
-0.162183090428298,0.0586481465624487,2,train
0.5829237208407397,-0.5142356727935585,1,train
-0.6131687919858735,-0.2520685012238602,1,train
-0.4366961261589961,-1.46580540663913,1,train
0.0829178343312538,0.1654569942389925,1,train
-0.4072840151878499,0.6703715468917447,2,train
1.916272751532702,1.4180334806275507,2,train
0.0535057233601076,-0.11612996781735,1,train
0.5240994988984473,0.932538718461443,2,train
-0.7210131988800764,0.447043956295335,2,train
1.886860640561556,0.0877778322924152,2,train
-0.417088052178232,-0.3880070346303704,1,train
-0.2798315343128829,-0.2520685012238602,2,train
-0.6033647549954915,1.0490574613813088,2,train
-0.5739526440243452,0.1071976227790595,1,train
-1.3288634922837652,-1.0676997016629215,1,train
1.4946991609462728,-0.0287409106274506,2,train
1.5633274198789473,0.5732725944585231,2,train
-0.1425750164475338,-0.1452596535473165,1,train
-0.162183090428298,1.000507985164698,2,train
0.0731137973408718,-0.8735017967964783,1,train
-0.8386616427646613,-0.0287409106274506,2,train
-0.6229728289762556,-2.747511578757655,1,train
1.9260767885230845,0.9519585089480872,2,train
-2.0151460816105105,-1.8056517401554053,1,train
-0.2406153863513546,-0.5627851490101693,1,train
0.3182147221004237,0.4761736420253015,1,train
-0.3190476822744112,-0.1938091297639273,2,train
1.4260709020135984,-0.3880070346303704,1,train
-0.8484656797550434,0.563562699215201,1,train
2.112353491340344,0.5344330134852345,2,train
0.8574367565714379,-1.0774095969062436,2,train
-0.9072899016973358,0.7286309183516777,2,train
0.3770389440427161,-0.11612996781735,2,train
0.9750852004560228,1.2335454710044298,2,train
-0.8288576057742792,-0.3977169298736926,1,train
-0.2504194233417367,-0.8249523205798676,1,train
-0.4072840151878499,-0.4948158823069142,1,train
0.2005662782158388,0.2431361561855697,2,train
-0.4759122741205244,-0.2714882917105046,2,train
-1.0837625675242133,-1.6697132067488951,1,train
-0.6327768659666377,-1.9707199592918825,1,train
-0.2406153863513546,0.7966001850549328,2,train
-1.1229787154857416,-0.2520685012238602,1,train
-1.5053361581106426,-0.6890137871733574,1,train
0.6613560167637964,-0.2714882917105046,1,train
1.112341718321372,-0.4365565108469812,2,train
-1.0837625675242133,-0.0967101773307057,1,train
-0.0837507945052414,-0.7084335776600017,1,train
-0.3288517192647933,0.8354397660282213,2,train
-0.5935607180051093,0.3693647943487578,2,train
1.131949792302136,0.1169075180223817,2,train
-1.309255418303001,0.0877778322924152,1,train
0.3182147221004237,0.9131189279747988,2,train
-0.3288517192647933,-1.2133481303127538,2,train
0.1417420562735463,0.5732725944585231,2,train
1.112341718321372,-0.2617783964671824,1,train
-1.6720047869471375,-2.689252207297722,1,train
1.3084224581290134,-0.1840992345206051,1,train
0.4750793139465369,-1.0579898064195994,2,train
0.4946873879273011,1.6996204426838937,2,train
1.2103820882251926,0.0295184608324823,2,train
-0.1033588684860055,-1.3104470827459755,1,train
1.7888202706577352,-0.1452596535473165,2,train
0.5829237208407397,-0.6793038919300352,1,train
0.2005662782158388,-2.524183988161245,1,train
-0.8190535687838971,-1.582324149558996,1,train
0.9848892374464048,-0.7375632633899681,1,train
-0.7700333838319867,0.2625559466722141,2,train
1.9750969734749944,0.5926923849451674,2,train
0.9750852004560228,-0.358877348900404,1,train
-0.0641427205244772,0.4567538515386572,2,train
0.6613560167637964,1.2723850519777185,2,train
0.7790044606483812,-0.8346622158231898,1,train
0.4064510550138624,0.0392283560758044,2,train
1.3084224581290134,-1.475515301882452,2,train
-0.0445346465437131,0.8257298707848992,2,train
-0.6131687919858735,-0.6501742062000687,1,train
1.9750969734749944,0.9713782994347316,2,train
1.1907740142444283,0.3790746895920799,2,train
0.2789985741388954,0.2528460514288919,1,train
0.4750793139465369,-0.3685872441437262,2,train
1.4750910869655087,1.621941280737316,2,train
-0.5249324590724348,0.6121121754318117,2,train
-1.0837625675242133,-1.0482799111762773,1,train
-0.5053243850916707,-1.4366757209091634,1,train
0.4946873879273011,-0.854082006309834,2,train
-0.5053243850916707,0.3111054228888248,1,train
-2.9171174847256616,-0.6890137871733574,1,train
0.8182206086099096,0.6412418611617783,2,train
-1.0053302716011565,-1.1162491778795325,1,train
-0.8680737537358075,-0.9511809587430556,1,train
1.5535233828885653,1.4374532711141952,2,train
2.2300019352249287,-0.6598841014433909,2,train
-0.0739467575148593,0.2334262609422476,2,train
0.2103703152062208,-0.5336554632802029,1,train
1.2103820882251926,-0.4948158823069142,1,train
1.1711659402636645,-1.630873625775607,1,train
-0.0837507945052414,0.7092111278650334,2,train
1.279010347157867,-1.1162491778795325,2,train
0.6613560167637964,0.1071976227790595,2,train
-0.0739467575148593,1.1558663090578525,2,train
-0.5837566810147273,-1.834781425885372,1,train
-0.946506049658864,-0.1258398630606722,1,train
1.2986184211386314,-0.0384508058707728,1,train
1.3084224581290134,0.5247231182419123,2,train
0.8378286825906738,-0.0870002820873835,2,train
0.484883350936919,0.563562699215201,1,train
0.6613560167637964,1.1073168328412415,2,train
-0.7112091618896943,0.9034090327314764,2,train
0.4750793139465369,0.136327308509026,2,train
0.0338976493793434,-0.0384508058707728,2,train
-0.5347364960628169,0.7189210231083555,1,train
1.2397941991963388,0.3499450038621135,2,train
1.4848951239558907,0.6800814421350668,2,train
-0.4465001631493782,0.320815318132147,1,train
0.6613560167637964,-0.0384508058707728,2,train
-0.4857163111109065,-0.4753960918202699,1,train
-1.5837684540336991,-0.0675804916007392,1,train
-0.8484656797550434,-0.601624729983458,1,train
-1.5445523060721709,-1.0871194921495655,1,train
-0.4072840151878499,-1.9124605878319487,1,train
-0.671993013928166,0.4179142705653686,1,train
-0.1915952013994442,-0.6113346252267801,1,train
-1.6229846019952274,-0.912341377769767,1,train
-1.0935666045145953,-0.4559763013336256,1,train
-0.6916010879089302,-0.2909080821971489,1,train
-0.7896414578127509,0.2140064704556033,2,train
-0.6229728289762556,-1.592034044802318,1,train
0.2986066481196595,-0.9317611682564112,1,train
-0.3484597932455575,-0.0772903868440614,1,train
0.3378227960811878,1.3889037948975844,2,train
-1.6622007499567557,-0.3006179774404711,1,train
0.2103703152062208,-0.3200377679271153,1,train
-0.671993013928166,-2.3785355595114126,1,train
-0.1817911644090621,-0.0190310153841284,2,train
0.6711600537541784,0.8063100802982549,2,train
-0.5739526440243452,0.320815318132147,2,train
1.4260709020135984,0.4276241658086908,2,train
-0.5837566810147273,0.6606616516484225,2,train
-0.8582697167454254,-1.0482799111762773,1,train
0.1613501302543105,1.7578798141438263,2,train
-0.8876818277165717,0.3790746895920799,2,train
0.9162609785137305,-0.9317611682564112,1,train
1.2103820882251926,0.87427934700151,2,train
2.2496100092056928,-0.7181434729033238,2,train
-2.0347541555912745,0.1751668894823146,1,train
1.5339153089078013,-0.2811981869538267,1,train
0.9162609785137305,0.5150132229985902,2,train
0.2201743521966029,0.6800814421350668,1,train
0.8966529045329662,0.1460372037523482,2,train
0.4358631659850086,2.00062719522688,2,train
-1.5837684540336991,-0.0093211201408063,1,train
0.9750852004560228,0.447043956295335,2,train
-1.299451381312619,-0.4171367203603369,1,train
0.1711541672446925,-2.194047549888292,1,train
0.0535057233601076,1.0296376708946646,2,train
-0.5151284220820528,0.0489382513191266,2,train
0.102525908312018,0.87427934700151,2,train
0.5142954619080652,0.3499450038621135,1,train
0.2495864631677491,0.1945866799689589,1,train
0.2201743521966029,-0.9511809587430556,1,train
-0.681797050918548,-0.0481607011140949,1,train
1.0829296073502257,0.1848767847256368,2,train
0.8378286825906738,0.7966001850549328,2,train
0.9162609785137305,0.2334262609422476,2,train
1.5535233828885653,0.4373340610520129,2,train
1.38685475405207,0.7674704993249662,2,train
0.1613501302543105,-0.854082006309834,2,train
1.504503197936655,1.7578798141438263,2,train
-0.6033647549954915,-0.6793038919300352,1,train
-0.7896414578127509,0.2140064704556033,1,train
-0.681797050918548,0.8936991374881543,2,train
-0.7700333838319867,0.2625559466722141,1,train
-0.3876759412070857,0.6606616516484225,2,train
-1.6229846019952274,-1.2618976065293646,1,train
1.2005780512348103,0.3111054228888248,2,train
-0.3288517192647933,0.6315319659184561,2,train
-0.5347364960628169,0.5247231182419123,1,train
-0.2504194233417367,0.4955934325119459,2,train
2.6907916737728863,-0.727853368146646,2,train
-1.5837684540336991,-0.5919148347401357,2,train
0.4456672029753907,0.1071976227790595,2,train
-0.5837566810147273,0.0392283560758044,1,train
0.7005721647253247,-2.3494058737814463,1,train
-0.6327768659666377,0.6121121754318117,1,train
-0.8386616427646613,-1.291027292259331,1,train
0.5731196838503577,-0.3685872441437262,1,train
1.8280364186192637,0.1460372037523482,2,train
-1.5935724910240812,-0.5919148347401357,1,train
-0.8876818277165717,-1.164798654096143,1,train
-0.7700333838319867,-0.4365565108469812,1,train
0.4946873879273011,0.3013955276455027,2,train
-0.4759122741205244,0.87427934700151,1,train
1.3182264951193954,-0.9026314825264448,1,train
0.4162550920042445,0.0877778322924152,2,train
0.3770389440427161,0.6800814421350668,2,train
-0.2112032753802084,1.1364465185712085,1,train
-1.2210190853895622,0.1945866799689589,1,train
-0.0053184985821848,-0.2035190250072494,1,train
-1.6131805650048454,-0.5822049394968136,1,train
0.2789985741388954,-0.7181434729033238,1,train
0.3672349070523341,0.0586481465624487,2,train
-0.2700274973225008,-2.028979330751815,1,train
0.0731137973408718,-2.5533136738912114,1,train
0.0731137973408718,0.3887845848354021,2,train
0.5633156468599756,-0.1646794440339608,2,train
1.6221516418212398,-1.0579898064195994,1,train
-0.2210073123705905,0.5150132229985902,1,train
0.4946873879273011,0.2722658419155362,2,train
-0.5739526440243452,-1.60174394004564,1,train
-0.5347364960628169,0.8839892422448322,2,train
-0.0053184985821848,1.175286099544497,2,train
0.0927218713216359,0.136327308509026,2,train
0.357430870061952,-0.4559763013336256,1,train
0.0927218713216359,0.9034090327314764,2,train
1.279010347157867,1.7578798141438263,2,train
0.4946873879273011,-0.2229388154938938,2,train
-1.0053302716011565,0.0198085655891601,1,train
0.6025317948215039,-0.3200377679271153,2,train
-1.064154493543449,0.689791337378389,1,train
-0.4563042001397603,-0.5336554632802029,1,train
0.6711600537541784,1.068477251867953,2,train
-0.9268979756781,-0.6113346252267801,1,train
-0.7210131988800764,-0.1646794440339608,2,train
-0.6327768659666377,-1.893040797345305,1,train
0.6809640907445605,-0.2229388154938938,1,train
-1.3386675292741472,-1.349286663719264,1,train
0.0829178343312538,0.1654569942389925,2,train
0.2888026111292774,0.0586481465624487,2,train
-0.3092436452840291,0.2528460514288919,1,train
0.1515460932639284,0.6606616516484225,2,validate
1.141753829292518,0.7868902898116106,2,validate
0.6711600537541784,0.0974877275357374,2,validate
-1.16219486344727,0.5441429087285566,1,validate
0.357430870061952,2.398732900203089,2,validate
0.4456672029753907,-0.3200377679271153,1,validate
-2.073970303552803,-0.7181434729033238,1,validate
-0.1523790534379159,0.1848767847256368,1,validate
1.0044973114271691,-0.1355497583039943,2,validate
0.2201743521966029,1.6607808617106048,2,validate
-0.0053184985821848,0.0683580418057709,1,validate
-0.417088052178232,0.320815318132147,2,validate
-1.2504311963607084,-1.038570015932955,1,validate
-0.1033588684860055,-0.7666929491199346,1,validate
1.0633215333694614,-1.1065392826362102,2,validate
-1.8974976377259256,-0.2811981869538267,1,validate
0.9260650155041124,0.2819757371588584,2,validate
0.1907622412254567,-1.6891329972355396,1,validate
1.0731255703598437,0.990798089921376,2,validate
0.7593963866676171,-0.3880070346303704,1,validate
-1.6229846019952274,-0.9026314825264448,1,validate
-0.8190535687838971,0.3596548991054356,1,validate
-1.064154493543449,-1.6114538352889622,1,validate
0.1123299453024001,-1.2521877112860424,2,validate
-0.1719871274186801,-1.3007371875026532,2,validate
0.0633097603504897,1.486002747330806,2,validate
-1.9759299336489824,0.505303327755268,1,validate
-0.5053243850916707,0.2334262609422476,2,validate
0.8280246456002917,1.359774109167618,1,validate
-0.6621889769377839,-1.5434845685857073,1,validate
0.6809640907445605,1.3986136901409063,2,validate
0.1417420562735463,0.0003887751025158,1,validate
-0.3288517192647933,-1.397836139935875,1,validate
0.6221398688022681,0.3887845848354021,2,validate
-0.3778719042167037,-0.8249523205798676,1,validate
-0.0543386835340951,-1.3881262446925526,1,validate
-2.054362229572039,-1.397836139935875,1,validate
-0.9268979756781,2.612350595556176,2,validate
0.6613560167637964,0.8936991374881543,2,validate
-1.3484715662645292,-1.1259590731228544,1,validate
1.4750910869655087,0.447043956295335,2,validate
-1.2210190853895622,0.621822070675134,2,validate
1.0731255703598437,0.8936991374881543,2,validate
0.4652752769561548,0.8257298707848992,2,validate
0.9358690524944944,-0.2229388154938938,2,validate
1.0633215333694614,1.068477251867953,2,validate
0.8084165716195275,-0.4948158823069142,1,validate
0.0535057233601076,-0.854082006309834,1,validate
0.3182147221004237,0.0392283560758044,1,validate
-0.9268979756781,0.1460372037523482,2,validate
-0.7112091618896943,-1.475515301882452,1,validate
0.6613560167637964,0.3693647943487578,2,validate
-1.5543563430625529,-0.5239455680368806,1,validate
0.0535057233601076,-0.0870002820873835,1,validate
-0.8582697167454254,-0.1452596535473165,1,validate
1.2299901622059568,0.6315319659184561,2,validate
0.9652811634656407,-0.358877348900404,1,validate
0.7495923496772351,2.952196929072452,2,validate
1.0731255703598437,0.8451496612715436,2,validate
-0.2112032753802084,0.136327308509026,2,validate
-1.1425867894665056,-0.7472731586332904,1,validate
0.1907622412254567,0.7966001850549328,2,validate
0.6907681277349426,0.4373340610520129,1,validate
-0.7798374208223688,-0.0481607011140949,2,validate
1.5927395308500936,1.068477251867953,2,validate
1.661367789782768,0.6121121754318117,2,validate
2.053529269398051,2.7579990242060086,2,validate
1.112341718321372,-0.0287409106274506,2,validate
-0.5739526440243452,0.3596548991054356,1,validate
-1.6523967129663737,0.2916856324021805,2,validate
0.8182206086099096,0.505303327755268,1,validate
0.5240994988984473,0.6606616516484225,2,validate
-1.1327827524761236,-0.2423586059805381,1,validate
-0.3092436452840291,1.680200652197249,1,validate
0.4750793139465369,-0.3491674536570818,2,validate
0.3182147221004237,0.6995012326217112,2,validate
0.0142895753985793,0.2431361561855697,1,validate
-1.3582756032549113,-1.0288601206896328,1,validate
-0.4366961261589961,1.243255366247752,2,validate
-1.5543563430625529,-0.0287409106274506,1,validate
1.641759715802004,1.738460023657182,2,validate
1.141753829292518,1.9326579285236247,2,validate
1.3182264951193954,0.6509517564051004,2,validate
0.2495864631677491,0.0392283560758044,1,validate
-0.946506049658864,-0.7375632633899681,1,validate
0.4064510550138624,1.612231385493994,2,validate
2.563339192897919,0.990798089921376,2,validate
1.0339094223983152,0.0295184608324823,2,validate
0.5240994988984473,1.058767356624631,2,validate
-0.0543386835340951,-1.349286663719264,1,validate
0.1711541672446925,-0.11612996781735,1,validate
-0.7700333838319867,1.612231385493994,2,validate
0.6515519797734143,0.0100986703458379,2,validate
-0.681797050918548,0.0003887751025158,1,validate
1.739800085705825,-0.8443721110665119,2,validate
-0.3386557562551754,1.0490574613813088,2,validate
1.0241053854079332,-1.349286663719264,1,validate
-0.7014051248993122,0.0974877275357374,1,validate
-0.3974799781974678,-0.1258398630606722,1,validate
-0.8876818277165717,0.2140064704556033,1,validate
0.7005721647253247,2.22395478582329,2,validate
-1.0347423825723028,-0.6987236824166795,1,validate
0.7593963866676171,0.5538528039718789,2,validate
0.6221398688022681,-1.3784163494492303,1,validate
0.7692004236579992,-0.9511809587430556,1,validate
0.1417420562735463,0.2625559466722141,2,validate
-1.064154493543449,-0.4365565108469812,1,validate
1.2299901622059568,1.5054225378174502,2,validate
0.5437075728792115,0.4567538515386572,2,validate
-0.7700333838319867,-1.0676997016629215,1,validate
-0.7504253098512226,-1.0482799111762773,1,validate
1.141753829292518,-1.5531944638290294,1,validate
0.5044914249176832,0.3013955276455027,2,validate
0.1907622412254567,1.0199277756513423,2,validate
-0.5151284220820528,-1.7959418449120834,1,validate
0.6025317948215039,1.117026728084564,2,validate
2.2005898242537825,-0.5045257775502364,1,validate
-0.2210073123705905,0.7092111278650334,2,validate
-1.181802937428034,-1.6211637305322846,1,validate
0.0437016863697255,-0.2326487107372159,2,validate
-0.7014051248993122,-0.3880070346303704,2,validate
-0.2210073123705905,0.8451496612715436,2,validate
-1.2406271593703264,0.87427934700151,1,validate
-0.0543386835340951,-0.6598841014433909,2,validate
-0.7112091618896943,-0.727853368146646,1,validate
1.2299901622059568,-1.1745085493394651,2,validate
0.8476327195810558,1.1655762043011748,2,validate
-0.1425750164475338,1.2141256805177856,2,validate
1.0927336443406075,1.2141256805177856,2,validate
0.0535057233601076,-2.3979553499980573,1,validate
-0.3974799781974678,-0.8735017967964783,1,validate
-1.171998900437652,0.8451496612715436,1,validate
-1.3974917512164395,-0.3685872441437262,1,validate
0.357430870061952,1.2044157852744637,2,validate
0.4064510550138624,-0.1258398630606722,2,validate
1.739800085705825,0.4276241658086908,2,validate
-0.3484597932455575,0.7674704993249662,2,validate
0.6417479427830323,1.0102178804080202,2,validate
-1.858281489764397,1.4374532711141952,1,validate
0.0044855384081972,-1.3104470827459755,1,validate
0.5437075728792115,0.7383408135949998,2,validate
-0.5151284220820528,-1.4949350923690965,1,validate
-1.054350456553067,1.1073168328412415,2,validate
0.9358690524944944,0.621822070675134,2,validate
-0.5641486070339632,-1.5240647780990628,1,validate
-1.270039270341473,-1.6405835210189288,1,validate
-1.3582756032549113,0.1169075180223817,1,validate
-0.5543445700435811,-0.1840992345206051,2,validate
-0.3092436452840291,0.2625559466722141,1,validate
0.6417479427830323,-0.0384508058707728,1,validate
-1.0249383455819208,0.2431361561855697,1,validate
0.6515519797734143,0.0198085655891601,2,validate
0.2691945371485133,1.058767356624631,2,validate
0.1319380192831642,1.0781871471112754,2,validate
0.7593963866676171,0.816019975541577,2,validate
1.0927336443406075,-1.2327679207993982,2,validate
-0.3876759412070857,0.4664637467819794,1,validate
1.0241053854079332,-1.0676997016629215,2,validate
0.5535116098695936,-0.2326487107372159,2,validate
-0.7210131988800764,0.4276241658086908,1,validate
-0.7112091618896943,-1.5337746733423852,1,validate
-1.3484715662645292,0.1654569942389925,1,validate
0.4554712399657727,0.0100986703458379,1,validate
-0.9268979756781,0.6315319659184561,1,validate
-2.632800412004581,-0.5239455680368806,1,validate
-0.671993013928166,-0.980310644473022,1,validate
-2.338679302293119,0.0683580418057709,1,validate
-0.3680678672263216,-0.669593996686713,1,validate
0.6907681277349426,0.689791337378389,2,validate
-0.5347364960628169,-0.2714882917105046,1,validate
1.4946991609462728,1.602521490250672,2,validate
-0.3876759412070857,0.7674704993249662,2,validate
0.739788312686853,0.9616684041914094,2,validate
-0.1523790534379159,-0.5530752537668472,1,validate
-1.6131805650048454,-0.7958226348499011,1,validate
0.4456672029753907,-2.0095595402651707,1,validate
-1.711220934908666,0.1654569942389925,1,validate
-0.5151284220820528,-0.2423586059805381,1,validate
0.9848892374464048,0.4179142705653686,2,validate
-0.2308113493609725,-1.4463856161524855,2,validate
1.122145755311754,-1.038570015932955,1,validate
1.9456848625038483,0.136327308509026,2,validate
-0.8288576057742792,0.0003887751025158,2,validate
1.0633215333694614,-0.7569830538766125,1,validate
1.8280364186192637,0.87427934700151,2,validate
-2.2798550803508264,-1.3298668732326198,1,validate
1.141753829292518,0.2819757371588584,2,validate
-0.6131687919858735,0.447043956295335,1,validate
0.0142895753985793,2.282214157283223,2,validate
0.0633097603504897,2.1462756238767127,2,validate
-1.5543563430625529,-0.4462664060903034,1,validate
1.3182264951193954,-0.5239455680368806,2,validate
1.759408159686589,0.8936991374881543,2,validate
1.0829296073502257,-0.2132289202505716,2,validate
-0.3190476822744112,-1.1356689683661767,1,validate
0.3770389440427161,0.3305252133754692,1,validate
0.3280187590908058,-0.4074268251170148,1,validate
-1.5151401951010246,1.330644423437651,2,validate
1.112341718321372,-0.9414710634997334,2,validate
0.0927218713216359,-0.0287409106274506,2,validate
0.3378227960811878,2.107436042903424,2,validate
-1.436707899177968,-0.2909080821971489,1,validate
0.6319439057926501,1.117026728084564,2,validate
0.5731196838503577,-0.4074268251170148,1,validate
-0.7896414578127509,-0.8249523205798676,1,validate
1.0437134593886974,0.7286309183516777,2,validate
-0.8092495317935151,1.8743985570636923,2,validate
0.4456672029753907,0.2042965752122811,1,validate
0.9848892374464048,-1.349286663719264,1,validate
0.6221398688022681,0.6412418611617783,2,validate
-1.3974917512164395,-1.5143548828557407,1,validate
-2.2798550803508264,-1.6988428924788617,1,validate
0.4652752769561548,0.4276241658086908,2,validate
-0.2602234603321188,0.2237163656989254,2,validate
0.2495864631677491,0.0877778322924152,1,validate
-2.0249501186008927,0.1848767847256368,1,validate
0.3378227960811878,0.9616684041914094,2,validate
0.4260591289946265,0.932538718461443,2,validate
1.2005780512348103,-0.5724950442534915,1,validate
1.9652929364846128,1.922948033280303,2,validate
2.7790280066863247,0.136327308509026,2,validate
-1.3582756032549113,-0.9414710634997334,1,validate
-0.1327709794571518,-1.0288601206896328,1,validate
0.9750852004560228,1.2044157852744637,1,validate
0.6907681277349426,-1.6211637305322846,1,validate
-0.3974799781974678,-1.2133481303127538,1,validate
-1.466120010149114,-2.805770950217588,1,validate
-0.289635571303265,-0.9220512730130892,1,validate
-0.917093938687718,-1.96101006404856,1,validate
1.759408159686589,0.136327308509026,2,validate
0.0535057233601076,-1.397836139935875,1,validate
1.259402273177103,0.563562699215201,2,validate
0.0338976493793434,0.2431361561855697,2,validate
0.7986125346291455,1.3500642139242958,2,validate
0.357430870061952,-0.4171367203603369,2,validate
-1.5151401951010246,1.1073168328412415,1,validate
0.0240936123889614,-0.2909080821971489,1,validate
-0.2406153863513546,2.291924052526545,1,validate
-0.1719871274186801,-1.281317397016009,1,validate
0.9260650155041124,-0.4753960918202699,2,validate
-1.0445464195626848,-0.5822049394968136,2,validate
-0.7700333838319867,-0.6210445204701023,1,validate
-1.2308231223799444,-0.3880070346303704,1,validate
-1.181802937428034,-1.6988428924788617,1,validate
0.0535057233601076,-0.7764028443632568,1,validate
0.9260650155041124,-0.912341377769767,1,validate
1.4946991609462728,-0.7472731586332904,2,validate
0.8770448305522021,0.5829824897018453,2,validate
1.4456789759943625,-0.9026314825264448,1,validate
-0.7406212728608406,-0.5724950442534915,1,validate
1.3084224581290134,0.8063100802982549,2,validate
1.2888143841482491,0.7577606040816441,2,validate
0.2005662782158388,-0.6987236824166795,1,validate
0.0535057233601076,0.136327308509026,2,validate
-2.358287376273883,-1.155088758852821,2,validate
0.0829178343312538,-0.2423586059805381,2,validate
-1.711220934908666,-1.708552787722184,1,validate
-1.3974917512164395,-0.4656861965769477,1,validate
1.90646871454232,1.3209345281943292,2,validate
2.4849068969748624,0.2819757371588584,2,validate
-0.6425809029570198,-0.485105987063592,1,validate
-0.3582638302359395,-1.349286663719264,1,validate
0.3182147221004237,0.6995012326217112,2,validate
1.7299960487154429,0.5538528039718789,1,validate
-0.0445346465437131,0.0392283560758044,2,validate
2.053529269398051,-0.5530752537668472,2,validate
-0.3778719042167037,0.7868902898116106,1,validate
-1.191606974418416,0.0489382513191266,1,validate
-0.1229669424667697,1.2529652614910742,2,validate
-0.9072899016973358,-0.5724950442534915,1,validate
1.1809699772540465,-1.5434845685857073,1,validate
-0.9955262346107744,-0.2714882917105046,1,validate
-1.3974917512164395,-0.0384508058707728,1,validate
-0.0249265725629489,0.2722658419155362,2,validate
1.1907740142444283,0.7868902898116106,2,validate
0.0142895753985793,1.3209345281943292,2,validate
-1.5837684540336991,0.5441429087285566,2,validate
0.739788312686853,-0.2811981869538267,2,validate
0.8868488675425842,0.0198085655891601,2,validate
-0.2700274973225008,0.2625559466722141,2,validate
1.514307234927037,2.6900297575027534,2,validate
0.229978389186985,1.961787614253592,2,validate
-0.3974799781974678,0.9519585089480872,2,validate
1.3084224581290134,0.6606616516484225,1,validate
-0.917093938687718,0.4858835372686237,1,validate
-0.4759122741205244,-0.3006179774404711,1,validate
0.1221339822927821,0.1945866799689589,2,validate
-1.309255418303001,-0.5336554632802029,1,test
0.3280187590908058,0.1071976227790595,1,test
1.6907799007539144,0.4567538515386572,2,test
1.279010347157867,1.0393475661379867,2,test
0.1809582042350746,-0.8249523205798676,2,test
0.4358631659850086,-0.4171367203603369,2,test
0.5829237208407397,0.1071976227790595,1,test
1.524111271917419,0.2722658419155362,2,test
-2.368091413264265,-1.0094403302029886,1,test
0.5339035358888294,0.0100986703458379,2,test
0.8868488675425842,0.0003887751025158,2,test
0.1221339822927821,0.0683580418057709,1,test
0.2691945371485133,0.1557470989956703,2,test
-1.3974917512164395,0.0100986703458379,1,test
-0.2504194233417367,-0.5336554632802029,2,test
-0.162183090428298,-2.873740216920843,1,test
-0.4759122741205244,-1.0871194921495655,1,test
-1.4857280841298783,0.7092111278650334,2,test
-1.4955321211202603,-1.4366757209091634,1,test
0.357430870061952,1.2238355757611077,2,test
0.5339035358888294,-0.8249523205798676,1,test
1.4750910869655087,-0.3006179774404711,1,test
-1.073958530533831,-0.6890137871733574,1,test
0.5927277578311219,-0.5142356727935585,2,test
0.7201802387060888,0.0683580418057709,2,test
0.9652811634656407,0.6703715468917447,2,test
1.9358808255134663,-0.0675804916007392,1,test
-1.3778836772356755,0.6703715468917447,2,test
-0.4857163111109065,-0.5919148347401357,1,test
0.4260591289946265,0.8257298707848992,2,test
1.0143013484175512,-0.3297476631704375,1,test
0.8378286825906738,0.7480507088383219,2,test
0.2888026111292774,-1.0774095969062436,1,test
-0.544540533053199,0.5344330134852345,1,test
1.2103820882251926,-0.8249523205798676,1,test
1.2201861252155748,0.8645694517581879,2,test
-0.1719871274186801,1.6607808617106048,1,test
-0.8092495317935151,-1.6600033115055732,1,test
-0.4366961261589961,-1.0288601206896328,1,test
1.3084224581290134,0.8839892422448322,2,test
-1.0249383455819208,-0.4656861965769477,2,test
0.3476268330715699,0.9810881946780536,2,test
-0.9661141236396282,-0.4365565108469812,2,test
-2.0151460816105105,-1.0871194921495655,1,test
0.1613501302543105,0.689791337378389,1,test
-1.6229846019952274,0.7577606040816441,1,test
0.2986066481196595,0.0198085655891601,1,test
1.5339153089078013,-0.9997304349596664,2,test
-2.5053479311296143,-2.087238702211748,1,test
1.6809758637635324,0.6606616516484225,2,test
0.1907622412254567,1.000507985164698,2,test
0.2986066481196595,-0.5530752537668472,1,test
0.484883350936919,-0.4559763013336256,1,test
0.4260591289946265,-0.4753960918202699,1,test
-0.4366961261589961,1.6607808617106048,2,test
-0.3386557562551754,1.301514737707685,2,test
0.5927277578311219,0.2237163656989254,2,test
-0.799445494803133,-1.4463856161524855,1,test
-0.6425809029570198,0.4761736420253015,1,test
1.1809699772540465,1.175286099544497,2,test
-1.4269038621875858,-0.4948158823069142,1,test
-1.2308231223799444,0.3984944800787243,1,test
-0.3582638302359395,-1.1745085493394651,2,test
0.2789985741388954,-2.572733464377856,1,test
0.612335831811886,0.3499450038621135,2,test
-0.034730609553331,0.5538528039718789,2,test
-0.4563042001397603,-0.0870002820873835,1,test
0.4162550920042445,0.1557470989956703,2,test
-0.8092495317935151,0.4179142705653686,2,test
0.0633097603504897,0.990798089921376,1,test
-0.1425750164475338,0.7383408135949998,2,test
-1.5445523060721709,-1.941590273561916,1,test
0.5339035358888294,0.5150132229985902,2,test
0.5927277578311219,-0.5919148347401357,1,test
0.3476268330715699,0.2042965752122811,1,test
0.0731137973408718,-0.3006179774404711,2,test
0.0535057233601076,-1.2133481303127538,1,test
-0.5641486070339632,-1.3298668732326198,1,test
0.5829237208407397,1.0976069375979196,2,test
0.2789985741388954,0.2528460514288919,2,test
-0.1229669424667697,0.136327308509026,1,test
0.7888084976387634,-0.1258398630606722,2,test
0.8770448305522021,1.4374532711141952,2,test
0.2201743521966029,0.9810881946780536,2,test
-1.5445523060721709,-0.7084335776600017,1,test
-0.917093938687718,0.816019975541577,1,test
0.4064510550138624,0.5926923849451674,2,test
-1.5249442320914066,2.2045349953366458,2,test
0.9554771264752586,0.0100986703458379,2,test
-1.68180882393752,0.3596548991054356,1,test
-0.3190476822744112,0.0489382513191266,2,test
0.6515519797734143,2.22395478582329,2,test
-0.7602293468416047,-0.3297476631704375,1,test
0.0044855384081972,-0.3006179774404711,2,test
0.1711541672446925,-0.4074268251170148,1,test
-0.7308172358704584,-1.4463856161524855,1,test
0.1711541672446925,0.3402351086187913,2,test
0.4652752769561548,-1.941590273561916,1,test
0.5535116098695936,0.2334262609422476,2,test
-0.7406212728608406,-1.708552787722184,1,test
1.2397941991963388,1.9035282427936584,2,test
0.2691945371485133,1.175286099544497,2,test
0.2691945371485133,0.9616684041914094,2,test
-0.917093938687718,-1.6114538352889622,1,test
-1.3288634922837652,-1.6794231019922174,1,test
-0.671993013928166,-1.3784163494492303,1,test
0.1613501302543105,-1.0871194921495655,1,test
-0.9268979756781,-0.2909080821971489,1,test
0.229978389186985,1.5151324330607725,2,test
0.2397824261773671,0.0586481465624487,1,test
0.3280187590908058,-0.6890137871733574,2,test
-0.5053243850916707,-1.1356689683661767,1,test
-1.2896473443222367,-0.0675804916007392,1,test
1.4358749390039804,0.6800814421350668,2,test
-0.1817911644090621,0.2431361561855697,2,test
-0.162183090428298,1.0102178804080202,2,test
0.4652752769561548,-0.174389339277283,1,test
0.1417420562735463,-1.4463856161524855,2,test
-0.9563100866492462,0.2140064704556033,1,test
0.1319380192831642,0.1945866799689589,2,test
0.3770389440427161,-0.6404643109567466,1,test
0.612335831811886,-0.2520685012238602,2,test
0.0437016863697255,-0.3394575584137597,1,test
-1.4269038621875858,-0.2909080821971489,1,test
-0.0739467575148593,1.1364465185712085,1,test
-2.2406389323892983,-0.1840992345206051,1,test
0.3280187590908058,-0.5822049394968136,1,test
-1.0935666045145953,1.7287501284138598,2,test
-0.417088052178232,0.5247231182419123,1,test
-0.7112091618896943,0.2528460514288919,2,test
-1.5935724910240812,-0.0481607011140949,1,test
-0.1229669424667697,-1.1453788636094988,2,test
-1.073958530533831,-0.9997304349596664,1,test
-0.4759122741205244,0.0489382513191266,1,test
0.1319380192831642,-0.9317611682564112,2,test
0.6613560167637964,-0.3006179774404711,2,test
0.3476268330715699,-0.3200377679271153,1,test
-0.3386557562551754,0.7771803945682885,2,test
-0.936702012668482,0.6121121754318117,1,test
0.3672349070523341,-0.8735017967964783,1,test
-0.5151284220820528,-0.3880070346303704,1,test
0.1515460932639284,-1.9513001688052376,2,test
1.259402273177103,0.5829824897018453,2,test
0.4358631659850086,1.058767356624631,2,test
1.3966587910424522,-0.8735017967964783,1,test
-0.4465001631493782,-1.397836139935875,1,test
-0.4366961261589961,-1.475515301882452,1,test
1.5535233828885653,1.1364465185712085,2,test
1.1809699772540465,0.4567538515386572,1,test
0.1613501302543105,0.2334262609422476,2,test
-0.681797050918548,-0.9608908539863776,1,test
-1.3288634922837652,0.0198085655891601,1,test
-0.0837507945052414,-0.0190310153841284,1,test
-0.7014051248993122,-1.281317397016009,1,test
-1.436707899177968,0.6703715468917447,1,test
1.141753829292518,-0.2423586059805381,2,test
-1.1425867894665056,0.621822070675134,1,test
-0.9072899016973358,-0.2617783964671824,1,test
-1.16219486344727,2.233664681066612,2,test
-0.7700333838319867,0.0392283560758044,2,test
-0.8190535687838971,-0.601624729983458,1,test
-1.2602352333510909,-0.7084335776600017,1,test
0.5044914249176832,0.621822070675134,2,test
-0.4661082371301424,1.0781871471112754,2,test
-0.6131687919858735,-0.0772903868440614,1,test
0.6809640907445605,0.689791337378389,1,test
1.112341718321372,0.689791337378389,2,test
0.8378286825906738,0.8257298707848992,2,test
-0.2798315343128829,-0.5919148347401357,1,test
-1.3386675292741472,-1.6891329972355396,1,test
0.229978389186985,0.3596548991054356,1,test
-2.005342044620128,-1.834781425885372,1,test
1.916272751532702,-1.3881262446925526,2,test
-0.5151284220820528,-0.6404643109567466,1,test
-1.0347423825723028,0.2722658419155362,2,test
-1.16219486344727,0.3111054228888248,1,test
-1.7406330458798125,0.8451496612715436,2,test
1.8280364186192637,0.5441429087285566,2,test
0.2789985741388954,0.4179142705653686,2,test
-0.7700333838319867,-1.4366757209091634,1,test
0.2005662782158388,0.1169075180223817,2,test
1.3966587910424522,0.0100986703458379,2,test
-0.0543386835340951,-1.407546035179197,1,test
0.5927277578311219,0.2334262609422476,2,test
-0.0151225355725668,2.058886566686813,2,test
0.9260650155041124,-0.0870002820873835,2,test
0.3868429810330982,2.1268558333900685,2,test
0.3672349070523341,2.825968290909264,2,test
2.2496100092056928,0.5344330134852345,2,test
-0.7602293468416047,-1.4949350923690965,1,test
0.1417420562735463,-1.1259590731228544,1,test
0.4162550920042445,-0.3880070346303704,2,test
0.4456672029753907,-0.6501742062000687,2,test
1.2397941991963388,0.8548595565148657,1,test
0.7495923496772351,0.7771803945682885,2,test
0.1319380192831642,0.4276241658086908,2,test
0.7986125346291455,1.3986136901409063,2,test
0.0240936123889614,0.0683580418057709,1,test
-0.799445494803133,1.621941280737316,2,test
1.0339094223983152,0.5150132229985902,2,test
1.4456789759943625,0.8451496612715436,2,test
1.38685475405207,1.2141256805177856,2,test
-0.1719871274186801,-0.8637919015531562,1,test
0.5437075728792115,-2.6504126263244334,1,test
-0.3288517192647933,-0.5724950442534915,1,test
0.1907622412254567,-1.096829387392888,2,test
0.3378227960811878,-0.4462664060903034,1,test
0.1711541672446925,-0.0675804916007392,2,test
0.4162550920042445,1.36948400441094,2,test
0.2888026111292774,0.4179142705653686,1,test
1.141753829292518,0.8645694517581879,2,test
0.0633097603504897,1.2626751567343963,2,test
-0.6229728289762556,-0.1452596535473165,1,test
-0.3778719042167037,0.3499450038621135,2,test
-0.0249265725629489,-1.902750692588627,1,test
0.739788312686853,-0.6307544157134244,1,test
0.0240936123889614,1.3889037948975844,2,test
-0.6523849399474019,-0.3200377679271153,1,test
0.0633097603504897,-0.5530752537668472,1,test
-1.6622007499567557,-2.300856397564836,1,test
1.3084224581290134,0.1266174132657039,2,test
0.7986125346291455,-1.1842184445827877,1,test
-0.8484656797550434,0.7674704993249662,1,test
-0.9955262346107744,1.7093303379272156,1,test
2.9751087464939663,1.000507985164698,2,test
1.0044973114271691,1.1364465185712085,2,test
-1.7308290088894305,0.0489382513191266,1,test
-0.0739467575148593,0.2334262609422476,2,test
-0.2798315343128829,-1.475515301882452,1,test
-0.7308172358704584,-1.6891329972355396,1,test
0.9456730894848766,-0.601624729983458,2,test
-0.0053184985821848,1.651070966467283,2,test
0.1907622412254567,0.1266174132657039,2,test
0.1809582042350746,-0.174389339277283,2,test
-0.1915952013994442,-0.6210445204701023,2,test
1.0044973114271691,1.1558663090578525,2,test
-0.0249265725629489,-1.096829387392888,1,test
0.357430870061952,-1.4560955113958078,1,test
-2.6426044489949634,-0.3200377679271153,1,test
-0.289635571303265,0.2431361561855697,2,test
-1.103370641504977,-0.2909080821971489,1,test
-0.2013992383898263,-0.2617783964671824,2,test
0.9750852004560228,0.4276241658086908,2,test
0.1907622412254567,0.0974877275357374,2,test
-0.5837566810147273,-0.3006179774404711,2,test
0.7005721647253247,-0.1258398630606722,1,test
0.6025317948215039,0.2237163656989254,2,test
-0.7798374208223688,-0.543365358523525,1,test
1.0339094223983152,0.4761736420253015,2,test
-0.034730609553331,-0.8735017967964783,2,test
-2.005342044620128,-2.5436037786478893,1,test
-2.848489225792987,0.0198085655891601,1,test
-0.3582638302359395,0.4082043753220464,2,test
-0.7112091618896943,-1.1939283398261096,1,test
0.0338976493793434,-1.582324149558996,1,test
-0.6229728289762556,-1.1065392826362102,2,test
0.9358690524944944,1.0296376708946646,2,test
-0.1327709794571518,-1.5337746733423852,1,test
2.102549454349961,1.427743375870873,2,test
-0.0543386835340951,-0.2811981869538267,2,test
-0.0151225355725668,0.3111054228888248,2,test
0.7986125346291455,-0.0578705963574171,2,test
1.4652870499751267,1.5831016997640277,2,test
1.0437134593886974,0.6606616516484225,2,test
-0.3092436452840291,0.1557470989956703,2,test
-2.191618747437388,0.4858835372686237,1,test
-0.6916010879089302,0.6606616516484225,1,test
0.0437016863697255,-0.174389339277283,2,test
-0.1033588684860055,3.1949443101555057,2,test
-0.1033588684860055,0.1266174132657039,1,test
-0.4857163111109065,-2.281436607078191,1,test
-0.2504194233417367,0.7092111278650334,2,test
-0.1523790534379159,0.0100986703458379,1,test
0.4554712399657727,0.689791337378389,1,test
-2.0151460816105105,-0.8249523205798676,1,test
1.279010347157867,1.6899105474405711,2,test
0.6221398688022681,1.068477251867953,2,test
0.7103762017157068,2.175405309606679,2,test
1.0044973114271691,-0.3782971393870483,2,test
0.0731137973408718,-0.5530752537668472,1,test
-0.0641427205244772,1.6996204426838937,2,test
-0.9955262346107744,-1.4560955113958078,1,test
0.3476268330715699,0.8645694517581879,2,test
0.229978389186985,-0.9511809587430556,2,test
-1.0053302716011565,-0.3297476631704375,1,test
2.749615895715179,-0.2811981869538267,2,test
-2.0641662665624207,-0.8055325300932232,1,test
0.8966529045329662,1.4374532711141952,2,test
-0.4465001631493782,0.2819757371588584,2,test
-0.1131629054763876,1.7481699189005042,2,test
0.8084165716195275,-0.4948158823069142,1,test
-1.1327827524761236,-0.1938091297639273,1,test
3.1025612273689336,-0.1840992345206051,2,test
0.3476268330715699,-0.6113346252267801,1,test
-0.1915952013994442,1.4568730616008394,2,test
-1.3876877142260575,-2.563023569134534,1,test
0.7986125346291455,1.2044157852744637,2,test
0.0829178343312538,0.1169075180223817,2,test
0.2986066481196595,-0.5724950442534915,2,test
2.906480487561292,-1.0094403302029886,2,test
-1.956321859668218,-0.5724950442534915,1,test
-1.936713785687454,-1.3589965589625863,1,test
-2.2700510433604446,-1.3784163494492303,1,test
-0.4465001631493782,0.1751668894823146,1,test
-0.2112032753802084,-0.854082006309834,1,test
-0.7602293468416047,0.6121121754318117,2,test
1.259402273177103,0.4664637467819794,2,test
-0.392120395782521,1.4133082159142438,2,test
-1.288306801551051,-0.3256734322968302,1,test
-2.948911988415986,2.1370455577964234,2,test
-1.3023244791826896,0.051317169385440176,2,test
0.6440872286587963,1.1299723125393584,2,test
-1.9283891047795227,-2.9082911039799404,1,test
1.1196243419620913,0.44554433822179773,1,test
-1.141257114058106,0.9239932044848588,1,test
0.22880773030308182,-0.16021862653158514,2,test
2.1335208720004664,-1.3777863228845053,2,test
0.9310280750266193,1.228468410668056,1,test
-0.010435988294509535,-2.262437328407341,1,test
-2.827074843657028,-1.468828518161201,1,test
2.748947337769061,-0.3787898088062245,2,test
-1.3407347914060488,-0.27514100982811496,1,test
0.9514452496131933,-1.2412728642821906,1,test
1.8531686950161492,-0.6789084182548608,1,test
1.6941151872654143,0.1872729047448778,1,test
0.9232610717676515,-0.2091140303218355,2,test
-0.7665727432938567,-1.6611988523307446,1,test
1.5222565135822945,1.0873496109897922,2,test
-0.4457245067554471,-3.810077191223188,1,test
-0.09464808607558828,-2.129451975300406,1,test
-0.459369762705675,1.425069442065903,2,test
-0.2323734454953561,-1.4527506539351123,1,test
-1.6325812209610735,-2.551186629108978,1,test
-0.11529921438207258,-0.11844837835420659,1,test
-0.14093440290764647,0.6725830400511762,1,test
-0.4653144292454492,0.7236231612711246,1,test
0.42396720414649125,0.2830590406732557,2,test
2.167218893664145,-0.4444072875625714,2,test
0.138970712271906,-0.30176866969577876,1,test
0.18202542445420525,-0.7923618815287299,1,test
0.9513379446911373,-0.7401704776783307,1,test
1.613202219822639,0.6075646387529634,2,test
1.7003064138388784,2.491994317941505,2,test
-2.431118967897218,0.9462167755796635,2,test
-3.151199909649777,0.16692279729807968,1,test
-1.6192098503649779,-1.6914809583955361,2,test
-3.3370971581159736,-0.7025988104928418,1,test
-2.7613212379406993,-0.34499117274682334,1,test
0.7313206404249449,-0.6694562468325865,2,test
1.0793360760686457,-0.5014136960479592,2,test
-2.032118422193956,-2.215505879439498,1,test
-2.5318281666640456,1.6400617548830385,1,test
-1.7636755724696687,0.7693322366643286,2,test
0.5054833182314887,0.23218641149444008,2,test
0.7914939000219265,0.892960872957963,1,test
-0.3679677200225928,0.3682570203170618,1,test
1.64965868946565,1.5108879105379445,2,test
0.27784541826091436,-0.24993686262001763,1,test
0.016230430864737216,0.1905494936828327,2,test
0.9286517653625049,-1.3287292466350398,2,test
0.009886073374570523,-1.8166215897882698,1,test
1.3883181324058638,1.1510614760347475,2,test
-1.178016131877981,-0.2789666910520015,1,test
1.7311302161785818,1.5798914494016614,2,test
1.3576738726664686,1.13570374117107,2,test
1.5735646970327322,0.5364558128471532,1,test
0.6763802027848033,0.8471415675930195,1,test
-1.0597213162673342,-2.1717781992879304,1,test
0.2724929007577038,-0.6177972446467017,1,test
-1.1127533147565885,-0.7316018832205488,1,test
-0.470204816614794,-0.31869341635567966,1,test
1.163549159816308,-0.1664662204545111,1,test
-1.563766835890275,-1.4296658630913734,1,test
-2.161947878012262,-3.4150507358127227,1,test
0.44069515391305764,-0.5016008272095034,2,test
0.2238895105534774,-0.947820179028004,1,test
-0.15101534989712417,-2.3831001537504948,1,test
0.5972374579739069,-2.563721789869426,1,test
-0.4572347539983619,-0.9813981333550716,2,test
-1.0102876181061626,1.13888315038825,1,test
-1.0895393654870702,0.23385838069205095,2,test
1.079302162909857,-1.2777471042590678,2,test
-0.7415575263883343,-0.6555525122959687,1,test
-1.6573946691346908,0.3715052987695664,1,test
-0.9009955644752734,-0.985247323343121,1,test
0.237122186688433,0.09604462040185113,2,test
1.3283001373095638,1.072999648430457,2,test
0.9322018510877645,-0.8718361584402724,1,test
0.644029640868596,0.28815308369548753,1,test
-0.8002694986595135,-1.27852340022567,2,test
0.1997003921167702,-0.07132232620044845,1,test
0.13411391367511366,-1.8250332732248642,1,test
1.7077030762401173,0.7481340664252217,2,test
0.7362178077982114,-0.9702007934791036,1,test
2.471583434788071,0.06649889733937564,1,test
0.8165229425666811,0.8367906526835257,2,test
2.1434513499229064,0.4952414784714061,2,test
1.0491303390209934,1.4197852029191917,2,test
1.42308194684306,-0.5216966707739142,2,test
0.6459674922540009,0.8534967178734869,1,test
0.8872935703224554,1.21213470163893,1,test
-1.5681123793281082,2.2848392014089915,1,test
0.6612190117524693,-0.26672875414123837,1,test
-0.5296268701342327,0.02447198216178914,1,test
-1.2667152977332274,-0.3500291939742605,1,test
2.577238961835155,0.3129090064097457,2,test
0.014536307161655104,-0.4207343981732827,2,test
1.3381903539938749,-1.0244384486045404,2,test
-0.28419306554228496,1.32096920656659,1,test
-2.751721172465433,-0.7396063501151295,1,test
-0.44359264362936907,1.7003954772956589,2,test
-0.4238423713529553,0.706939437898928,2,test
0.09571406981735736,1.8677726721850076,2,test
1.4469738295938717,1.3168090765816185,2,test
0.9817567813373071,-1.8714699101394763,1,test
-1.1789491449250664,-1.308108820365179,1,test
-1.1196033872914455,1.037355046735468,1,test
1.3508354593370553,0.24282147807809715,2,test
-0.6303716578113359,-0.6809994910617905,1,test
0.1974422894975612,1.3318772462867172,2,test
0.7077860168530361,-1.2397431360246596,1,test
-0.6328609722866599,-0.17958757688597277,1,test
1.043776636078508,0.2852824512581148,2,test
0.9779157161983019,0.46960776820001904,2,test
-2.3814583121355666,-0.4262855811551457,1,test
-0.33531198441671484,-0.40035154647207816,1,test
1.582143774144601,1.2374940122350007,2,test
-0.7559078753970685,-1.874188749636927,1,test
0.35716822598681885,-2.7361936240872344,1,test
-1.1910575242672916,1.151913524448397,2,test
-1.0630968038487372,0.5112718557235116,2,test
-2.3368271407121677,-0.11670808146438916,1,test
-1.079230954078899,0.44188965561121085,2,test
3.2524067951368423,2.4527717707612977,2,test
-0.5269487439699769,1.001115155354109,1,test
-0.22550565337946937,-0.29527123649077636,2,test
-1.3713168117659102,-0.9191391254929246,2,test
-1.152677701550286,-2.074043781911594,1,test
-1.3867924706429742,0.949622357476897,2,test
-0.43150153807553515,-0.6578787023220646,1,test
-1.8180520764220447,-0.15709982773458142,2,test
2.118161189341143,4.107848341195183,2,test
-0.8142117439081135,0.35013674427175967,1,test
1.356333900834727,-0.16063815789481128,2,test
-1.4264695098119577,0.6432497149755001,2,test
0.23615529727699147,2.604336034853583,2,test
-2.377241482839789,-0.08811252765193028,1,test
-2.2680026064783747,0.6307062878994385,1,test
1.081341546282905,0.3390208295463656,2,test
-0.4301519604153044,-1.3701498159206655,1,test
1.162117454931897,0.7022745222772555,2,test
-0.20712038018886644,1.1807813701214176,2,test
0.33982974538146593,0.6086664158691895,1,test
0.09345458676542445,-0.5430135728275479,2,test
0.39445652258289055,-0.3882101510969027,2,test
-1.9336928301245433,0.5508369212460323,1,test
1.9982644102758187,1.0898938461634156,2,test
1.768604565102552,1.545695661273521,2,test
1.9070427520253923,1.355893826096266,2,test
-0.10458504033523264,-0.39693578073827085,1,test
-0.273255650860777,-0.7536659073900267,1,test
0.8339873286214252,-0.21234969300614104,1,test
-0.8916367403817262,-1.1121562175660828,1,test
1.1783468147572695,1.3321527975056116,2,test
-2.4251696534218006,-0.9996033313184465,1,test
1.9904479686132217,0.5985692415871493,2,test
1.4443811147262189,0.3362895782999471,1,test
0.8917639163928273,-2.2375628797795715,1,test
0.43739915354543224,0.9849155587912228,2,test
-1.8959965287725666,1.6951054188562162,1,test
-2.565155981254997,-0.8055791644563344,1,test
-0.07447864704624763,0.9698585046310436,2,test
1.2359673489052652,-1.0583716344941945,2,test
1.3663748996247846,0.06330972374628885,2,test
-0.9981788133235905,-0.16489044434299016,1,test
-0.0679058190523204,2.1500780764313383,2,test
-0.05031235820436286,-0.3281972529079335,1,test
-1.7976566733481043,-1.016022131602948,1,test
0.46052341558746823,0.5537541961379138,1,test
-0.7492698862797111,-0.6674305607864706,2,test
2.5122577982592222,-2.373058929206139,1,test
-2.343489291372055,-1.609668647494439,1,test
0.3875021856471651,0.701264396892441,2,test
-0.5657025504130276,0.5111989818803659,2,test
1.3672408265984242,2.867177214926905,2,test
0.874522785646562,0.5742383489995382,2,test
-0.07358584054445022,0.48756405568236466,2,test
-2.593065361017283,-0.7735958924253392,1,test
-0.11587013893841935,-0.21849307632624154,2,test
-2.1182168963587813,-0.30585176583262036,1,test
0.9732701186259463,-0.2571862910558167,2,test
-0.7922630846739214,1.3871053092256358,2,test
0.7894765864193642,2.009580892702961,2,test
1.047594301735228,0.5125198529463947,1,test
-2.03794113253315,-2.2980431465665525,1,test
1.4092073400068674,1.7538526852155223,2,test
-0.3134730629272223,-2.5100575600392485,2,test
1.3902232507811136,1.239397371971596,2,test
0.2539223563106646,0.3113857521114468,2,test
1.3320842610930443,-1.9576831207691086,2,test
3.380200432086785,0.86162838009442,2,test
1.9533195150774874,-1.4281657970001556,1,test
1.2022106156385406,0.17621505877503058,2,test
0.7943868065981262,-0.5000855740660061,2,test
1.304927973001282,0.9472976298981564,1,test
0.903068698971836,1.3178296194858068,2,test
-1.9971778084952123,-0.3892497068754256,1,test
-2.7413351333265457,0.3353164387755091,1,test
-0.6247624552868958,0.7288638551005879,1,test
-0.94297649926218,-1.1650134295117678,1,test
-2.9427623829823144,-0.3029428245988949,1,test
-0.38939991024623843,2.144595818901962,1,test
-1.575283693100329,-2.978055203463377,1,test
0.18885092022811292,-1.8211575045138506,1,test
0.4766647461772825,-1.518398552270364,1,test
-0.8472119654481363,-2.13428609349507,2,test
-0.7794727292820285,0.9217153470148732,1,test
-1.6177288880220804,-0.7881996288633544,2,test
0.3401854634481727,2.480850592457297,2,test
0.8968947633885741,-1.7259846040691464,2,test
0.03711115741760677,0.673344997368388,2,test
-0.36752621110063155,-1.1010718900528553,1,test
-0.8405602916889601,-2.3151779665376973,1,test
-0.9904248167419669,1.3296445576870994,1,test
-2.6766916046015736,0.5658627825953646,1,test
0.04782476783602574,-0.22676801919613587,1,test
0.799972565933585,-3.264747273356673,1,test
-1.7150842525978147,-1.0409919207929093,1,test
0.01287828351687148,-2.2344079477528846,1,test
-0.8634199541736844,2.689723308436043,2,test
-2.1657496960822993,-0.818394151847001,1,test
0.7018682416455411,-2.6771539742809525,2,test
-0.3510861367273501,0.020164516356470097,1,test
0.9671334924570993,3.171185388974735,2,test
-0.2632765114517591,-2.9452260688024,1,test
-0.6362819347911726,1.3249012083525546,2,test
0.8371173886100067,-2.739921080363139,1,test
-0.6669143580348014,-0.8648567817597288,1,test
-2.64923643764043,0.8051316979587669,1,test
-0.44325062943771976,0.5516534469762523,1,test
4.599956524047851,1.365380551958484,2,test
2.752943574245564,-0.11430595130289478,2,test
-0.9902338919352079,-0.2879153205140285,1,test
-0.8196808746306693,-0.5174871009766768,1,test
2.0065752180403407,1.4231607141603242,2,test
0.545496186723793,-0.5225868531778817,2,test
1.1042117727969323,-1.4746528698854247,1,test
0.5947766441160907,1.0248219226827915,2,test
-0.5295072965775893,1.879107077829921,2,test
-2.0830328279674424,-1.4645021401119562,1,test
-0.1794226331951184,-2.681888548773548,1,test
0.42718212813597534,0.7571205473572504,2,test
-0.041362846628278604,-0.3047782676188126,1,test
-0.7507606748687563,-0.5658461181601622,1,test
1.1709737374122269,-1.061170599663518,2,test
-0.7984991979901455,2.292933462532208,1,test
0.06534253517911934,0.11226299421774943,1,test
-1.7783015842425973,1.1845235773673097,1,test
0.2722365633596585,-0.6284490442406693,2,test
0.196033743358201,1.2577748119876075,1,test
-1.718493101609543,-1.7413456866831325,1,test
-0.4419027638624283,0.3329832792038313,1,test
0.9420920858185392,0.9962854806821537,2,test
-0.32496643128741126,-1.3309922392166997,1,test
-1.962878392011851,-1.0452145306904883,1,test
-2.233450974811916,-1.976245171755434,1,test
-0.8427882708104112,0.26446875466982933,2,test
-0.8991419409642101,1.4514335832621337,2,test
1.1568813100938886,-0.3664314492617169,2,test
0.3759469351062812,0.9491449052454655,1,test
-1.175024285064556,-2.0120047555290967,2,test
1.0435804420024248,-1.1760997781115567,1,test
1.1203908925993618,1.078276477723797,2,test
1.3932526556250264,-0.9020012209917501,2,test
-2.351910244885574,-2.6251116997517774,1,test
-0.9529713235448616,0.18971982515918695,2,test
1.0485639262577715,1.8356882027024648,2,test
-0.7144822275223678,0.39662477772265325,2,test
-0.6907769283769022,1.0435672862990568,1,test
-0.012348893606675126,-0.2776943067407754,2,test
-0.5574097706620238,0.31405522938184083,1,test
-0.49673668436203183,-0.27344253778217215,1,test
0.6630952683832791,1.5895437600867508,1,test
-0.3007127759738357,-1.3132591813772598,1,test
-0.8300449627017137,0.35141957161689474,2,test
0.9397984108690587,-3.852896496026566,1,test
0.5829193306880756,-1.6794486300030667,1,test
2.4231988211766824,-0.40250836903873755,2,test
1.6257014333498931,-1.41479492380155,2,test
-1.511063840857502,1.7591580857980933,1,test
-1.6314556298762264,0.27885296015073774,1,test
-2.0978223235436473,0.3789587771877741,1,test
1.7104937862328833,2.9080329083249903,2,test
0.6366297915703951,-0.5762384270262739,1,test
1.6591231451402921,1.2254717010689464,1,test
-2.38478232991944,1.920609811182664,1,test
0.5721688466412627,-0.015817187990139592,1,test
-2.9561098502487795,0.46721844636533705,1,test
1.1325020370452243,-0.5218731650043833,2,test
0.5020803239174667,0.8414814744424998,2,test
-0.6255210020934977,-1.2141171141945346,1,test
-0.40138755740162324,0.4255713217508811,1,test
-1.5616369730192958,3.192207267859529,1,test
-0.4503603548299535,0.8176446999895177,2,test
-1.103516874967288,2.1398222563897615,1,test
-0.27658818727237994,-3.7193409369054384,1,test
0.9174411348424876,0.5632848103515682,2,test
-0.27496111538556284,0.4033737111422672,1,test
3.036672320058754,-1.801406835485445,1,test
0.25998925736844614,1.7589150509259532,2,test
-0.15553873348047803,1.4911597963773036,2,test
-1.1505192602961913,0.11355406717675628,1,test
1.8107611400118322,0.8670752758741772,2,test
0.6592910707410107,-0.3050429697392108,2,test
-1.3549431026691745,-0.29242679891512646,1,test
