1.6332877895134532,-0.39779751989685586,2,train
1.0376425656400148,1.9391531228865717,2,train
2.271479100806423,1.7833564133676765,2,train
-0.5791087563021753,-0.7518809506216176,1,train
-1.2031180384553013,-0.4402875315838273,1,train
-0.5649267271623315,0.1828993064917534,1,train
-1.0187516596373323,-2.02658130123076,1,train
1.5198315563947031,0.08375594588882011,2,train
1.902746343170485,0.4661660510715628,2,train
-0.536562668882644,-0.8368609739955605,1,train
-1.5293047086717082,0.8485761562543055,1,train
-0.9620235430779572,-0.6244109155607034,1,train
1.023460536500171,0.027102596972858228,2,train
0.6830918371439205,1.2451495986660386,2,train
-0.39474237748420626,-0.35530750820988444,1,train
-0.09691976554748703,0.09791928311781058,1,train
-1.0754797761967074,-0.19951079869098928,1,train
-1.0896618053365512,-0.7235542761636367,1,train
1.2645550318775152,0.6077994233614675,2,train
0.47036140004626387,0.0412659342018487,1,train
-0.5649267271623315,1.0326995402311816,1,train
-0.39474237748420626,-0.5252675549577701,1,train
-1.656942970930302,-0.6385742527896938,1,train
1.151098798758765,0.650289435048439,1,train
-1.841309349748271,-0.22783747314897024,1,train
-0.4798345523232689,-0.6527375900186844,1,train
-0.18201194038654966,-0.8226976367665699,1,train
0.711455895423608,-0.3836341826678654,2,train
-0.011827590708424396,-0.2420008103779607,2,train
0.11581067155016957,-0.5252675549577701,1,train
0.9383683616611084,1.1460062380631053,2,train
-0.36637831920451874,0.0412659342018487,1,train
-0.8911133973787383,-1.516701160987103,1,train
-1.5293047086717082,0.06959260865982964,2,train
1.09437068219939,0.9902095285442102,2,train
0.5696356040251703,-0.12869411254603694,2,train
-0.2103759986662372,1.1460062380631053,2,train
-1.0896618053365512,-1.3184144397812365,1,train
1.9169283723103288,1.6700497155357528,2,train
1.9452924305900163,-0.015387414714113182,2,train
0.7256379245634518,1.58506969216181,2,train
0.654727778864233,-0.3836341826678654,2,train
-1.3591203589935827,-0.9784943462854652,1,train
0.30017705036813863,-1.2617610908652745,1,train
-0.5223806397428002,-0.100367438088056,1,train
-1.3591203589935827,-0.7235542761636367,1,train
0.05908255499079447,1.0610262146891625,2,train
-0.5507446980224878,-0.9218409973695033,1,train
-1.032933688777176,-0.21367413591997977,2,train
-0.5223806397428002,-1.1059643813463793,1,train
-0.04019164898811194,-0.02955075194310365,2,train
-0.6074728145818629,0.11208262034680105,1,train
-0.7492931059803006,-0.42612419435483684,1,train
0.03071849671110692,1.4717629943298862,2,train
-0.26710411522561234,-0.7377176133926272,2,train
-0.5081986106029565,-0.7235542761636367,1,train
0.1583567589697009,0.3670226904686295,2,train
1.2503730027376714,0.8910661679412769,2,train
0.6121816914447016,1.7267030644517147,2,train
0.45617937090642013,0.0412659342018487,2,train
-1.6143968835107707,-0.341144170980894,1,train
-1.3023922424342078,-1.6583345332770076,1,train
1.1085527113392337,1.6700497155357528,2,train
1.2503730027376714,0.8060861445673341,2,train
1.1936448861782962,1.2734762731240197,2,train
-1.0471157179170199,0.05542927143083917,1,train
0.5412715457454828,0.8627394934832959,2,train
-0.9052954265185821,-0.7660442878506081,1,train
-1.3307563007138954,-0.4686142060418082,1,train
0.8674582159618895,-0.08620410085906553,2,train
-1.3449383298537392,-1.2334344164072937,1,train
-0.8627493390990508,-1.0918010441173889,1,train
0.6830918371439205,-0.6385742527896938,2,train
-0.09691976554748703,-0.8793509856825319,2,train
0.08744661327048202,0.05542927143083917,2,train
-1.6427609417904583,-1.0493110324304176,1,train
-0.18201194038654966,1.5142530060168575,2,train
0.7965480702626707,0.21122598094973433,2,train
1.392193294136109,-0.8085342995375795,2,train
-0.6074728145818629,-0.5394308921867605,1,train
-2.5504108067404596,-1.7149878821929696,1,train
0.22926690466891975,1.2734762731240197,2,train
1.0376425656400148,0.593636086132477,2,train
1.2503730027376714,1.641723041077772,2,train
-0.29546817350529986,-0.3269808337519035,1,train
-0.5932907854420191,-1.5733545099030648,1,train
0.2434489338087635,-0.581920903873732,2,train
-0.011827590708424396,-1.2617610908652745,1,train
-0.09691976554748703,0.4803293883005533,1,train
-1.5718507960912393,-0.8510243112245509,1,train
-0.49401658146311267,0.21122598094973433,1,train
-0.45147049404358136,-0.7943709623085891,1,train
0.7823660411228269,-1.5025378237581126,2,train
0.6121816914447016,2.633156647107105,2,train
0.966732419940796,0.43783937661358185,2,train
-0.06855570726779948,1.6842130527647432,2,train
-0.6074728145818629,-0.4969408804997892,1,train
-0.011827590708424396,-1.4317211376131602,1,train
0.9100043033814209,-0.6244109155607034,1,train
0.34272313778766994,1.0893528891471436,2,train
2.1580228676876727,0.9335561796282483,2,train
-0.40892440662405005,0.8202494817963245,2,train
0.47036140004626387,0.5086560627585343,2,train
0.1583567589697009,-0.8368609739955605,1,train
0.6405457497243892,-0.11453077531704647,2,train
-0.2103759986662372,-1.4175578003841698,1,train
-0.9336594847982697,0.027102596972858228,1,train
2.2289330133868916,2.1516031813214287,2,train
-1.3307563007138954,-1.516701160987103,1,train
1.463103439835328,0.7919228073383436,2,train
-0.08273773640764326,0.9477195168572388,2,train
1.0092785073603272,1.1318429008341149,2,train
-1.543486737811552,-0.7093909389346462,1,train
-0.7492931059803006,-1.2051077419493126,1,train
-1.1463899218959261,0.5369827372165151,1,train
1.09437068219939,0.4236760393845914,2,train
-0.6925649894209255,0.21122598094973433,2,train
-0.35219629006467496,-0.5394308921867605,1,train
0.34272313778766994,-0.07204076363007506,1,train
0.7681840119829831,0.7777594701093531,2,train
-0.536562668882644,0.012939259743867759,1,train
0.35690516692751373,-0.6669009272476748,1,train
1.3212831484368903,0.8202494817963245,2,train
0.1583567589697009,0.6644527722774294,2,train
0.7965480702626707,0.12624595757579152,2,train
0.2009028463892322,0.9335561796282483,2,train
0.42781531262673256,1.372619633726953,2,train
0.42781531262673256,-0.3128174965229131,2,train
-0.6783829602810817,-1.1626177302623413,1,train
0.47036140004626387,1.825846425054648,2,train
0.6830918371439205,1.5425796804748386,2,train
0.9525503908009522,-0.12869411254603694,2,train
-0.02600961984826817,1.4292729826429147,2,train
-0.536562668882644,-1.785804568337922,1,train
-1.543486737811552,-0.7235542761636367,1,train
-1.5860328252310831,-0.8935143229115223,1,train
-0.04019164898811194,-0.341144170980894,2,train
0.01653646757126315,-0.100367438088056,1,train
-1.0471157179170199,-0.45445086881281777,2,train
0.8532761868220458,1.3018029475820005,2,train
1.2929190901572027,0.8627394934832959,2,train
-0.6074728145818629,-0.8651876484535413,1,train
0.6121816914447016,1.769193076138686,2,train
-0.36637831920451874,-0.100367438088056,1,train
1.151098798758765,0.9760461913152197,2,train
-0.9620235430779572,-0.7802076250795986,1,train
-1.6711250000701459,-1.545027835445084,1,train
0.7681840119829831,0.012939259743867759,2,train
0.5129074874657952,1.3018029475820005,2,train
-1.3307563007138954,-0.6527375900186844,1,train
0.9241863325212646,1.8116830878256576,2,train
-0.23874005694592476,-1.0351476952014271,1,train
-0.13946585296701836,0.19706264372074386,2,train
1.1794628570384524,1.6700497155357528,2,train
1.902746343170485,0.8060861445673341,2,train
1.463103439835328,1.769193076138686,2,train
1.3071011192970465,1.4859263315588767,2,train
0.05908255499079447,-0.45445086881281777,1,train
1.1369167696189213,0.29620600432367716,2,train
-1.0612977470568636,-1.3609044514682078,1,train
0.32854110864782615,0.25371599263670574,2,train
0.18672081724938844,0.9052295051702673,2,train
-1.3733023881334265,-0.25616414760695116,1,train
-0.4372884649037376,-0.5535942294157511,1,train
0.839094157682202,-1.8707845917118648,1,train
0.9950964782204835,1.2309862614370481,2,train
-1.3307563007138954,-1.0918010441173889,1,train
1.647469818653297,0.7069427839644008,2,train
0.6263637205845454,0.593636086132477,2,train
0.42781531262673256,1.0610262146891625,2,train
0.6263637205845454,1.2168229242080577,2,train
0.7540019828431394,-0.8368609739955605,1,train
0.37108719606735746,1.3867829709559434,2,train
-0.224558027806081,-0.5111042177287797,1,train
-0.49401658146311267,-0.7943709623085891,1,train
-0.3805603483443625,-0.12869411254603694,1,train
1.4489214106954842,1.315966284810991,2,train
0.32854110864782615,0.8910661679412769,2,train
-1.2031180384553013,-0.7943709623085891,1,train
0.5979996623048578,1.4151096454139243,1,train
0.2434489338087635,0.621962760590458,2,train
-0.26710411522561234,0.23955265540771528,1,train
-0.5649267271623315,1.4717629943298862,2,train
1.0660066239197024,0.1828993064917534,2,train
-0.4798345523232689,-0.3836341826678654,1,train
-0.1252838238271746,1.1318429008341149,2,train
1.0376425656400148,1.0326995402311816,2,train
0.5554535748853265,0.6077994233614675,2,train
0.9950964782204835,0.8485761562543055,2,train
-1.3023922424342078,-0.5960842411027225,1,train
-0.7492931059803006,-0.18534746146199882,1,train
2.569301712743142,0.7211061211933912,2,train
-1.0754797761967074,-1.6724978705059983,1,train
1.2645550318775152,0.14040929480478198,2,train
0.48454342918610765,0.25371599263670574,2,train
1.1652808278986089,-0.2986541592939226,2,train
-0.6783829602810817,-0.02955075194310365,1,train
0.1583567589697009,-1.601681184361046,1,train
0.32854110864782615,0.6077994233614675,2,train
-1.3307563007138954,-1.1909444047203221,1,train
1.151098798758765,-0.22783747314897024,2,train
1.3212831484368903,-0.6385742527896938,2,train
-0.9194774556584259,-1.0776377068883984,1,train
0.17253878810954465,1.1601695752920957,2,train
1.2361909735978276,0.26787932986569624,2,train
-1.841309349748271,-1.3184144397812365,1,train
-0.9052954265185821,-0.21367413591997977,1,train
0.30017705036813863,-0.7235542761636367,1,train
0.7965480702626707,0.38118602769762,2,train
-1.032933688777176,-1.0776377068883984,1,train
0.35690516692751373,2.1940931930084,2,train
-0.02600961984826817,0.26787932986569624,1,train
0.08744661327048202,-1.8282945800248933,1,train
-1.16057195103577,-1.8141312427959029,1,train
-1.0045696304974885,-1.3467411142392174,1,train
-0.06855570726779948,1.7408664016807052,2,train
-0.11110179468733081,1.5142530060168575,2,train
-1.543486737811552,-1.5025378237581126,1,train
-1.0754797761967074,-0.1570207870040179,1,train
0.8816402451017333,0.3245326787816581,2,train
-0.26710411522561234,-1.2900877653232554,1,train
0.7256379245634518,0.9335561796282483,2,train
-1.288210213294364,-0.42612419435483684,1,train
-0.3238322317849874,-0.8793509856825319,1,train
0.7965480702626707,1.0185362030021912,2,train
0.9950964782204835,1.0893528891471436,2,train
0.25763096294860727,0.5086560627585343,2,train
1.2503730027376714,-0.07204076363007506,2,train
-0.4372884649037376,-0.21367413591997977,1,train
-0.45147049404358136,-0.8085342995375795,1,train
0.839094157682202,1.0043728657732007,2,train
-1.0187516596373323,0.4095127021556009,2,train
-1.4300305046928017,-0.12869411254603694,1,train
-0.23874005694592476,-0.22783747314897024,1,train
-1.103843834476395,-1.7149878821929696,1,train
-0.7351110768404568,-0.08620410085906553,1,train
0.07326458413063824,1.2168229242080577,2,train
0.044900525850950695,1.8541730995126289,2,train
-0.29546817350529986,-0.22783747314897024,1,train
1.09437068219939,0.9760461913152197,2,train
1.1227347404790775,0.9760461913152197,2,train
1.1936448861782962,0.22538931817872482,2,train
-0.2103759986662372,0.4803293883005533,2,train
0.044900525850950695,0.12624595757579152,1,train
-0.06855570726779948,-0.27032748483594166,1,train
1.5481956146743907,0.4236760393845914,2,train
0.7256379245634518,1.1460062380631053,2,train
-1.288210213294364,-1.275924428094265,1,train
0.8532761868220458,1.4009463081849338,2,train
1.349647206716578,0.28204266709468667,2,train
0.45617937090642013,1.1460062380631053,2,train
0.5412715457454828,1.3018029475820005,2,train
0.27181299208845106,-0.8368609739955605,1,train
-0.23874005694592476,-0.4402875315838273,1,train
-1.3874844172732703,-0.11453077531704647,1,train
0.9100043033814209,0.45200271384257235,2,train
1.3780112649962655,0.26787932986569624,2,train
0.7965480702626707,0.6361260978194484,2,train
-0.976205572217801,-1.2192710791783032,1,train
0.6121816914447016,-0.4969408804997892,1,train
0.08744661327048202,1.2026595869790673,2,train
0.18672081724938844,0.26787932986569624,2,train
-0.6642009311412379,-1.9132746033988361,1,train
-1.7987632623287397,-1.0918010441173889,1,train
1.20782691531814,0.7919228073383436,2,train
-0.25292208608576855,-0.7518809506216176,2,train
-0.3805603483443625,-0.5677575666447415,2,train
0.1583567589697009,1.1318429008341149,2,train
0.39945125434704504,-0.02955075194310365,1,train
-0.7209290477006131,0.352859353239639,1,train
-1.4442125338326455,-1.7433145566509505,1,train
0.215084875529076,0.3386960160106486,2,train
0.1441747298298571,0.06959260865982964,2,train
0.044900525850950695,1.797519750596667,2,train
-0.26710411522561234,0.11208262034680105,2,train
0.27181299208845106,-0.12869411254603694,2,train
-0.4798345523232689,-0.02955075194310365,2,train
-1.7136710874896772,-0.17118412423300836,1,train
0.5979996623048578,0.9760461913152197,2,train
-1.2031180384553013,-0.18534746146199882,1,train
-0.25292208608576855,0.5653094116744961,1,train
-1.3023922424342078,0.49449272552954376,1,train
1.534013585534547,0.650289435048439,2,train
-0.8343852808193633,0.06959260865982964,1,train
1.6191057603736094,0.8485761562543055,2,train
-0.976205572217801,-1.063474369659408,1,train
0.8532761868220458,1.0326995402311816,2,train
-0.35219629006467496,-1.7149878821929696,1,train
-2.1107679034053026,-0.610247578331713,1,train
0.37108719606735746,1.315966284810991,2,train
1.0376425656400148,0.650289435048439,2,train
1.3638292358564217,1.315966284810991,2,train
-1.600214854370927,-0.2986541592939226,1,train
0.1441747298298571,0.5228193999875247,2,train
0.01653646757126315,0.05542927143083917,2,train
0.08744661327048202,0.8344128190253151,2,train
-1.0045696304974885,-0.015387414714113182,1,train
-0.30965020264514365,1.2168229242080577,2,train
-1.401666446413114,0.3386960160106486,1,train
1.278737061017359,0.5511460744455057,2,train
0.18672081724938844,0.7494327956513722,2,train
1.2220089444579838,0.3670226904686295,2,train
0.48454342918610765,0.5794727489034865,2,train
-0.49401658146311267,-0.0012240774851227116,2,train
-1.5293047086717082,-0.4686142060418082,1,train
0.839094157682202,0.352859353239639,2,train
-0.6642009311412379,0.6644527722774294,2,train
-0.15364788210686212,0.8060861445673341,2,train
-0.8769313682388945,-1.4175578003841698,1,train
-1.2598461550146764,-0.45445086881281777,1,train
-0.4798345523232689,0.593636086132477,1,train
-1.600214854370927,-0.100367438088056,1,train
-1.5293047086717082,-0.02955075194310365,1,train
0.42781531262673256,1.825846425054648,2,train
-1.0187516596373323,1.3584562964979625,2,train
-0.8627493390990508,-0.6385742527896938,1,train
0.9100043033814209,0.8627394934832959,2,train
-0.9478415139381134,0.5511460744455057,2,train
-0.7492931059803006,0.352859353239639,1,train
0.2434489338087635,1.3442929592689719,2,train
0.8674582159618895,0.9477195168572388,2,train
1.4205573524157966,-0.05787742640108459,2,train
-0.15364788210686212,-0.341144170980894,1,train
-0.8911133973787383,-0.2420008103779607,2,train
-0.7067470185607693,-1.9557646150858077,1,train
-0.08273773640764326,0.8485761562543055,2,train
0.6263637205845454,0.7352694584223818,2,train
1.6758338769329846,0.3386960160106486,2,train
-1.2456641258748327,-0.8085342995375795,1,train
0.5838176331650141,0.49449272552954376,2,train
0.7256379245634518,-0.9076776601405128,1,train
0.12999270069001334,-0.08620410085906553,2,train
-0.25292208608576855,0.38118602769762,1,train
0.8249121285423582,0.8485761562543055,2,train
1.5198315563947031,0.31036934155266765,2,train
0.41363328348688877,0.9618828540862293,2,train
0.9383683616611084,-0.4686142060418082,2,train
-1.8838554371678025,0.14040929480478198,1,train
-0.40892440662405005,-0.4827775432707987,1,train
0.41363328348688877,1.5992330293908004,2,train
0.9241863325212646,1.1460062380631053,2,train
-0.5932907854420191,-0.5252675549577701,1,train
0.45617937090642013,0.0412659342018487,2,train
-0.7492931059803006,-0.1428574497750274,1,train
-2.3802264570623346,-0.8368609739955605,1,train
1.09437068219939,1.0893528891471436,2,train
-0.7776571642599881,-1.0209843579724365,1,train
-1.16057195103577,-0.7660442878506081,1,train
0.27181299208845106,-1.8141312427959029,1,train
2.200568955107204,-0.22783747314897024,2,train
0.5979996623048578,0.8060861445673341,2,train
-0.224558027806081,0.5653094116744961,2,train
-0.42310643576389384,-0.05787742640108459,1,train
1.4914674981150156,-0.610247578331713,2,train
-0.7492931059803006,0.26787932986569624,1,train
0.215084875529076,-2.479808092558455,1,train
1.1652808278986089,0.7777594701093531,2,train
-0.9620235430779572,0.012939259743867759,2,train
0.03071849671110692,-0.9501676718274842,1,train
0.42781531262673256,0.11208262034680105,2,train
2.4558454796243923,0.027102596972858228,2,train
0.5129074874657952,0.7494327956513722,2,train
-0.18201194038654966,-1.545027835445084,1,train
1.1227347404790775,2.066623157947486,2,train
0.6405457497243892,-0.04371408917209412,2,train
-1.3023922424342078,-2.239031359665617,1,train
0.34272313778766994,1.1884962497500768,2,train
0.34272313778766994,0.9902095285442102,2,train
-0.28128614436545607,-0.2420008103779607,1,train
-0.7492931059803006,-0.36947084543887493,1,train
0.9525503908009522,0.9477195168572388,2,train
0.215084875529076,-1.6724978705059983,1,train
0.30017705036813863,-0.08620410085906553,1,train
-0.976205572217801,-1.1059643813463793,1,train
0.839094157682202,1.1743329125210864,2,train
-0.536562668882644,-1.6158445215900363,1,train
-0.224558027806081,-0.35530750820988444,1,train
1.335465177576734,0.15457263203377247,2,train
-0.46565252318342515,-0.4402875315838273,1,train
1.1936448861782962,0.8344128190253151,2,train
0.39945125434704504,0.7635961328803627,2,train
-0.15364788210686212,-1.785804568337922,1,train
0.6405457497243892,1.4717629943298862,2,train
-1.841309349748271,-1.4033944631551794,1,train
-1.032933688777176,0.9193928423992579,2,train
-1.3591203589935827,0.0412659342018487,1,train
0.2434489338087635,1.9391531228865717,2,train
-1.3449383298537392,-0.21367413591997977,1,train
0.2009028463892322,0.9193928423992579,2,train
-0.46565252318342515,-0.05787742640108459,1,train
-0.15364788210686212,-1.4033944631551794,1,train
-0.6500189020013942,-1.6158445215900363,1,train
-0.8343852808193633,-0.04371408917209412,2,train
-1.1180258636162388,0.08375594588882011,1,train
0.1583567589697009,1.2451495986660386,2,train
-0.536562668882644,-1.4317211376131602,1,train
0.8816402451017333,1.4717629943298862,2,train
-1.7987632623287397,-0.3269808337519035,1,train
-0.13946585296701836,0.3670226904686295,2,train
-0.6500189020013942,0.012939259743867759,1,train
0.10162864241032579,0.3245326787816581,1,train
-0.7634751351201444,-1.006821020743446,1,train
0.2009028463892322,0.7211061211933912,2,train
-0.4372884649037376,-0.8935143229115223,1,train
-0.6358368728615504,-0.12869411254603694,1,train
-0.8911133973787383,0.650289435048439,2,train
0.31435907950798236,-1.1484543930333508,1,train
2.5551196836032983,0.9335561796282483,2,train
0.8816402451017333,0.5369827372165151,2,train
-0.8202032516795195,0.6786161095064198,1,train
-0.15364788210686212,-1.7008245449639792,1,train
-0.28128614436545607,-0.02955075194310365,2,train
0.5979996623048578,1.2168229242080577,2,train
0.044900525850950695,-0.8935143229115223,1,train
-0.8202032516795195,-0.610247578331713,1,train
1.0376425656400148,-0.015387414714113182,2,train
-1.6285789126506145,-1.006821020743446,1,train
0.12999270069001334,1.825846425054648,2,train
0.17253878810954465,-1.3184144397812365,1,train
1.0092785073603272,0.8344128190253151,2,train
-1.2031180384553013,-0.9643310090564747,1,train
-1.1463899218959261,0.4095127021556009,1,train
0.8674582159618895,0.4803293883005533,2,train
-0.7067470185607693,-0.4827775432707987,1,train
0.2009028463892322,-0.9501676718274842,1,train
0.31435907950798236,-0.04371408917209412,2,train
-1.4442125338326455,-1.9840912895437885,1,train
-0.30965020264514365,0.7494327956513722,1,train
-0.09691976554748703,-0.8085342995375795,1,train
0.654727778864233,0.08375594588882011,2,train
-0.7776571642599881,-0.7660442878506081,1,train
0.527089516605639,1.372619633726953,2,train
-0.09691976554748703,-0.7660442878506081,1,train
-0.5791087563021753,-0.6669009272476748,1,train
-0.9478415139381134,-1.6583345332770076,1,train
-0.5223806397428002,-0.100367438088056,1,train
0.6830918371439205,0.7777594701093531,2,train
-0.33801426092483117,-1.1484543930333508,1,train
1.8034721391915784,0.19706264372074386,2,train
-0.11110179468733081,-0.45445086881281777,2,train
1.5198315563947031,1.6275597038487815,2,train
0.7540019828431394,1.7550297389096956,2,train
0.27181299208845106,-1.8424579172538837,1,train
-0.8343852808193633,-1.941601277856817,1,train
0.0023544384314193763,0.6927794467354104,2,train
0.37108719606735746,-0.6385742527896938,2,train
0.7540019828431394,1.075189551918153,2,train
-1.1747539801756137,-1.3467411142392174,1,train
2.0020205471493915,1.3301296220399814,2,train
0.44199734176657635,-1.5025378237581126,1,train
0.8249121285423582,-0.08620410085906553,2,train
-1.401666446413114,-0.7802076250795986,1,train
0.18672081724938844,-2.0690713129177314,1,train
1.2503730027376714,0.7635961328803627,2,train
0.25763096294860727,0.650289435048439,2,train
-1.5009406503920206,-0.581920903873732,1,train
0.5412715457454828,0.25371599263670574,2,train
1.1936448861782962,0.6786161095064198,2,train
0.7965480702626707,0.08375594588882011,2,train
1.6616518477931408,2.3923799142142665,2,train
0.31435907950798236,1.075189551918153,2,train
0.7256379245634518,1.8966631111996002,2,train
-0.3805603483443625,-0.6669009272476748,1,train
-0.536562668882644,-0.2420008103779607,1,train
0.7256379245634518,1.5709063549328195,2,train
-1.2456641258748327,-0.581920903873732,1,train
1.2361909735978276,0.8627394934832959,2,train
-1.9264015245873338,-1.1767810674913317,1,train
-1.7987632623287397,-0.581920903873732,1,train
0.5838176331650141,0.6361260978194484,2,train
-0.8202032516795195,-2.1115613246047027,1,train
-0.06855570726779948,1.4859263315588767,2,train
0.8532761868220458,0.7494327956513722,2,train
0.01653646757126315,1.3018029475820005,2,train
0.839094157682202,0.9052295051702673,2,train
-1.1747539801756137,-0.41196085712584635,1,train
-0.7351110768404568,-0.27032748483594166,1,train
0.28599502122829484,-0.36947084543887493,2,train
-0.5081986106029565,-1.4742111493001315,1,train
1.4914674981150156,-0.3269808337519035,2,train
1.1085527113392337,-0.7093909389346462,2,train
-0.8202032516795195,-0.341144170980894,1,train
-0.6500189020013942,-0.07204076363007506,1,train
0.7965480702626707,0.14040929480478198,2,train
-0.6642009311412379,-1.0351476952014271,1,train
0.10162864241032579,0.5086560627585343,2,train
-0.25292208608576855,-0.8085342995375795,1,train
-0.848567309959207,-1.516701160987103,1,train
-1.0896618053365512,-0.9076776601405128,1,train
-0.5932907854420191,2.1940931930084,2,train
1.9452924305900163,-0.4827775432707987,2,train
-0.8911133973787383,0.8627394934832959,1,train
1.831836197471266,0.45200271384257235,2,train
-0.45147049404358136,-1.2051077419493126,1,train
-0.46565252318342515,-0.3128174965229131,1,train
-0.5081986106029565,-0.11453077531704647,1,train
-1.4583945629724893,-0.7093909389346462,1,train
-0.6500189020013942,-1.9132746033988361,1,train
1.09437068219939,0.43783937661358185,2,train
1.6616518477931408,-0.4402875315838273,2,train
-0.8343852808193633,0.3386960160106486,2,train
0.6405457497243892,0.6361260978194484,2,train
1.1085527113392337,1.046862877460172,2,train
1.1794628570384524,0.8769028307122865,2,train
0.5979996623048578,0.9477195168572388,2,train
-1.7420351457693648,0.0412659342018487,1,train
-0.6642009311412379,-1.8849479289408553,1,train
1.8885643140306412,0.9760461913152197,2,train
0.07326458413063824,-0.5535942294157511,1,train
-1.288210213294364,-0.9501676718274842,1,train
-1.103843834476395,-2.02658130123076,1,train
1.0518245947798586,-0.7943709623085891,1,train
1.0518245947798586,1.2168229242080577,2,train
-1.3733023881334265,0.7211061211933912,2,train
-1.727853116629521,-1.3750677886971983,1,train
1.023460536500171,-0.07204076363007506,2,train
0.5554535748853265,0.16873596926276294,1,train
-1.1322078927560826,-0.341144170980894,1,train
-0.1678299112467059,-0.8510243112245509,1,train
1.8743822848907974,1.1176795636051244,2,train
0.34272313778766994,1.0610262146891625,2,train
0.8107300994025144,-0.3128174965229131,2,train
-1.656942970930302,-0.05787742640108459,1,train
0.35690516692751373,0.14040929480478198,2,train
-1.3307563007138954,-1.3042511025522459,1,train
1.0660066239197024,0.593636086132477,2,train
0.22926690466891975,1.7408664016807052,2,train
-0.7492931059803006,-1.516701160987103,1,train
-0.49401658146311267,-0.5535942294157511,1,train
0.8249121285423582,0.8627394934832959,2,train
0.2434489338087635,-0.3269808337519035,2,train
-0.224558027806081,-1.1342910558043604,1,train
-1.91221949544749,-0.42612419435483684,1,train
-0.5649267271623315,-1.063474369659408,1,train
0.7398199537032956,0.15457263203377247,2,train
-1.0612977470568636,0.3245326787816581,1,train
0.05908255499079447,0.5794727489034865,2,train
0.6972738662837643,0.8769028307122865,2,train
-1.727853116629521,-1.6724978705059983,1,train
-0.9194774556584259,-1.2475977536362841,1,train
1.0660066239197024,-0.19951079869098928,2,train
1.278737061017359,0.9618828540862293,2,train
-1.16057195103577,-1.2192710791783032,1,train
1.8460182266111098,-0.17118412423300836,2,train
0.8816402451017333,0.5369827372165151,2,train
0.6972738662837643,1.4434363198719053,2,train
0.10162864241032579,-1.1626177302623413,1,train
-0.7209290477006131,-0.18534746146199882,2,train
1.8885643140306412,0.28204266709468667,2,train
-0.5932907854420191,0.23955265540771528,1,train
-1.472576592112333,-0.1428574497750274,1,train
-1.656942970930302,-1.006821020743446,1,train
-0.40892440662405005,-1.2900877653232554,1,train
0.18672081724938844,-0.9218409973695033,1,train
-0.36637831920451874,-0.4969408804997892,1,train
-0.848567309959207,-0.8935143229115223,1,train
-0.7351110768404568,-0.21367413591997977,2,train
0.6405457497243892,-0.27032748483594166,1,train
-0.9194774556584259,-0.4969408804997892,1,train
-0.04019164898811194,-0.07204076363007506,2,train
-0.848567309959207,-0.4686142060418082,1,train
0.37108719606735746,-0.02955075194310365,2,train
0.25763096294860727,-0.8085342995375795,2,train
1.9594744597298601,1.1460062380631053,2,train
-0.8769313682388945,-1.0918010441173889,1,train
1.463103439835328,-0.015387414714113182,2,train
-1.3023922424342078,-0.610247578331713,1,train
-0.5932907854420191,-1.275924428094265,1,train
1.8885643140306412,-0.19951079869098928,2,train
-0.8769313682388945,-0.3128174965229131,1,train
0.37108719606735746,0.12624595757579152,2,train
-0.9052954265185821,-1.063474369659408,1,train
-1.032933688777176,-0.9784943462854652,1,train
0.8107300994025144,0.7494327956513722,2,train
-0.7351110768404568,-1.006821020743446,1,train
0.9383683616611084,-0.100367438088056,2,train
1.0801886530595461,0.28204266709468667,2,train
0.11581067155016957,-1.6300078588190268,1,train
1.20782691531814,-0.6385742527896938,2,train
1.0660066239197024,2.4773599375882096,2,train
-1.2314820967349889,-0.5535942294157511,1,train
0.18672081724938844,-1.9840912895437885,1,train
0.7398199537032956,1.2451495986660386,2,train
-1.3023922424342078,-0.7093909389346462,1,train
0.654727778864233,0.5086560627585343,1,train
-0.4372884649037376,1.2876396103530101,2,train
0.7965480702626707,0.22538931817872482,2,train
1.0518245947798586,1.2168229242080577,2,train
1.20782691531814,0.012939259743867759,2,train
-0.40892440662405005,1.2451495986660386,2,train
-0.5223806397428002,-1.6300078588190268,1,train
1.4914674981150156,-0.41196085712584635,2,train
0.1583567589697009,0.29620600432367716,2,train
0.7398199537032956,0.7919228073383436,2,train
-0.7351110768404568,-0.7943709623085891,1,train
-1.2456641258748327,-0.2986541592939226,1,train
-0.9478415139381134,0.14040929480478198,1,train
1.1369167696189213,-0.19951079869098928,2,train
1.2220089444579838,1.0610262146891625,2,train
0.12999270069001334,1.9958064718025337,2,train
0.8958222742415771,0.4236760393845914,2,train
-0.49401658146311267,-0.6952276017056558,1,train
-1.4583945629724893,0.39534936492661044,1,train
0.44199734176657635,0.16873596926276294,2,train
-2.0682218159857717,-0.6527375900186844,1,train
0.8107300994025144,1.0610262146891625,2,train
-1.103843834476395,0.26787932986569624,1,train
1.4347393815556404,0.8485761562543055,2,train
-0.8060212225396757,-0.1570207870040179,2,train
1.1936448861782962,1.2168229242080577,2,train
-0.1252838238271746,-0.19951079869098928,2,train
-1.0045696304974885,-0.8085342995375795,1,train
1.1936448861782962,-0.6527375900186844,2,train
-1.3733023881334265,-1.063474369659408,1,train
0.8532761868220458,0.19706264372074386,2,train
-0.8769313682388945,-1.9557646150858077,1,train
-1.9689476120068652,-0.02955075194310365,1,train
-0.7067470185607693,-1.7433145566509505,1,train
1.1085527113392337,0.31036934155266765,2,train
0.42781531262673256,2.1516031813214287,2,train
0.9809144490806397,1.528416343245848,2,train
-2.5078647193209282,-0.3269808337519035,1,train
1.4063753232759528,0.5794727489034865,2,train
0.654727778864233,1.4859263315588767,2,train
0.8107300994025144,1.641723041077772,2,train
0.654727778864233,1.075189551918153,2,train
-0.7634751351201444,-1.8991112661698457,1,train
0.8532761868220458,0.5511460744455057,2,train
-0.9336594847982697,-1.2617610908652745,1,train
-1.5293047086717082,-1.8141312427959029,1,train
1.5623776438142345,1.2451495986660386,2,train
0.044900525850950695,2.3640532397562857,2,train
-1.1180258636162388,-1.063474369659408,1,train
0.9525503908009522,0.7635961328803627,2,train
-0.29546817350529986,0.4803293883005533,2,train
-0.7209290477006131,-1.488374486529122,1,train
1.1227347404790775,1.8116830878256576,2,train
-0.33801426092483117,-2.02658130123076,1,train
-0.5507446980224878,-0.8793509856825319,1,train
0.9100043033814209,0.25371599263670574,2,train
0.10162864241032579,-0.41196085712584635,2,train
-0.6358368728615504,-0.3269808337519035,1,train
1.3212831484368903,0.352859353239639,2,train
-0.6925649894209255,-0.6669009272476748,1,train
-1.1747539801756137,-0.9784943462854652,1,train
0.5412715457454828,-0.3128174965229131,2,train
1.463103439835328,-0.22783747314897024,2,train
1.0801886530595461,0.9052295051702673,2,train
-1.217300067595145,0.19706264372074386,1,train
2.1722048968275165,1.103516226376134,2,train
-0.2103759986662372,-1.2192710791783032,1,train
-0.7492931059803006,-1.7008245449639792,1,train
-0.49401658146311267,-1.5733545099030648,1,train
-0.1252838238271746,0.6786161095064198,2,train
-0.6925649894209255,-1.3609044514682078,1,train
1.2645550318775152,1.1460062380631053,2,train
-0.6783829602810817,-0.35530750820988444,1,train
0.9100043033814209,1.0610262146891625,2,train
-0.3238322317849874,0.28204266709468667,2,train
-0.011827590708424396,-0.8085342995375795,1,train
-0.1678299112467059,-1.1201277185753697,1,train
0.527089516605639,-0.08620410085906553,1,train
-0.8202032516795195,-1.545027835445084,1,train
0.47036140004626387,1.1318429008341149,2,train
0.6263637205845454,-0.41196085712584635,2,train
0.42781531262673256,0.012939259743867759,2,train
0.35690516692751373,0.5653094116744961,2,train
-0.25292208608576855,-1.460047812071141,1,train
0.42781531262673256,0.9052295051702673,2,train
0.10162864241032579,0.7352694584223818,2,train
1.902746343170485,1.4859263315588767,2,train
-1.2456641258748327,-0.41196085712584635,1,train
-0.30965020264514365,-1.0209843579724365,1,train
-1.3733023881334265,-2.380664731955522,1,train
0.6121816914447016,-2.0407446384597505,1,train
-0.6216548437217067,0.9760461913152197,2,train
-1.5576687669513956,0.22538931817872482,1,train
-0.04019164898811194,-0.9076776601405128,2,train
0.6689098080040767,0.7777594701093531,2,train
1.902746343170485,-0.11453077531704647,2,train
0.10162864241032579,-0.4827775432707987,2,train
-0.8202032516795195,-0.6244109155607034,1,train
0.08744661327048202,0.23955265540771528,2,train
-0.7351110768404568,-0.9926576835144556,1,train
0.9525503908009522,-0.5252675549577701,2,train
-0.7918391933998319,-1.7433145566509505,1,train
0.9241863325212646,-1.063474369659408,1,train
-0.848567309959207,-0.45445086881281777,1,train
-0.2103759986662372,-1.0209843579724365,1,train
0.9950964782204835,0.49449272552954376,2,train
0.5554535748853265,0.5511460744455057,2,train
0.49872545832595144,0.5369827372165151,2,train
0.12999270069001334,0.8202494817963245,1,train
-0.40892440662405005,0.9618828540862293,2,train
-0.35219629006467496,-1.7149878821929696,1,train
0.30017705036813863,0.05542927143083917,2,train
-0.848567309959207,-0.07204076363007506,1,train
-1.4442125338326455,0.027102596972858228,1,train
-1.5293047086717082,-1.460047812071141,1,train
1.2361909735978276,0.49449272552954376,2,train
1.831836197471266,0.5794727489034865,2,train
0.03071849671110692,0.3386960160106486,2,train
-1.8980374663076462,-1.2617610908652745,1,train
0.48454342918610765,0.11208262034680105,2,train
0.34272313778766994,1.1743329125210864,2,train
-2.280952253083428,-0.8368609739955605,1,train
-1.8980374663076462,-0.9076776601405128,1,train
-0.15364788210686212,0.3670226904686295,2,train
-0.2103759986662372,-1.275924428094265,1,train
-0.28128614436545607,-0.8085342995375795,1,train
0.34272313778766994,-1.6724978705059983,1,train
-0.8202032516795195,-0.9926576835144556,1,train
0.34272313778766994,0.3670226904686295,1,train
-0.7067470185607693,-1.0776377068883984,1,train
1.2645550318775152,0.45200271384257235,2,train
-0.23874005694592476,0.11208262034680105,1,train
1.5481956146743907,0.05542927143083917,2,train
0.22926690466891975,-1.1201277185753697,1,train
0.22926690466891975,-0.7660442878506081,1,train
0.9525503908009522,2.2932365536113335,2,train
-0.3805603483443625,1.0326995402311816,2,train
-1.0612977470568636,-0.7660442878506081,1,train
2.0162025762892353,0.08375594588882011,2,train
-0.6358368728615504,-0.6244109155607034,1,train
-0.7492931059803006,0.26787932986569624,1,train
-0.04019164898811194,0.31036934155266765,2,train
0.11581067155016957,0.7494327956513722,2,train
-0.8060212225396757,-1.3609044514682078,1,train
-2.082403845125615,0.25371599263670574,1,train
0.527089516605639,0.08375594588882011,1,train
0.18672081724938844,-1.1342910558043604,1,train
1.831836197471266,-0.015387414714113182,2,train
0.32854110864782615,0.7069427839644008,2,train
-1.8696734080279587,-1.1767810674913317,1,train
0.41363328348688877,0.9618828540862293,2,train
-0.15364788210686212,-1.8991112661698457,1,train
1.5198315563947031,1.9108264484285908,2,train
-0.224558027806081,2.6614833215650857,2,train
1.1652808278986089,0.5228193999875247,2,train
1.09437068219939,0.9902095285442102,2,train
0.37108719606735746,1.103516226376134,2,train
1.278737061017359,1.5142530060168575,2,train
2.030384605429079,0.6077994233614675,2,train
0.48454342918610765,1.4434363198719053,2,train
-1.5860328252310831,-1.7433145566509505,1,train
0.2009028463892322,0.06959260865982964,2,train
-1.841309349748271,-0.22783747314897024,1,train
-1.9264015245873338,-0.7802076250795986,1,train
1.6191057603736094,0.09791928311781058,2,train
-3.0467818266349918,0.14040929480478198,1,train
1.0801886530595461,0.8910661679412769,2,train
-0.28128614436545607,0.26787932986569624,2,train
0.9383683616611084,0.4661660510715628,2,train
-0.42310643576389384,0.06959260865982964,2,train
1.0092785073603272,0.14040929480478198,2,train
0.8958222742415771,1.2876396103530101,2,train
-1.5009406503920206,-0.5111042177287797,1,train
0.22926690466891975,1.1176795636051244,2,train
-0.36637831920451874,0.7494327956513722,1,train
0.7965480702626707,0.6361260978194484,2,train
0.10162864241032579,0.26787932986569624,2,train
0.39945125434704504,0.25371599263670574,2,train
0.38526922520720125,-1.0209843579724365,1,train
-0.4798345523232689,-0.07204076363007506,1,train
-1.0754797761967074,-0.22783747314897024,1,train
-0.6216548437217067,-0.7802076250795986,1,train
0.39945125434704504,-0.08620410085906553,2,train
0.527089516605639,0.21122598094973433,2,train
-0.11110179468733081,-0.3836341826678654,1,train
-1.2598461550146764,-0.25616414760695116,1,train
0.2009028463892322,2.2365832046953718,2,train
0.10162864241032579,0.9335561796282483,2,train
0.10162864241032579,-1.0918010441173889,1,train
-0.9194774556584259,0.31036934155266765,1,train
0.10162864241032579,-0.42612419435483684,2,train
-0.6783829602810817,0.7494327956513722,1,train
0.2434489338087635,1.6700497155357528,2,train
-0.9336594847982697,-0.9784943462854652,1,train
0.1583567589697009,0.26787932986569624,2,train
-1.6143968835107707,-0.8226976367665699,1,train
-1.2031180384553013,-0.9360043345984937,1,train
-0.9194774556584259,-2.0124179640017696,1,train
-0.42310643576389384,-1.0351476952014271,1,train
-0.7776571642599881,-0.9360043345984937,1,train
-0.28128614436545607,-0.08620410085906553,2,train
0.6263637205845454,1.825846425054648,2,train
1.2929190901572027,-1.4033944631551794,1,train
0.527089516605639,-0.7377176133926272,1,train
-0.33801426092483117,0.39534936492661044,1,train
-1.0896618053365512,0.027102596972858228,1,train
-0.2103759986662372,0.9902095285442102,2,train
0.18672081724938844,-0.11453077531704647,2,train
-1.727853116629521,-1.2051077419493126,1,train
0.6689098080040767,-0.9784943462854652,1,train
-0.7351110768404568,-1.8424579172538837,1,train
0.8674582159618895,1.3867829709559434,2,train
0.37108719606735746,-0.07204076363007506,2,train
0.25763096294860727,0.5511460744455057,2,train
1.8034721391915784,2.009969809031524,2,train
-1.8554913788881149,0.25371599263670574,1,train
0.6972738662837643,1.1884962497500768,2,train
-0.7351110768404568,-0.1428574497750274,1,train
0.32854110864782615,0.352859353239639,2,train
-0.04019164898811194,0.8202494817963245,2,train
0.8532761868220458,0.5228193999875247,2,train
-0.5081986106029565,-0.7660442878506081,1,train
0.34272313778766994,-0.2420008103779607,2,train
0.18672081724938844,-1.0493110324304176,1,train
2.0162025762892353,1.2026595869790673,2,train
0.8249121285423582,0.6077994233614675,2,train
-0.6925649894209255,-0.08620410085906553,2,train
1.775108080911891,0.3245326787816581,2,train
1.7041979352126722,0.5653094116744961,2,train
0.9100043033814209,2.094949832405467,2,train
1.8034721391915784,0.9618828540862293,2,train
0.8958222742415771,0.22538931817872482,2,train
-1.0045696304974885,-0.581920903873732,1,train
0.28599502122829484,-0.02955075194310365,2,train
-0.5507446980224878,-0.7093909389346462,1,train
0.7965480702626707,1.8824997739706097,2,train
1.7041979352126722,-1.2334344164072937,2,train
0.28599502122829484,1.1176795636051244,2,train
0.30017705036813863,-1.6583345332770076,1,train
-1.6853070292099896,-0.42612419435483684,1,train
-0.18201194038654966,-1.1626177302623413,1,train
0.9241863325212646,0.7635961328803627,2,train
-1.4300305046928017,-0.3128174965229131,1,train
-1.4583945629724893,-1.0209843579724365,1,train
-0.7918391933998319,-1.4317211376131602,1,train
-1.3307563007138954,0.7919228073383436,1,train
1.335465177576734,-0.4827775432707987,1,train
-0.976205572217801,-1.2900877653232554,1,train
0.05908255499079447,-0.9076776601405128,1,train
-1.288210213294364,-1.006821020743446,1,train
1.1794628570384524,-0.19951079869098928,2,train
0.7540019828431394,-1.1484543930333508,1,train
-0.33801426092483117,-1.4033944631551794,1,train
-1.032933688777176,-1.1484543930333508,1,train
0.17253878810954465,-0.7518809506216176,1,train
0.215084875529076,-0.6669009272476748,1,train
-1.8838554371678025,-0.35530750820988444,1,train
1.7041979352126722,0.4095127021556009,2,train
-1.5009406503920206,-2.1965413479786458,1,train
0.654727778864233,0.0412659342018487,2,train
1.8460182266111098,-1.0209843579724365,1,train
-0.7209290477006131,-0.18534746146199882,1,train
0.17253878810954465,1.1743329125210864,2,train
-1.0045696304974885,-0.1570207870040179,1,train
0.839094157682202,0.0412659342018487,2,train
-0.6358368728615504,-1.0918010441173889,1,train
-0.30965020264514365,-0.9926576835144556,1,train
0.41363328348688877,0.8060861445673341,2,train
-1.5009406503920206,-1.7433145566509505,1,train
0.8958222742415771,-1.998254626772779,1,train
0.7823660411228269,0.8485761562543055,2,train
-0.224558027806081,0.7919228073383436,2,train
0.18672081724938844,0.31036934155266765,2,train
-1.8696734080279587,0.23955265540771528,1,train
-1.4442125338326455,-1.0493110324304176,1,train
-1.727853116629521,0.027102596972858228,1,train
-0.05437367812795572,1.0893528891471436,2,train
0.8816402451017333,0.8344128190253151,2,train
-0.6074728145818629,-0.3128174965229131,1,train
-1.2456641258748327,-1.5733545099030648,1,train
0.5696356040251703,0.8344128190253151,2,train
-0.8060212225396757,-0.0012240774851227116,1,train
0.2434489338087635,0.6077994233614675,2,train
1.2503730027376714,1.8400097622836384,2,train
-1.5860328252310831,-1.8424579172538837,1,train
-1.2598461550146764,-1.1484543930333508,1,train
-1.1889360093154575,1.075189551918153,1,train
0.9383683616611084,1.6842130527647432,2,train
-0.5223806397428002,-0.6952276017056558,1,train
0.044900525850950695,-1.3184144397812365,1,train
-0.9194774556584259,-2.0124179640017696,1,train
0.6405457497243892,1.528416343245848,2,train
1.4347393815556404,0.3386960160106486,2,train
-0.536562668882644,0.5794727489034865,1,train
-0.11110179468733081,-0.9218409973695033,1,train
1.534013585534547,1.1743329125210864,2,train
-0.08273773640764326,0.9052295051702673,2,train
-0.9194774556584259,0.027102596972858228,2,train
-2.3234983405029594,-0.7660442878506081,1,train
0.41363328348688877,0.11208262034680105,1,train
-0.25292208608576855,0.8344128190253151,2,train
-0.3238322317849874,-0.6669009272476748,1,train
0.1583567589697009,0.7494327956513722,1,train
-0.3805603483443625,-0.12869411254603694,1,train
-0.04019164898811194,-0.9076776601405128,1,train
0.7398199537032956,0.8060861445673341,2,train
-1.5293047086717082,-0.8793509856825319,1,train
-0.1678299112467059,-0.9218409973695033,1,train
0.37108719606735746,1.1884962497500768,2,train
-2.3234983405029594,-0.1428574497750274,1,train
2.030384605429079,0.6077994233614675,2,train
-0.9194774556584259,-0.8510243112245509,1,train
0.7256379245634518,-0.18534746146199882,2,train
0.5554535748853265,0.09791928311781058,1,train
-0.5507446980224878,-1.8141312427959029,1,train
0.28599502122829484,0.0412659342018487,2,train
-0.5932907854420191,0.6361260978194484,2,train
-1.032933688777176,-0.6810642644766652,1,train
0.654727778864233,0.4661660510715628,2,train
0.48454342918610765,0.39534936492661044,2,train
0.7823660411228269,0.5228193999875247,1,train
-1.0187516596373323,-0.341144170980894,1,train
-1.0754797761967074,-0.18534746146199882,1,train
-0.536562668882644,-0.36947084543887493,1,train
0.654727778864233,-1.2192710791783032,1,train
-1.8554913788881149,-0.8793509856825319,1,train
0.6121816914447016,1.0610262146891625,2,train
0.30017705036813863,0.7777594701093531,2,train
-1.6427609417904583,-0.9360043345984937,1,train
1.2645550318775152,1.6558863783067623,2,train
1.4347393815556404,0.6361260978194484,2,train
1.8602002557509536,-0.04371408917209412,2,train
-1.0045696304974885,-1.332577777010227,1,train
-0.4798345523232689,-1.4742111493001315,1,train
0.11581067155016957,-0.9926576835144556,1,train
-0.46565252318342515,-1.0209843579724365,1,train
1.278737061017359,1.2876396103530101,2,train
0.966732419940796,1.1884962497500768,2,train
-0.28128614436545607,-0.25616414760695116,1,train
1.2929190901572027,0.5369827372165151,2,train
0.5129074874657952,1.0043728657732007,2,train
0.17253878810954465,1.2026595869790673,2,train
-0.6216548437217067,-0.22783747314897024,1,train
0.215084875529076,-0.9360043345984937,2,train
1.1227347404790775,1.046862877460172,2,train
-1.2598461550146764,-0.12869411254603694,1,train
-0.7351110768404568,-1.0209843579724365,1,train
0.44199734176657635,1.528416343245848,2,train
0.5412715457454828,1.7833564133676765,2,train
-1.472576592112333,-0.7518809506216176,1,train
0.654727778864233,1.2734762731240197,2,train
-0.011827590708424396,-1.0776377068883984,1,train
0.38526922520720125,-0.7660442878506081,2,train
-0.7634751351201444,-0.5394308921867605,1,train
0.8107300994025144,-0.015387414714113182,2,train
-0.5507446980224878,-0.0012240774851227116,1,train
0.215084875529076,0.4095127021556009,1,train
-1.5293047086717082,-0.7235542761636367,1,train
0.28599502122829484,1.2451495986660386,2,train
-1.1322078927560826,-0.18534746146199882,1,train
-0.7492931059803006,-1.1484543930333508,1,train
-0.6925649894209255,1.0893528891471436,2,train
0.7398199537032956,0.08375594588882011,2,train
0.7681840119829831,-0.5252675549577701,2,train
0.8674582159618895,1.4151096454139243,2,train
1.1794628570384524,1.1176795636051244,2,train
0.1441747298298571,0.7777594701093531,1,train
-0.3805603483443625,-0.4827775432707987,1,train
-1.288210213294364,0.25371599263670574,1,train
0.18672081724938844,-0.21367413591997977,2,train
-0.45147049404358136,-0.8226976367665699,2,train
0.12999270069001334,-0.6244109155607034,1,train
-0.9194774556584259,0.1828993064917534,1,train
-0.1252838238271746,0.593636086132477,2,train
-0.33801426092483117,-1.8424579172538837,1,train
0.044900525850950695,-1.2051077419493126,1,train
-0.9620235430779572,-0.6669009272476748,1,train
1.2220089444579838,0.08375594588882011,2,train
-0.7634751351201444,-0.8085342995375795,1,train
0.47036140004626387,-0.7377176133926272,1,train
0.30017705036813863,0.26787932986569624,2,train
-0.09691976554748703,-0.9076776601405128,2,train
0.7681840119829831,1.556743017703829,2,train
-0.19619396952639345,-1.5591911726740744,1,train
0.9525503908009522,0.1828993064917534,2,train
-0.35219629006467496,0.09791928311781058,2,train
-0.6500189020013942,3.242180147953695,2,train
-0.7492931059803006,-0.5677575666447415,1,train
-0.6216548437217067,-1.1201277185753697,1,train
-1.7703992040490522,-0.5111042177287797,1,train
2.9663985286587677,1.2309862614370481,2,train
1.2645550318775152,1.4859263315588767,2,train
0.044900525850950695,1.1176795636051244,2,train
0.10162864241032579,-0.8510243112245509,1,train
0.42781531262673256,0.5511460744455057,2,train
-1.0045696304974885,0.621962760590458,1,train
-1.1889360093154575,0.05542927143083917,1,train
-1.3733023881334265,0.05542927143083917,1,train
-1.16057195103577,-1.2192710791783032,1,train
0.41363328348688877,1.5425796804748386,2,train
0.9950964782204835,0.0412659342018487,2,train
-0.7634751351201444,-0.39779751989685586,1,train
0.9950964782204835,1.5425796804748386,2,train
0.11581067155016957,1.075189551918153,2,train
-2.3944084862021784,-1.1484543930333508,1,train
0.8107300994025144,1.3442929592689719,2,train
0.7681840119829831,0.621962760590458,2,train
1.4914674981150156,0.9902095285442102,2,train
-1.0187516596373323,-1.8849479289408553,1,train
0.28599502122829484,0.9335561796282483,2,train
-0.2103759986662372,-0.7235542761636367,2,train
-0.6216548437217067,0.22538931817872482,1,train
0.7398199537032956,1.9249897856575813,2,train
-0.8060212225396757,0.650289435048439,2,train
2.413299392204861,0.352859353239639,2,train
-0.8911133973787383,-0.8226976367665699,1,train
-1.3591203589935827,-0.581920903873732,1,train
0.35690516692751373,3.143036787350762,2,train
-0.35219629006467496,-2.0690713129177314,1,train
-0.976205572217801,-1.6441711960480172,1,train
0.7540019828431394,-0.5394308921867605,2,train
-1.401666446413114,-0.5677575666447415,1,train
-0.40892440662405005,-0.9643310090564747,1,train
0.7823660411228269,1.0893528891471436,2,train
0.6263637205845454,0.8627394934832959,2,train
2.654393887582205,0.6927794467354104,2,train
0.39945125434704504,0.09791928311781058,1,train
-0.5791087563021753,-0.12869411254603694,1,train
-0.7209290477006131,-2.805564848825236,1,train
1.1936448861782962,0.38118602769762,2,train
0.44199734176657635,1.0893528891471436,2,train
0.7965480702626707,0.7211061211933912,2,train
-0.1678299112467059,0.23955265540771528,2,train
-0.45147049404358136,-1.0209843579724365,1,train
-0.26710411522561234,-0.6385742527896938,1,train
-0.29546817350529986,-0.4686142060418082,1,train
0.41363328348688877,0.352859353239639,2,train
0.7965480702626707,0.5794727489034865,2,train
-1.472576592112333,0.3670226904686295,1,train
1.6758338769329846,-0.2986541592939226,2,train
-0.39474237748420626,1.0185362030021912,2,train
-0.13946585296701836,0.3386960160106486,2,train
2.101294751128298,0.7352694584223818,2,train
-1.9547655828670214,-0.7093909389346462,1,train
0.654727778864233,0.1828993064917534,2,train
0.9950964782204835,0.7211061211933912,2,train
0.1583567589697009,-2.479808092558455,1,train
1.2645550318775152,1.5142530060168575,2,train
-0.2103759986662372,-1.757477893879941,1,train
-1.0045696304974885,-0.27032748483594166,1,train
-0.11110179468733081,-0.5394308921867605,1,train
-2.351862398782647,-0.8085342995375795,1,train
-1.543486737811552,0.15457263203377247,1,train
0.9383683616611084,-0.8651876484535413,1,train
-1.8696734080279587,-1.4742111493001315,1,train
-1.5576687669513956,-0.5252675549577701,1,train
-0.9194774556584259,-0.581920903873732,1,train
0.03071849671110692,-0.19951079869098928,1,train
0.41363328348688877,-0.100367438088056,2,train
-1.7136710874896772,-1.3467411142392174,1,train
-0.19619396952639345,-0.7518809506216176,1,train
-0.45147049404358136,0.621962760590458,1,train
0.5554535748853265,-0.08620410085906553,2,train
-0.2103759986662372,0.5086560627585343,1,train
-0.6074728145818629,0.19706264372074386,1,train
0.12999270069001334,-1.2192710791783032,1,train
0.5554535748853265,0.5086560627585343,2,train
0.49872545832595144,0.4095127021556009,2,train
1.0518245947798586,0.23955265540771528,2,train
1.3212831484368903,0.5653094116744961,2,train
-0.35219629006467496,-0.07204076363007506,2,train
-0.7067470185607693,0.16873596926276294,1,train
0.01653646757126315,1.3301296220399814,2,train
0.8107300994025144,1.1318429008341149,2,train
-0.7492931059803006,-0.3836341826678654,1,train
0.6263637205845454,0.5653094116744961,2,train
1.6900159060728284,2.0241331462605143,2,train
-0.23874005694592476,-0.7093909389346462,1,train
-0.6642009311412379,-0.100367438088056,1,train
1.0376425656400148,2.5340132865041713,2,train
-0.8060212225396757,-0.5535942294157511,1,train
-0.5791087563021753,0.8344128190253151,2,train
0.6689098080040767,0.621962760590458,2,train
-1.415848475552958,-2.02658130123076,1,train
1.2220089444579838,-0.015387414714113182,2,train
-0.6216548437217067,-0.45445086881281777,1,train
0.18672081724938844,0.15457263203377247,1,train
-0.11110179468733081,1.6983763899937336,2,train
1.8602002557509536,1.046862877460172,2,train
1.647469818653297,-0.341144170980894,2,train
-0.29546817350529986,-0.27032748483594166,1,train
-1.472576592112333,-1.601681184361046,1,train
-0.6074728145818629,-0.8793509856825319,1,train
-1.0612977470568636,-0.4402875315838273,1,train
1.7609260517720473,0.027102596972858228,2,train
-0.3238322317849874,1.2309862614370481,2,train
2.1863869259673603,0.6644527722774294,2,train
1.6191057603736094,-0.6244109155607034,2,train
2.5976657710228297,1.6842130527647432,2,train
0.05908255499079447,0.22538931817872482,2,train
0.07326458413063824,-0.42612419435483684,2,train
-0.7351110768404568,-1.2475977536362841,1,train
-1.4583945629724893,-0.04371408917209412,1,train
0.45617937090642013,1.58506969216181,2,train
-0.976205572217801,-1.5025378237581126,1,train
-0.05437367812795572,-0.07204076363007506,2,train
-0.6925649894209255,-0.5252675549577701,1,train
0.5696356040251703,1.2309862614370481,2,train
1.278737061017359,1.3018029475820005,2,train
-1.600214854370927,-1.8707845917118648,1,train
-0.33801426092483117,0.8202494817963245,2,train
0.8674582159618895,1.0326995402311816,2,train
0.966732419940796,2.1091131696344574,2,train
0.25763096294860727,1.7408664016807052,2,train
-0.976205572217801,-0.5960842411027225,1,train
-1.0045696304974885,-1.5308644982160935,1,train
0.0023544384314193763,-0.5111042177287797,1,train
-0.39474237748420626,0.09791928311781058,1,train
-0.7634751351201444,-0.45445086881281777,1,train
1.3780112649962655,1.2593129358950292,2,train
-0.8769313682388945,-1.2334344164072937,1,train
-0.26710411522561234,-0.5677575666447415,1,train
-1.0754797761967074,-1.2192710791783032,1,train
1.5198315563947031,-0.015387414714113182,2,train
-1.032933688777176,-1.9699279523147981,1,train
0.2009028463892322,-0.9501676718274842,1,train
1.0092785073603272,0.9902095285442102,2,train
0.527089516605639,0.4803293883005533,2,train
-0.1252838238271746,0.49449272552954376,1,train
-0.6642009311412379,-0.4686142060418082,1,train
-0.11110179468733081,-1.006821020743446,1,train
0.39945125434704504,-1.0918010441173889,1,train
-1.3023922424342078,-0.5960842411027225,1,train
0.07326458413063824,1.2168229242080577,2,train
-1.1747539801756137,-0.9926576835144556,1,train
-0.7209290477006131,0.09791928311781058,1,train
1.6900159060728284,0.5086560627585343,2,train
1.6332877895134532,1.9249897856575813,2,train
-0.6925649894209255,-0.7235542761636367,1,train
-0.06855570726779948,-1.72915121942196,1,train
0.9100043033814209,0.0412659342018487,2,train
-0.19619396952639345,-2.3948280691845123,1,train
-1.0187516596373323,0.5086560627585343,2,train
0.42781531262673256,1.4151096454139243,2,train
0.5979996623048578,1.3584562964979625,2,train
-0.1252838238271746,-1.3892311259261887,1,train
1.5765596729540783,0.6077994233614675,2,train
1.4347393815556404,0.7069427839644008,2,train
0.7681840119829831,1.3301296220399814,2,train
0.8816402451017333,-0.07204076363007506,1,train
1.1227347404790775,-0.4969408804997892,2,train
-0.9052954265185821,-0.3836341826678654,1,train
-0.5791087563021753,-0.6527375900186844,1,train
1.023460536500171,0.43783937661358185,2,train
-0.7067470185607693,-0.7093909389346462,1,train
0.7398199537032956,0.9760461913152197,2,train
-1.3449383298537392,0.23955265540771528,1,train
-1.1180258636162388,-0.05787742640108459,1,train
-0.224558027806081,-0.39779751989685586,1,train
1.8602002557509536,-0.2420008103779607,2,train
0.6405457497243892,0.43783937661358185,2,train
-0.5791087563021753,-0.6244109155607034,1,train
1.2929190901572027,0.5369827372165151,2,validate
0.6689098080040767,0.6361260978194484,2,validate
1.392193294136109,0.5369827372165151,2,validate
0.2434489338087635,-0.9076776601405128,1,validate
-0.02600961984826817,1.2734762731240197,2,validate
0.0023544384314193763,0.09791928311781058,1,validate
-1.7136710874896772,-0.581920903873732,1,validate
-0.7918391933998319,-1.1059643813463793,1,validate
-0.08273773640764326,-0.05787742640108459,2,validate
0.5979996623048578,0.9335561796282483,2,validate
-0.4372884649037376,-1.1059643813463793,1,validate
2.129658809407985,0.7635961328803627,2,validate
-1.2314820967349889,-0.9076776601405128,1,validate
-0.6358368728615504,-2.054907975688741,1,validate
0.35690516692751373,1.4575996571008958,2,validate
-0.45147049404358136,-1.063474369659408,1,validate
1.647469818653297,0.4095127021556009,2,validate
0.5412715457454828,-0.45445086881281777,1,validate
0.28599502122829484,0.6644527722774294,2,validate
-0.9052954265185821,-0.5111042177287797,1,validate
0.42781531262673256,0.29620600432367716,1,validate
-0.5507446980224878,-0.3836341826678654,1,validate
0.10162864241032579,-0.2844908220649321,1,validate
1.718379964352516,0.21122598094973433,2,validate
-0.04019164898811194,0.5086560627585343,2,validate
1.0376425656400148,-0.35530750820988444,2,validate
0.8532761868220458,-1.4033944631551794,1,validate
0.527089516605639,1.500089668787867,2,validate
-0.6358368728615504,-0.19951079869098928,1,validate
-0.6216548437217067,-0.6810642644766652,1,validate
1.0518245947798586,0.19706264372074386,2,validate
-0.1678299112467059,-1.1342910558043604,1,validate
-0.25292208608576855,-0.07204076363007506,1,validate
0.7681840119829831,2.250746541924362,2,validate
-0.6358368728615504,-0.9784943462854652,1,validate
-0.1252838238271746,-1.4458844748421507,1,validate
-1.1322078927560826,0.38118602769762,1,validate
1.1936448861782962,0.12624595757579152,2,validate
1.1227347404790775,1.2876396103530101,2,validate
-0.26710411522561234,-0.581920903873732,1,validate
0.6689098080040767,1.103516226376134,2,validate
1.9169283723103288,0.8627394934832959,2,validate
1.3638292358564217,0.5511460744455057,2,validate
-0.04019164898811194,1.0043728657732007,2,validate
1.6049237312337656,0.9193928423992579,2,validate
0.07326458413063824,1.1460062380631053,2,validate
0.2434489338087635,-1.6441711960480172,1,validate
-0.3805603483443625,-0.04371408917209412,1,validate
-1.2598461550146764,-0.36947084543887493,1,validate
0.8958222742415771,2.1374398440924383,2,validate
-0.42310643576389384,-0.4827775432707987,1,validate
1.6049237312337656,0.8202494817963245,2,validate
-1.415848475552958,-0.4402875315838273,1,validate
-0.45147049404358136,-1.3609044514682078,1,validate
-1.1889360093154575,-1.0493110324304176,1,validate
1.5765596729540783,0.5228193999875247,2,validate
-1.6143968835107707,-1.2900877653232554,1,validate
1.4489214106954842,0.6644527722774294,2,validate
0.39945125434704504,0.15457263203377247,2,validate
0.8107300994025144,0.4095127021556009,2,validate
0.7681840119829831,-0.22783747314897024,1,validate
0.7540019828431394,1.2451495986660386,2,validate
-0.5223806397428002,-0.18534746146199882,1,validate
0.39945125434704504,-0.18534746146199882,2,validate
0.8249121285423582,1.0610262146891625,2,validate
0.18672081724938844,-0.3269808337519035,2,validate
-0.33801426092483117,0.1828993064917534,2,validate
0.6121816914447016,0.4803293883005533,2,validate
-1.1322078927560826,0.9477195168572388,1,validate
0.5838176331650141,0.06959260865982964,2,validate
-0.06855570726779948,-0.4827775432707987,1,validate
1.5623776438142345,1.046862877460172,2,validate
-0.11110179468733081,-1.460047812071141,1,validate
0.30017705036813863,0.5369827372165151,1,validate
-0.4372884649037376,0.9052295051702673,2,validate
1.1652808278986089,-0.2844908220649321,2,validate
-0.3805603483443625,-0.9218409973695033,1,validate
-2.493682690181085,-0.5252675549577701,1,validate
0.8958222742415771,0.7352694584223818,2,validate
-0.8911133973787383,-0.05787742640108459,1,validate
1.0518245947798586,1.2451495986660386,2,validate
-0.46565252318342515,-0.45445086881281777,2,validate
0.8532761868220458,0.8769028307122865,2,validate
-0.5932907854420191,-2.0124179640017696,1,validate
-1.7420351457693648,-0.610247578331713,1,validate
0.1441747298298571,0.1828993064917534,2,validate
1.8460182266111098,0.8060861445673341,2,validate
1.8602002557509536,0.5653094116744961,2,validate
0.5129074874657952,1.0326995402311816,2,validate
-1.2031180384553013,-0.7093909389346462,1,validate
-2.295134282223272,-1.3042511025522459,1,validate
0.6830918371439205,0.8769028307122865,2,validate
0.7681840119829831,0.012939259743867759,2,validate
-0.7918391933998319,-0.2986541592939226,1,validate
0.49872545832595144,1.3867829709559434,2,validate
1.0518245947798586,1.3867829709559434,2,validate
-1.1180258636162388,0.5653094116744961,1,validate
-0.8627493390990508,-1.785804568337922,1,validate
-0.9620235430779572,0.22538931817872482,1,validate
-0.5223806397428002,0.19706264372074386,1,validate
0.7681840119829831,0.5228193999875247,2,validate
-1.2031180384553013,-1.2192710791783032,1,validate
0.7398199537032956,0.6927794467354104,2,validate
-1.4867586212521768,0.49449272552954376,1,validate
-2.0114936994263966,-1.0776377068883984,1,validate
1.0801886530595461,-0.36947084543887493,2,validate
-0.9052954265185821,-0.35530750820988444,1,validate
0.31435907950798236,1.1460062380631053,2,validate
0.8674582159618895,1.1743329125210864,2,validate
-1.3307563007138954,-0.25616414760695116,1,validate
-2.3376803696428032,-0.3128174965229131,1,validate
-1.472576592112333,-1.3609044514682078,1,validate
0.42781531262673256,0.3670226904686295,2,validate
1.20782691531814,0.26787932986569624,2,validate
-0.4372884649037376,-1.3750677886971983,1,validate
1.023460536500171,0.6927794467354104,2,validate
-1.5293047086717082,-0.17118412423300836,1,validate
-0.35219629006467496,1.046862877460172,2,validate
0.44199734176657635,0.15457263203377247,1,validate
0.0023544384314193763,1.315966284810991,2,validate
1.9311104014501725,0.09791928311781058,2,validate
2.087112721988454,1.500089668787867,2,validate
-0.06855570726779948,-1.0493110324304176,1,validate
2.5409376544634545,1.4717629943298862,2,validate
0.28599502122829484,-0.2986541592939226,1,validate
1.3638292358564217,1.1601695752920957,2,validate
1.1794628570384524,0.3245326787816581,2,validate
2.4983915670439236,1.7550297389096956,2,validate
1.0518245947798586,1.4717629943298862,2,validate
-0.30965020264514365,-1.4458844748421507,1,validate
-0.2103759986662372,-1.3892311259261887,1,validate
-0.5223806397428002,-0.9643310090564747,1,validate
0.12999270069001334,-0.2986541592939226,1,validate
0.27181299208845106,1.4575996571008958,2,validate
0.5129074874657952,0.6927794467354104,2,validate
0.6405457497243892,1.9249897856575813,2,validate
-0.18201194038654966,0.4661660510715628,2,validate
1.1085527113392337,0.09791928311781058,2,validate
-0.40892440662405005,-0.3836341826678654,1,validate
-1.7703992040490522,-1.2192710791783032,1,validate
1.0376425656400148,0.6644527722774294,2,validate
-1.8554913788881149,0.25371599263670574,1,validate
1.775108080911891,-0.9360043345984937,2,validate
0.7681840119829831,1.2168229242080577,2,validate
-0.6074728145818629,-2.3098480458105692,1,validate
-1.1180258636162388,-1.063474369659408,1,validate
0.27181299208845106,-1.545027835445084,1,validate
1.023460536500171,2.8031166938549905,2,validate
-1.6143968835107707,-1.8141312427959029,1,validate
-0.848567309959207,0.352859353239639,1,validate
-1.3165742715740516,-0.4827775432707987,1,validate
0.9383683616611084,0.5369827372165151,2,validate
0.711455895423608,0.8202494817963245,2,validate
0.48454342918610765,0.31036934155266765,2,validate
-0.224558027806081,0.43783937661358185,2,validate
0.37108719606735746,0.7494327956513722,2,validate
-0.2103759986662372,-0.5394308921867605,1,validate
0.8816402451017333,1.5709063549328195,2,validate
0.8816402451017333,0.9760461913152197,2,validate
-0.36637831920451874,-0.19951079869098928,1,validate
-0.7351110768404568,-0.4402875315838273,1,validate
-1.5151226795318644,-1.0918010441173889,1,validate
-0.7351110768404568,-0.6952276017056558,1,validate
0.08744661327048202,-0.8226976367665699,1,validate
-0.33801426092483117,-1.3609044514682078,1,validate
-1.217300067595145,-1.488374486529122,1,validate
-1.2314820967349889,-0.8651876484535413,1,validate
-0.5649267271623315,-0.5677575666447415,1,validate
2.030384605429079,1.1601695752920957,2,validate
0.27181299208845106,-1.2051077419493126,1,validate
-1.217300067595145,-1.516701160987103,2,validate
1.335465177576734,1.1318429008341149,2,validate
0.48454342918610765,-0.581920903873732,2,validate
-0.9052954265185821,-2.1682146735206644,1,validate
-0.8202032516795195,-0.9643310090564747,1,validate
0.6263637205845454,-0.5394308921867605,1,validate
-2.3093163113631157,-1.1767810674913317,1,validate
-0.8060212225396757,-1.0918010441173889,1,validate
0.711455895423608,0.29620600432367716,2,validate
0.45617937090642013,1.4151096454139243,2,validate
-0.06855570726779948,-0.9360043345984937,1,validate
-0.1678299112467059,0.3386960160106486,2,validate
0.7681840119829831,1.0326995402311816,2,validate
-0.36637831920451874,-0.6385742527896938,1,validate
0.45617937090642013,1.5142530060168575,2,validate
-1.4867586212521768,-2.125724661833693,1,validate
-0.25292208608576855,1.1743329125210864,2,validate
-1.7562171749092086,-0.25616414760695116,1,validate
-0.3238322317849874,-0.5960842411027225,2,validate
0.5838176331650141,-0.8935143229115223,2,validate
0.05908255499079447,0.39534936492661044,1,validate
0.28599502122829484,1.0185362030021912,2,validate
1.09437068219939,1.9391531228865717,2,validate
1.8885643140306412,1.0610262146891625,2,validate
-0.5932907854420191,-0.5111042177287797,1,validate
-2.0682218159857717,-0.341144170980894,1,validate
0.03071849671110692,-1.4458844748421507,1,validate
1.6049237312337656,-0.27032748483594166,2,validate
-0.19619396952639345,1.0326995402311816,2,validate
0.9383683616611084,0.027102596972858228,2,validate
-0.42310643576389384,0.3386960160106486,2,validate
-1.3733023881334265,-0.5535942294157511,1,validate
2.1863869259673603,-0.6810642644766652,2,validate
0.2009028463892322,-1.3750677886971983,1,validate
-1.103843834476395,-2.239031359665617,1,validate
1.9452924305900163,1.4575996571008958,2,validate
0.7256379245634518,1.1601695752920957,2,validate
-0.33801426092483117,-0.22783747314897024,1,validate
-0.30965020264514365,0.15457263203377247,1,validate
0.6689098080040767,-0.1428574497750274,2,validate
-0.7492931059803006,-0.6952276017056558,1,validate
-0.8627493390990508,-0.9360043345984937,1,validate
1.590741702093922,1.2309862614370481,2,validate
0.18672081724938844,1.3301296220399814,2,validate
-0.8060212225396757,-1.7149878821929696,1,validate
-1.0187516596373323,-0.08620410085906553,1,validate
1.0376425656400148,0.352859353239639,2,validate
0.8532761868220458,0.31036934155266765,2,validate
-0.8202032516795195,-3.1171582678630263,1,validate
0.48454342918610765,0.08375594588882011,2,validate
0.5838176331650141,1.4575996571008958,2,validate
-0.15364788210686212,-1.6158445215900363,1,validate
0.41363328348688877,-0.7660442878506081,1,validate
-1.032933688777176,-1.5591911726740744,1,validate
0.1583567589697009,-1.1201277185753697,1,validate
0.25763096294860727,-0.7802076250795986,1,validate
-0.08273773640764326,-1.9274379406278266,1,validate
-0.02600961984826817,-0.8085342995375795,1,validate
-0.9194774556584259,-3.1171582678630263,1,validate
0.49872545832595144,1.2593129358950292,2,validate
-1.032933688777176,-0.5677575666447415,1,validate
0.5129074874657952,1.6983763899937336,2,validate
0.2009028463892322,0.16873596926276294,2,validate
1.5481956146743907,0.8769028307122865,2,validate
1.4063753232759528,0.9052295051702673,2,validate
-0.8627493390990508,-0.6244109155607034,1,validate
-0.08273773640764326,-1.5733545099030648,1,validate
0.01653646757126315,-0.4402875315838273,1,validate
-0.15364788210686212,-1.460047812071141,1,validate
0.527089516605639,0.23955265540771528,2,validate
-0.39474237748420626,2.378216576985276,2,validate
-1.1322078927560826,-1.5591911726740744,1,validate
-1.1889360093154575,-0.8510243112245509,1,validate
-1.9689476120068652,1.1601695752920957,1,validate
-0.6783829602810817,-0.04371408917209412,1,validate
-1.9831296411467088,-0.12869411254603694,1,validate
1.4205573524157966,0.49449272552954376,2,validate
-0.5649267271623315,1.3018029475820005,2,validate
0.215084875529076,0.3386960160106486,1,validate
0.11581067155016957,-1.1626177302623413,1,validate
1.5056495272548593,0.7635961328803627,2,validate
1.8743822848907974,-0.5111042177287797,2,validate
-0.8060212225396757,-0.7802076250795986,1,validate
0.8249121285423582,0.5228193999875247,2,validate
0.9241863325212646,0.43783937661358185,2,validate
0.6405457497243892,0.9760461913152197,2,validate
-1.7703992040490522,-0.8651876484535413,1,validate
-1.841309349748271,-0.45445086881281777,1,validate
1.151098798758765,1.7833564133676765,2,validate
0.32854110864782615,-0.02955075194310365,2,validate
-0.45147049404358136,-1.0351476952014271,1,validate
-0.9336594847982697,-0.3836341826678654,1,validate
0.32854110864782615,1.2876396103530101,2,validate
-1.1889360093154575,0.15457263203377247,1,validate
0.5412715457454828,0.6786161095064198,2,validate
1.7609260517720473,0.39534936492661044,2,validate
-0.7634751351201444,-0.100367438088056,1,validate
-1.7136710874896772,-0.4969408804997892,1,validate
1.335465177576734,1.6558863783067623,2,validate
-1.4583945629724893,-0.1570207870040179,1,validate
-1.6285789126506145,-0.7660442878506081,1,validate
-0.5932907854420191,-1.0209843579724365,1,validate
-1.1180258636162388,0.06959260865982964,1,validate
0.8674582159618895,0.7352694584223818,2,validate
0.711455895423608,1.7833564133676765,2,validate
1.151098798758765,1.0610262146891625,2,validate
0.45617937090642013,0.15457263203377247,2,validate
0.7823660411228269,1.9391531228865717,2,validate
0.6121816914447016,1.2451495986660386,2,validate
0.34272313778766994,1.4859263315588767,2,validate
0.9525503908009522,0.4661660510715628,2,validate
2.5976657710228297,0.26787932986569624,2,validate
1.0801886530595461,0.7494327956513722,2,validate
-0.6358368728615504,-0.45445086881281777,1,validate
-1.1747539801756137,-0.9360043345984937,1,validate
-1.1180258636162388,-1.1342910558043604,1,validate
1.4489214106954842,0.9760461913152197,2,validate
-1.5718507960912393,-1.6583345332770076,1,test
-0.13946585296701836,-1.1342910558043604,1,test
-0.36637831920451874,-0.4969408804997892,1,test
-0.30965020264514365,2.2365832046953718,2,test
-1.415848475552958,-0.5252675549577701,1,test
-0.5932907854420191,-0.18534746146199882,1,test
-0.1678299112467059,0.7352694584223818,2,test
-1.3874844172732703,-0.08620410085906553,1,test
0.38526922520720125,0.4095127021556009,2,test
-1.0045696304974885,-1.1484543930333508,1,test
0.48454342918610765,-0.0012240774851227116,2,test
-0.5507446980224878,0.26787932986569624,1,test
1.20782691531814,-0.2844908220649321,2,test
0.8532761868220458,-0.1570207870040179,2,test
-0.36637831920451874,-0.08620410085906553,2,test
2.399117363065017,0.8344128190253151,2,test
0.2434489338087635,-0.5394308921867605,1,test
1.1085527113392337,1.2876396103530101,2,test
0.0023544384314193763,-1.4458844748421507,1,test
1.0092785073603272,0.0412659342018487,2,test
-0.8627493390990508,-1.0209843579724365,1,test
1.4063753232759528,-0.610247578331713,2,test
-1.727853116629521,-0.05787742640108459,1,test
-0.19619396952639345,-0.36947084543887493,1,test
0.38526922520720125,-0.3128174965229131,1,test
1.590741702093922,-1.4458844748421507,1,test
-0.4798345523232689,1.4009463081849338,2,test
-0.09691976554748703,-0.6810642644766652,1,test
1.20782691531814,1.1743329125210864,2,test
-0.7918391933998319,-1.3750677886971983,1,test
0.9525503908009522,1.2309862614370481,2,test
0.32854110864782615,-0.1570207870040179,2,test
0.07326458413063824,1.0185362030021912,2,test
1.0092785073603272,1.0326995402311816,2,test
-0.36637831920451874,-0.7660442878506081,1,test
0.839094157682202,1.8824997739706097,2,test
-1.103843834476395,-0.21367413591997977,1,test
-1.7136710874896772,0.12624595757579152,1,test
1.09437068219939,0.9760461913152197,2,test
0.22926690466891975,-1.2192710791783032,1,test
-1.4442125338326455,-0.6669009272476748,1,test
0.25763096294860727,-0.36947084543887493,1,test
-1.3307563007138954,1.1601695752920957,1,test
-0.2103759986662372,1.2876396103530101,2,test
-1.7136710874896772,-1.2051077419493126,1,test
-0.7918391933998319,0.26787932986569624,1,test
-0.30965020264514365,0.7352694584223818,2,test
-0.13946585296701836,1.315966284810991,2,test
-0.976205572217801,-1.006821020743446,1,test
-0.35219629006467496,-0.341144170980894,1,test
1.0376425656400148,-0.05787742640108459,2,test
-0.8627493390990508,-0.42612419435483684,1,test
-0.8911133973787383,0.027102596972858228,1,test
-1.5151226795318644,-0.9501676718274842,1,test
0.839094157682202,0.6077994233614675,2,test
0.6405457497243892,1.1176795636051244,2,test
1.3638292358564217,0.08375594588882011,2,test
1.3071011192970465,1.075189551918153,2,test
-0.25292208608576855,1.0185362030021912,2,test
0.1441747298298571,1.4575996571008958,2,test
1.0092785073603272,1.8541730995126289,2,test
-0.04019164898811194,0.4661660510715628,2,test
-0.5932907854420191,-0.3269808337519035,1,test
-0.9052954265185821,-0.45445086881281777,1,test
0.9100043033814209,1.9533164601155621,2,test
-0.6642009311412379,-1.5733545099030648,1,test
-0.6783829602810817,-0.0012240774851227116,1,test
1.4205573524157966,-0.21367413591997977,2,test
-0.7918391933998319,-0.9643310090564747,1,test
2.413299392204861,0.4236760393845914,2,test
0.966732419940796,2.463196600359219,2,test
-0.848567309959207,-0.5252675549577701,1,test
0.1441747298298571,0.9335561796282483,2,test
-0.7634751351201444,-2.02658130123076,1,test
0.5838176331650141,1.3867829709559434,2,test
-1.3165742715740516,-0.015387414714113182,1,test
0.30017705036813863,0.3245326787816581,2,test
0.839094157682202,1.2451495986660386,2,test
-0.4372884649037376,-0.07204076363007506,2,test
0.711455895423608,0.621962760590458,2,test
-0.7067470185607693,-1.1201277185753697,1,test
-0.848567309959207,0.9618828540862293,1,test
-1.3165742715740516,-0.4686142060418082,1,test
1.3071011192970465,0.7635961328803627,2,test
-1.6427609417904583,-0.2844908220649321,1,test
-0.9478415139381134,-0.7802076250795986,1,test
-0.4798345523232689,-1.72915121942196,1,test
-1.16057195103577,-1.3184144397812365,1,test
0.6972738662837643,0.8485761562543055,2,test
-0.02600961984826817,0.9618828540862293,2,test
-0.19619396952639345,-1.3609044514682078,1,test
0.7540019828431394,0.9052295051702673,2,test
-1.2314820967349889,-0.5960842411027225,1,test
0.6830918371439205,-0.3128174965229131,2,test
1.3638292358564217,0.08375594588882011,2,test
-0.36637831920451874,0.05542927143083917,1,test
-1.288210213294364,-1.5875178471320555,1,test
0.31435907950798236,-1.4175578003841698,1,test
1.5198315563947031,1.528416343245848,2,test
-0.6216548437217067,0.8344128190253151,2,test
-0.2103759986662372,1.500089668787867,2,test
0.2434489338087635,-0.7660442878506081,1,test
1.023460536500171,0.9335561796282483,2,test
-0.6783829602810817,-0.7518809506216176,1,test
-1.5151226795318644,-0.1570207870040179,1,test
-1.0045696304974885,-1.488374486529122,1,test
-0.05437367812795572,-0.5394308921867605,1,test
-1.3165742715740516,-0.9784943462854652,1,test
0.41363328348688877,0.4236760393845914,2,test
-0.6500189020013942,0.22538931817872482,1,test
-0.848567309959207,0.28204266709468667,1,test
1.1794628570384524,1.825846425054648,2,test
-0.9052954265185821,-0.8085342995375795,1,test
0.5838176331650141,1.0326995402311816,2,test
1.1652808278986089,1.6700497155357528,2,test
1.1936448861782962,-0.7235542761636367,2,test
0.9100043033814209,1.6275597038487815,2,test
-1.6427609417904583,-1.0209843579724365,1,test
-0.28128614436545607,-2.1682146735206644,1,test
0.31435907950798236,0.39534936492661044,2,test
-2.961689651795929,1.0043728657732007,1,test
0.044900525850950695,-0.9076776601405128,1,test
-1.5576687669513956,-1.0918010441173889,1,test
-0.3238322317849874,2.3923799142142665,2,test
-0.6642009311412379,1.0185362030021912,1,test
0.22926690466891975,0.7069427839644008,2,test
2.2431150425267354,0.38118602769762,2,test
1.4772854689751718,0.9902095285442102,2,test
-0.1678299112467059,-0.42612419435483684,1,test
-0.02600961984826817,-0.18534746146199882,1,test
0.8249121285423582,-0.7518809506216176,2,test
-1.4300305046928017,-0.3836341826678654,1,test
1.8176541683314222,0.6361260978194484,2,test
-1.5151226795318644,-1.6158445215900363,1,test
-0.46565252318342515,0.22538931817872482,1,test
0.215084875529076,1.046862877460172,2,test
0.8674582159618895,1.0610262146891625,2,test
-0.7634751351201444,-0.27032748483594166,1,test
-0.33801426092483117,-0.8226976367665699,1,test
-0.42310643576389384,1.2876396103530101,2,test
0.5838176331650141,1.0185362030021912,2,test
-1.0045696304974885,0.4236760393845914,1,test
1.335465177576734,0.7211061211933912,2,test
-1.0045696304974885,-0.19951079869098928,1,test
0.9383683616611084,0.352859353239639,2,test
-1.3733023881334265,-1.9699279523147981,1,test
0.5554535748853265,0.5086560627585343,2,test
1.8176541683314222,0.05542927143083917,2,test
0.9383683616611084,0.9477195168572388,2,test
-0.6358368728615504,-1.8991112661698457,1,test
-1.7703992040490522,-0.9784943462854652,1,test
0.6405457497243892,1.372619633726953,2,test
-1.2314820967349889,-0.22783747314897024,1,test
-0.8202032516795195,-0.8935143229115223,1,test
0.47036140004626387,-1.0776377068883984,2,test
-0.7067470185607693,-1.8424579172538837,1,test
1.1369167696189213,-0.3269808337519035,2,test
1.1936448861782962,1.0043728657732007,2,test
0.8674582159618895,0.11208262034680105,2,test
-0.36637831920451874,-2.1823780107496553,1,test
0.0023544384314193763,-2.0973979873757123,1,test
0.044900525850950695,1.075189551918153,2,test
-0.36637831920451874,0.25371599263670574,1,test
-1.1180258636162388,-0.7943709623085891,1,test
-1.103843834476395,-0.27032748483594166,1,test
-0.8060212225396757,0.9902095285442102,1,test
0.32854110864782615,1.3018029475820005,2,test
0.6121816914447016,1.1318429008341149,2,test
0.48454342918610765,0.5228193999875247,2,test
-1.1322078927560826,-0.5252675549577701,1,test
-0.5223806397428002,0.14040929480478198,2,test
0.9383683616611084,1.2451495986660386,2,test
-1.8129452914685835,0.5369827372165151,1,test
0.0023544384314193763,-0.5252675549577701,1,test
-1.3733023881334265,-0.6244109155607034,1,test
0.1583567589697009,0.8769028307122865,2,test
-0.8769313682388945,-0.9643310090564747,1,test
-0.8060212225396757,-0.02955075194310365,1,test
-1.3449383298537392,-1.5308644982160935,1,test
-0.1678299112467059,-0.25616414760695116,1,test
-0.35219629006467496,-0.8368609739955605,1,test
-0.3238322317849874,0.08375594588882011,2,test
0.7823660411228269,0.7494327956513722,2,test
0.6405457497243892,1.5992330293908004,2,test
0.6263637205845454,0.09791928311781058,2,test
0.7256379245634518,1.3301296220399814,2,test
0.03071849671110692,1.6842130527647432,2,test
0.9241863325212646,1.2734762731240197,2,test
-0.8060212225396757,-0.3128174965229131,1,test
-0.5649267271623315,-0.7518809506216176,1,test
-1.7703992040490522,-0.08620410085906553,1,test
-0.06855570726779948,0.4236760393845914,2,test
0.37108719606735746,0.9902095285442102,2,test
1.8743822848907974,1.641723041077772,2,test
-0.6074728145818629,-0.5535942294157511,1,test
-0.8911133973787383,-0.11453077531704647,1,test
0.9383683616611084,0.25371599263670574,2,test
1.2503730027376714,-0.18534746146199882,2,test
0.05908255499079447,-1.4175578003841698,1,test
-0.6642009311412379,-1.1767810674913317,1,test
-0.7351110768404568,-0.5111042177287797,1,test
1.6900159060728284,1.075189551918153,2,test
-0.8060212225396757,-1.516701160987103,1,test
-0.5223806397428002,-0.8368609739955605,1,test
1.2645550318775152,-0.1428574497750274,2,test
0.28599502122829484,1.500089668787867,2,test
-0.6216548437217067,-0.35530750820988444,1,test
0.9950964782204835,-0.5394308921867605,2,test
-0.6500189020013942,-0.9643310090564747,1,test
-0.8202032516795195,-0.42612419435483684,1,test
-0.6358368728615504,-0.6385742527896938,1,test
0.37108719606735746,-0.4402875315838273,2,test
-0.5649267271623315,-0.5960842411027225,1,test
2.4416634504845485,0.027102596972858228,2,test
2.3565712756454857,0.12624595757579152,2,test
-0.25292208608576855,0.5086560627585343,2,test
-1.0045696304974885,-1.0493110324304176,1,test
0.42781531262673256,-0.8935143229115223,1,test
0.10162864241032579,0.3670226904686295,2,test
-1.1889360093154575,-0.341144170980894,1,test
1.3638292358564217,-0.100367438088056,2,test
-1.8271273206084273,-1.1909444047203221,1,test
0.044900525850950695,-0.17118412423300836,1,test
-0.08273773640764326,-2.1682146735206644,1,test
-0.6500189020013942,1.4859263315588767,2,test
-0.33801426092483117,-0.015387414714113182,1,test
-1.600214854370927,-2.2815213713525884,1,test
-1.5576687669513956,-0.12869411254603694,1,test
0.5129074874657952,1.4151096454139243,2,test
0.41363328348688877,1.0185362030021912,2,test
1.349647206716578,0.8910661679412769,2,test
0.37108719606735746,1.1884962497500768,2,test
-1.3874844172732703,-1.1201277185753697,1,test
-0.5649267271623315,-0.1428574497750274,1,test
0.5412715457454828,-0.4969408804997892,2,test
0.7398199537032956,1.7833564133676765,2,test
0.7681840119829831,0.9335561796282483,2,test
0.711455895423608,0.49449272552954376,2,test
-0.06855570726779948,0.25371599263670574,2,test
1.534013585534547,0.8910661679412769,2,test
1.6758338769329846,1.1460062380631053,2,test
-0.19619396952639345,-0.2986541592939226,1,test
1.6758338769329846,1.6983763899937336,2,test
-0.7634751351201444,-0.6669009272476748,1,test
-0.8202032516795195,-0.9076776601405128,1,test
0.44199734176657635,0.8910661679412769,1,test
2.5125735961837674,-0.2986541592939226,2,test
0.6972738662837643,1.3867829709559434,2,test
1.1936448861782962,0.9477195168572388,2,test
-1.0754797761967074,-1.1484543930333508,1,test
-1.3449383298537392,-0.6669009272476748,1,test
-0.40892440662405005,-0.7660442878506081,1,test
1.7041979352126722,0.16873596926276294,2,test
-0.33801426092483117,0.8202494817963245,1,test
-1.2598461550146764,-0.12869411254603694,1,test
1.278737061017359,1.075189551918153,2,test
-0.6925649894209255,-1.2617610908652745,1,test
-0.05437367812795572,0.4236760393845914,1,test
-1.9831296411467088,0.012939259743867759,1,test
-1.3874844172732703,-0.02955075194310365,1,test
-0.39474237748420626,-0.21367413591997977,1,test
-0.6216548437217067,-0.7943709623085891,1,test
-1.3733023881334265,-0.1428574497750274,1,test
-0.5081986106029565,-1.1909444047203221,1,test
-0.1678299112467059,-0.08620410085906553,2,test
-0.5791087563021753,-0.4686142060418082,1,test
0.7256379245634518,0.5511460744455057,2,test
-1.3874844172732703,-0.5111042177287797,1,test
-0.13946585296701836,-1.3184144397812365,1,test
0.39945125434704504,0.7777594701093531,2,test
0.44199734176657635,-0.4969408804997892,1,test
1.5481956146743907,1.3867829709559434,2,test
-1.3591203589935827,-0.4969408804997892,1,test
0.27181299208845106,-0.21367413591997977,2,test
-0.8060212225396757,-0.5111042177287797,1,test
1.151098798758765,0.09791928311781058,2,test
-0.25292208608576855,0.15457263203377247,1,test
-1.1180258636162388,-0.9643310090564747,1,test
1.392193294136109,-0.5677575666447415,2,test
-0.5081986106029565,-1.7716412311089316,1,test
1.8460182266111098,1.641723041077772,2,test
-2.366044427922491,-0.9218409973695033,1,test
1.5765596729540783,1.500089668787867,2,test
0.34272313778766994,0.28204266709468667,2,test
1.7325619934923597,-0.2844908220649321,2,test
-0.4798345523232689,0.08375594588882011,1,test
0.9241863325212646,-1.1767810674913317,1,test
-0.15364788210686212,0.650289435048439,1,test
-0.848567309959207,0.28204266709468667,2,test
-1.16057195103577,0.4095127021556009,1,test
-0.18201194038654966,0.7352694584223818,2,test
1.2361909735978276,0.352859353239639,2,test
0.10162864241032579,-2.0124179640017696,1,test
-1.3307563007138954,-1.063474369659408,1,test
0.1583567589697009,0.8202494817963245,1,test
-1.727853116629521,-0.7660442878506081,1,test
0.5838176331650141,0.5228193999875247,2,test
1.09437068219939,0.9193928423992579,2,test
-1.0612977470568636,-0.27032748483594166,1,test
0.25763096294860727,0.8344128190253151,2,test
-0.33801426092483117,-0.3269808337519035,1,test
0.31435907950798236,0.6786161095064198,2,test
0.17253878810954465,0.21122598094973433,2,test
0.6405457497243892,0.39534936492661044,2,test
-0.7209290477006131,0.12624595757579152,1,test
1.2929190901572027,1.3442929592689719,2,test
0.17253878810954465,1.6558863783067623,2,test
-0.49401658146311267,-0.39779751989685586,1,test
1.1652808278986089,-0.610247578331713,1,test
-2.1958600782443654,-0.1428574497750274,1,test
0.1441747298298571,0.012939259743867759,2,test
1.7609260517720473,0.29620600432367716,2,test
-1.0896618053365512,-0.7943709623085891,1,test
0.5696356040251703,1.4859263315588767,2,test
-0.7634751351201444,1.0326995402311816,1,test
-0.33801426092483117,0.4236760393845914,2,test
-0.28128614436545607,-0.3128174965229131,1,test
-0.23874005694592476,-0.7235542761636367,1,test
-0.30965020264514365,0.6361260978194484,2,test
0.9809144490806397,1.2451495986660386,2,test
0.05908255499079447,-0.2844908220649321,1,test
-0.9194774556584259,-0.9218409973695033,1,test
-1.2031180384553013,-0.08620410085906553,1,test
-1.2031180384553013,0.39534936492661044,1,test
-0.7776571642599881,-0.7518809506216176,1,test
-0.6642009311412379,-0.8793509856825319,1,test
-0.5932907854420191,-1.601681184361046,1,test
-0.6358368728615504,0.06959260865982964,1,test
2.044566634568923,0.8060861445673341,2,test
-1.4442125338326455,-1.1484543930333508,1,test
1.5481956146743907,1.2734762731240197,2,test
-1.1747539801756137,-0.41196085712584635,1,test
-0.28128614436545607,0.0412659342018487,1,test
-0.5223806397428002,-0.4686142060418082,1,test
0.2009028463892322,0.4236760393845914,2,test
-0.6642009311412379,-1.4317211376131602,1,test
0.654727778864233,0.8769028307122865,2,test
-0.39474237748420626,-1.7433145566509505,1,test
1.4914674981150156,1.1743329125210864,2,test
1.2929190901572027,0.08375594588882011,2,test
-1.4442125338326455,0.39534936492661044,1,test
-0.11110179468733081,-0.19951079869098928,2,test
-0.7776571642599881,-0.5960842411027225,1,test
1.2361909735978276,0.9760461913152197,2,test
0.6121816914447016,1.5992330293908004,2,test
1.6332877895134532,0.45200271384257235,2,test
0.10162864241032579,-0.7235542761636367,1,test
-0.8627493390990508,-0.2420008103779607,1,test
0.38526922520720125,1.2026595869790673,2,test
-0.04019164898811194,0.3386960160106486,1,test
0.35690516692751373,0.38118602769762,2,test
-1.217300067595145,-0.2420008103779607,1,test
-0.3805603483443625,0.650289435048439,2,test
-0.19619396952639345,-1.3609044514682078,1,test
1.5056495272548593,0.5228193999875247,2,test
-1.2598461550146764,-0.6952276017056558,1,test
1.7041979352126722,1.7267030644517147,2,test
-0.02600961984826817,-1.460047812071141,1,test
-1.6994890583498334,-0.2844908220649321,1,test
-0.7776571642599881,-0.8368609739955605,1,test
-0.7776571642599881,-1.3042511025522459,1,test
0.35690516692751373,0.650289435048439,2,test
-1.0187516596373323,0.05542927143083917,1,test
-0.1678299112467059,-1.3042511025522459,1,test
1.5765596729540783,0.4661660510715628,2,test
-0.7918391933998319,-1.1059643813463793,1,test
0.5412715457454828,1.500089668787867,2,test
0.17253878810954465,0.06959260865982964,1,test
-0.09691976554748703,-1.545027835445084,1,test
1.0518245947798586,1.372619633726953,2,test
0.8249121285423582,0.6361260978194484,2,test
0.5412715457454828,1.5709063549328195,2,test
-0.40892440662405005,-0.3836341826678654,1,test
1.5765596729540783,0.6077994233614675,2,test
1.8034721391915784,-0.19951079869098928,2,test
0.01653646757126315,-0.610247578331713,1,test
0.34272313778766994,0.14040929480478198,2,test
-0.26710411522561234,-0.0012240774851227116,1,test
-0.4798345523232689,-1.460047812071141,1,test
0.966732419940796,0.6927794467354104,2,test
-0.1252838238271746,-0.11453077531704647,1,test
1.4489214106954842,-0.6527375900186844,1,test
-1.3307563007138954,-2.2531946968946075,1,test
2.115476780268142,0.6927794467354104,2,test
0.839094157682202,0.39534936492661044,2,test
2.200568955107204,-0.05787742640108459,2,test
1.0801886530595461,0.9193928423992579,2,test
1.0801886530595461,2.4348699259012383,2,test
1.463103439835328,0.6077994233614675,2,test
-0.04019164898811194,-1.4175578003841698,1,test
-1.3449383298537392,-0.5394308921867605,1,test
-0.33801426092483117,-0.35530750820988444,1,test
-0.13946585296701836,-0.1428574497750274,2,test
0.48454342918610765,0.15457263203377247,2,test
-1.0471157179170199,-0.2420008103779607,1,test
-0.29546817350529986,1.500089668787867,1,test
0.47036140004626387,0.19706264372074386,1,test
1.1227347404790775,1.3018029475820005,2,test
1.0801886530595461,-1.4742111493001315,1,test
1.20782691531814,-1.1767810674913317,2,test
-1.2740281841545202,-1.1059643813463793,1,test
1.8885643140306412,-0.19951079869098928,2,test
0.7681840119829831,0.28204266709468667,2,test
-1.288210213294364,0.11208262034680105,1,test
0.9100043033814209,0.43783937661358185,2,test
-1.288210213294364,-0.6952276017056558,1,test
-0.3238322317849874,-0.4402875315838273,1,test
1.4347393815556404,-0.1570207870040179,2,test
0.1583567589697009,0.7635961328803627,2,test
0.27181299208845106,1.7267030644517147,2,test
0.6263637205845454,1.046862877460172,2,test
-1.1747539801756137,-1.8566212544828744,1,test
-1.1180258636162388,-1.8424579172538837,1,test
0.18672081724938844,-1.0351476952014271,1,test
-0.3805603483443625,1.075189551918153,2,test
-0.11110179468733081,1.0893528891471436,1,test
-0.7634751351201444,-0.07204076363007506,1,test
0.32854110864782615,0.21122598094973433,2,test
0.7965480702626707,-0.8085342995375795,1,test
-0.7776571642599881,-0.05787742640108459,1,test
1.590741702093922,1.103516226376134,2,test
-0.5507446980224878,1.103516226376134,2,test
-1.2598461550146764,-1.3042511025522459,1,test
-0.19619396952639345,0.7211061211933912,2,test
1.392193294136109,0.21122598094973433,2,test
0.7681840119829831,1.1318429008341149,2,test
-0.6642009311412379,0.6361260978194484,1,test
0.17253878810954465,-0.015387414714113182,2,test
-0.8769313682388945,-1.8141312427959029,1,test
-0.224558027806081,-2.5506247787034075,1,test
0.12999270069001334,1.0043728657732007,2,test
0.10162864241032579,0.7635961328803627,2,test
0.711455895423608,0.027102596972858228,2,test
0.5696356040251703,0.5794727489034865,1,test
0.5696356040251703,0.7919228073383436,2,test
-0.28128614436545607,-0.35530750820988444,2,test
-0.7351110768404568,0.09791928311781058,1,test
-0.4798345523232689,0.38118602769762,1,test
-0.7918391933998319,-0.9218409973695033,1,test
0.215084875529076,0.9193928423992579,2,test
-0.8343852808193633,-2.125724661833693,1,test
0.44199734176657635,0.23955265540771528,2,test
-1.1463899218959261,-1.2475977536362841,1,test
-0.6925649894209255,-1.332577777010227,1,test
-0.6500189020013942,-0.4827775432707987,1,test
-0.8769313682388945,-0.6952276017056558,1,test
-0.7776571642599881,-3.018014907260093,1,test
0.9100043033814209,0.8485761562543055,2,test
1.3212831484368903,1.4575996571008958,2,test
-0.8911133973787383,-1.8849479289408553,1,test
0.527089516605639,-0.04371408917209412,2,test
-2.1107679034053026,-0.7802076250795986,1,test
-0.25292208608576855,0.4236760393845914,2,test
-0.8343852808193633,-0.11453077531704647,1,test
-1.8271273206084273,-1.1909444047203221,1,test
0.8958222742415771,0.39534936492661044,2,test
-0.8627493390990508,-2.02658130123076,1,test
-1.0045696304974885,-0.5111042177287797,1,test
0.8249121285423582,0.15457263203377247,2,test
-1.7703992040490522,-0.4827775432707987,1,test
0.8816402451017333,0.0412659342018487,2,test
-1.784581233188896,-1.7008245449639792,1,test
-1.7420351457693648,0.39534936492661044,1,test
-1.103843834476395,-1.2617610908652745,1,test
0.35690516692751373,-0.18534746146199882,1,test
-0.33801426092483117,-0.015387414714113182,1,test
0.38526922520720125,1.1743329125210864,2,test
1.0518245947798586,0.4095127021556009,2,test
-1.7987632623287397,-1.1909444047203221,1,test
1.534013585534547,0.027102596972858228,2,test
-0.2103759986662372,2.3640532397562857,2,test
0.7823660411228269,-1.0776377068883984,2,test
2.399117363065017,0.7919228073383436,2,test
-1.2456641258748327,-1.5875178471320555,1,test
1.1936448861782962,2.2082565302373904,2,test
0.6405457497243892,0.6077994233614675,2,test
-0.8627493390990508,0.012939259743867759,1,test
-1.5293047086717082,-1.1342910558043604,1,test
1.902746343170485,1.8116830878256576,2,test
0.5554535748853265,1.4575996571008958,2,test
-0.4798345523232689,-0.9926576835144556,1,test
-0.6500189020013942,-0.19951079869098928,2,test
0.17253878810954465,1.528416343245848,2,test
-1.103843834476395,-0.7802076250795986,1,test
-0.15364788210686212,1.0610262146891625,2,test
-1.0612977470568636,-1.3467411142392174,1,test
0.32854110864782615,0.45200271384257235,1,test
1.5765596729540783,0.6077994233614675,2,test
0.839094157682202,0.650289435048439,2,test
-0.8627493390990508,0.05542927143083917,2,test
0.7823660411228269,1.2734762731240197,2,test
-1.0612977470568636,-0.6527375900186844,1,test
1.4205573524157966,0.650289435048439,2,test
-0.02600961984826817,-0.02955075194310365,1,test
-1.8838554371678025,-0.5111042177287797,1,test
0.6405457497243892,1.2451495986660386,2,test
-0.7209290477006131,-0.21367413591997977,1,test
1.4347393815556404,0.39534936492661044,2,test
-0.28128614436545607,-0.9218409973695033,1,test
-0.06855570726779948,-0.6527375900186844,1,test
1.278737061017359,2.1799298557794096,2,test
-1.3165742715740516,-1.5025378237581126,1,test
0.5129074874657952,0.9477195168572388,2,test
1.0801886530595461,0.39534936492661044,2,test
-1.8980374663076462,0.012939259743867759,1,test
1.09437068219939,-0.05787742640108459,1,test
0.9100043033814209,1.5425796804748386,2,test
2.0162025762892353,0.7494327956513722,2,test
0.49872545832595144,0.16873596926276294,2,test
0.6830918371439205,-0.02955075194310365,2,test
-0.4798345523232689,-0.7660442878506081,1,test
0.215084875529076,0.9052295051702673,2,test
0.0023544384314193763,-0.05787742640108459,2,test
1.8743822848907974,-0.08620410085906553,2,test
1.463103439835328,0.39534936492661044,2,test
-0.7918391933998319,1.0326995402311816,1,test
-0.5649267271623315,0.7494327956513722,2,test
1.8743822848907974,1.4434363198719053,2,test
0.32854110864782615,1.5425796804748386,2,test
0.7398199537032956,2.519849949275181,2,test
-1.7136710874896772,-0.42612419435483684,1,test
-0.26710411522561234,-1.2617610908652745,1,test
0.25763096294860727,-0.19951079869098928,1,test
-0.49401658146311267,-0.9076776601405128,1,test
0.9950964782204835,-0.100367438088056,2,test
0.12999270069001334,0.08375594588882011,2,test
0.9100043033814209,-2.4656447553294645,1,test
0.966732419940796,1.6700497155357528,2,test
0.5412715457454828,0.39534936492661044,2,test
-1.0612977470568636,-0.5960842411027225,1,test
-1.0754797761967074,-0.1428574497750274,1,test
-1.2031180384553013,-0.22783747314897024,1,test
0.839094157682202,1.9674797973445526,2,test
-0.40892440662405005,-1.0776377068883984,1,test
0.1441747298298571,0.26787932986569624,2,test
0.654727778864233,-0.4686142060418082,2,test
-0.40892440662405005,-1.1059643813463793,1,test
-0.7776571642599881,-0.6952276017056558,1,test
0.6689098080040767,-1.2192710791783032,1,test
-0.40892440662405005,-0.27032748483594166,1,test
-0.6783829602810817,-1.6441711960480172,1,test
0.28599502122829484,1.4434363198719053,2,test
-0.26710411522561234,-1.9557646150858077,1,test
0.35690516692751373,-0.04371408917209412,2,test
0.08744661327048202,0.593636086132477,1,test
0.17253878810954465,0.8627394934832959,2,test
-0.4798345523232689,0.12624595757579152,2,test
-0.9903876013576447,-1.1201277185753697,1,test
-0.33801426092483117,-0.0012240774851227116,2,test
-1.9405835537271776,0.4661660510715628,1,test
1.1794628570384524,0.05542927143083917,1,test
0.5838176331650141,0.31036934155266765,2,test
0.6405457497243892,-0.18534746146199882,2,test
0.9100043033814209,0.39534936492661044,2,test
0.08744661327048202,-1.0918010441173889,1,test
-0.28128614436545607,-0.2986541592939226,1,test
-1.5718507960912393,0.027102596972858228,1,test
1.4914674981150156,0.4095127021556009,2,test
-1.1889360093154575,0.4095127021556009,1,test
1.151098798758765,0.16873596926276294,2,test
0.9525503908009522,0.1828993064917534,2,test
-0.42310643576389384,-0.015387414714113182,1,test
0.711455895423608,0.9477195168572388,2,test
0.0023544384314193763,1.556743017703829,2,test
-2.0682218159857717,-0.8935143229115223,1,test
-0.46565252318342515,-1.0209843579724365,1,test
1.1227347404790775,0.3670226904686295,2,test
-1.401666446413114,0.3670226904686295,1,test
0.31435907950798236,-0.41196085712584635,1,test
-1.3591203589935827,-1.3892311259261887,1,test
-0.848567309959207,-0.6244109155607034,1,test
-0.4798345523232689,-0.610247578331713,1,test
0.7398199537032956,2.0524598207184956,2,test
1.647469818653297,1.2168229242080577,2,test
0.6405457497243892,0.16873596926276294,2,test
0.07326458413063824,0.1828993064917534,2,test
0.25763096294860727,0.5653094116744961,2,test
1.20782691531814,1.9674797973445526,2,test
-0.40892440662405005,-0.5111042177287797,1,test
-1.5293047086717082,-2.0124179640017696,1,test
-1.6711250000701459,0.28204266709468667,1,test
0.1441747298298571,0.6077994233614675,2,test
-1.7562171749092086,-0.6669009272476748,1,test
-1.0896618053365512,-0.9076776601405128,1,test
0.35690516692751373,-0.8651876484535413,2,test
-0.8627493390990508,-1.2334344164072937,1,test
-1.9264015245873338,-0.5960842411027225,1,test
0.839094157682202,0.25371599263670574,2,test
-0.4372884649037376,1.2876396103530101,2,test
-0.09691976554748703,-1.063474369659408,1,test
-0.2103759986662372,0.29620600432367716,1,test
0.10162864241032579,1.2734762731240197,2,test
0.966732419940796,1.5992330293908004,2,test
0.6405457497243892,1.4859263315588767,2,test
-1.2456641258748327,-0.1428574497750274,1,test
-0.19619396952639345,-0.8085342995375795,1,test
-0.39474237748420626,-1.006821020743446,1,test
0.47036140004626387,2.1940931930084,2,test
-1.7987632623287397,-0.7518809506216176,1,test
-0.6500189020013942,-1.0918010441173889,1,test
-0.976205572217801,-1.5591911726740744,1,test
0.6263637205845454,1.2026595869790673,2,test
0.1583567589697009,0.29620600432367716,1,test
-0.8627493390990508,-0.39779751989685586,1,test
-0.09691976554748703,0.12624595757579152,1,test
0.0023544384314193763,-0.9926576835144556,1,test
1.4063753232759528,1.2309862614370481,2,test
1.7467440226322035,1.641723041077772,2,test
0.5412715457454828,-0.07204076363007506,2,test
-0.09691976554748703,1.0185362030021912,2,test
0.654727778864233,0.5511460744455057,2,test
0.7823660411228269,0.26787932986569624,2,test
1.5765596729540783,0.8485761562543055,2,test
-0.8627493390990508,-1.488374486529122,1,test
-1.2031180384553013,-0.4827775432707987,1,test
